flight_date,origin,destination,pos,fare_class,passengers,price
2025-07-24,DOH,DXB,QA,F,4,6290.34
2025-07-24,DOH,DXB,FR,J,3,3448.79
2025-07-24,DOH,DXB,AE,J,3,3418.55
2025-07-24,DOH,CDG,AE,J,3,2606.2
2025-07-24,DOH,JFK,QA,J,2,3226.95
2025-07-24,DOH,LHR,FR,F,4,4548.64
2025-07-24,DOH,DXB,FR,W,1,1033.2
2025-07-24,DOH,CDG,US,F,6,6104.54
2025-07-24,DOH,CDG,AE,J,2,2726.01
2025-07-24,DOH,JFK,UK,F,3,5728.15
2025-07-24,DOH,CDG,FR,W,2,1187.25
2025-07-24,DOH,JFK,AE,J,6,2861.66
2025-07-24,DOH,DXB,QA,J,5,2464.5
2025-07-24,DOH,JFK,US,F,1,5343.73
2025-07-24,DOH,DXB,QA,Y,2,1034.2
2025-07-24,DOH,JFK,UK,W,7,1277.01
2025-07-24,DOH,JFK,US,F,4,4261.9
2025-07-24,DOH,CDG,AE,J,2,3814.24
2025-07-24,DOH,LHR,QA,J,2,2755.08
2025-07-24,DOH,DXB,AE,J,2,2377.48
2025-07-24,DOH,JFK,AE,F,3,5732.44
2025-07-24,DOH,CDG,QA,W,4,1071.06
2025-07-24,DOH,JFK,FR,W,3,1121.73
2025-07-24,DOH,DXB,QA,J,2,3254.68
2025-07-24,DOH,JFK,US,F,4,4847.28
2025-07-24,DOH,CDG,AE,W,2,1203.39
2025-07-24,DOH,JFK,FR,Y,1,645.85
2025-07-24,DOH,LHR,AE,W,4,1076.09
2025-07-24,DOH,DXB,UK,W,2,1128.57
2025-07-24,DOH,DXB,US,Y,3,1038.17
2025-07-24,DOH,DXB,UK,F,2,4325.96
2025-07-24,DOH,DXB,AE,J,5,3588.28
2025-07-24,DOH,CDG,UK,W,3,1337.12
2025-07-24,DOH,DXB,US,W,3,1172.89
2025-07-24,DOH,DXB,QA,F,1,5239.31
2025-07-24,DOH,LHR,UK,J,1,2310.68
2025-07-24,DOH,LHR,QA,J,5,2266.79
2025-07-24,DOH,DXB,US,W,2,1193.47
2025-07-24,DOH,DXB,QA,Y,5,1068.97
2025-07-24,DOH,DXB,FR,F,3,5552.26
2025-07-24,DOH,LHR,UK,F,3,5818.21
2025-07-24,DOH,CDG,AE,W,3,1418.15
2025-07-24,DOH,JFK,US,F,3,5036.27
2025-07-24,DOH,JFK,UK,Y,2,705.8
2025-07-24,DOH,JFK,UK,J,3,2832.0
2025-07-24,DOH,LHR,FR,Y,4,1029.07
2025-07-24,DOH,JFK,QA,F,1,5704.72
2025-07-24,DOH,DXB,AE,F,3,5271.51
2025-07-24,DOH,DXB,UK,Y,1,613.76
2025-07-24,DOH,DXB,FR,Y,3,1031.73
2025-07-24,DOH,JFK,AE,F,5,6480.87
2025-07-24,DOH,JFK,QA,W,3,1246.19
2025-07-24,DOH,CDG,US,F,5,4846.17
2025-07-24,DOH,JFK,AE,F,7,5528.1
2025-07-24,DOH,JFK,US,Y,4,701.5
2025-07-24,DOH,DXB,US,F,1,4572.32
2025-07-24,DOH,DXB,FR,F,3,5928.04
2025-07-24,DOH,LHR,US,W,1,1025.56
2025-07-24,DOH,DXB,AE,F,3,5052.38
2025-07-24,DOH,CDG,FR,J,3,3725.75
2025-07-25,DOH,LHR,US,Y,3,978.97
2025-07-25,DOH,JFK,US,F,5,5950.94
2025-07-25,DOH,DXB,FR,F,7,4932.76
2025-07-25,DOH,CDG,US,Y,4,944.35
2025-07-25,DOH,DXB,US,J,2,2618.02
2025-07-25,DOH,DXB,AE,J,4,3389.47
2025-07-25,DOH,LHR,FR,F,1,6034.57
2025-07-25,DOH,JFK,UK,J,3,2596.0
2025-07-25,DOH,JFK,QA,F,1,5338.37
2025-07-25,DOH,CDG,AE,Y,2,892.93
2025-07-25,DOH,DXB,FR,F,1,4521.32
2025-07-25,DOH,JFK,AE,W,2,962.29
2025-07-25,DOH,CDG,US,F,2,4484.41
2025-07-25,DOH,JFK,AE,F,3,6303.98
2025-07-25,DOH,LHR,US,F,2,5501.0
2025-07-25,DOH,CDG,QA,W,3,1286.11
2025-07-25,DOH,LHR,FR,F,2,6227.77
2025-07-25,DOH,DXB,QA,F,4,5831.26
2025-07-25,DOH,DXB,AE,Y,3,746.18
2025-07-25,DOH,CDG,AE,J,6,3366.31
2025-07-25,DOH,CDG,UK,F,1,4623.95
2025-07-25,DOH,DXB,FR,W,4,1198.72
2025-07-25,DOH,CDG,AE,Y,1,1043.21
2025-07-25,DOH,DXB,FR,Y,4,1063.13
2025-07-25,DOH,CDG,FR,F,4,5030.88
2025-07-25,DOH,LHR,UK,F,2,4389.98
2025-07-25,DOH,CDG,QA,J,3,3373.71
2025-07-25,DOH,LHR,FR,J,4,3658.07
2025-07-25,DOH,JFK,FR,J,4,2434.67
2025-07-25,DOH,JFK,FR,J,10,3131.22
2025-07-25,DOH,LHR,QA,Y,1,1016.5
2025-07-25,DOH,CDG,AE,J,3,2659.01
2025-07-25,DOH,DXB,US,Y,3,954.71
2025-07-25,DOH,LHR,US,Y,5,770.78
2025-07-25,DOH,CDG,UK,Y,1,853.88
2025-07-25,DOH,LHR,AE,F,2,4217.91
2025-07-25,DOH,LHR,FR,J,3,2469.12
2025-07-25,DOH,LHR,FR,J,2,3095.66
2025-07-25,DOH,LHR,FR,J,3,2699.5
2025-07-25,DOH,CDG,UK,J,4,2805.54
2025-07-25,DOH,LHR,AE,J,4,2647.39
2025-07-25,DOH,LHR,AE,W,3,1363.44
2025-07-25,DOH,DXB,AE,J,5,3498.59
2025-07-25,DOH,LHR,AE,F,3,5921.41
2025-07-25,DOH,JFK,FR,W,5,1003.75
2025-07-25,DOH,LHR,QA,F,3,6290.9
2025-07-25,DOH,CDG,US,Y,2,716.66
2025-07-25,DOH,DXB,AE,J,2,2262.97
2025-07-25,DOH,CDG,US,W,4,1039.38
2025-07-25,DOH,DXB,QA,F,1,5600.01
2025-07-25,DOH,DXB,QA,J,2,3688.18
2025-07-25,DOH,LHR,QA,W,2,1109.35
2025-07-25,DOH,LHR,QA,J,4,2498.13
2025-07-25,DOH,JFK,US,W,2,1278.37
2025-07-25,DOH,JFK,FR,F,5,4373.98
2025-07-25,DOH,LHR,AE,W,3,972.0
2025-07-25,DOH,JFK,UK,F,3,6431.49
2025-07-25,DOH,DXB,AE,Y,3,852.89
2025-07-25,DOH,DXB,FR,F,3,5991.77
2025-07-25,DOH,DXB,QA,Y,3,808.17
2025-07-26,DOH,CDG,FR,W,7,1266.17
2025-07-26,DOH,CDG,UK,W,2,1432.49
2025-07-26,DOH,CDG,US,Y,3,887.61
2025-07-26,DOH,LHR,US,J,2,2941.2
2025-07-26,DOH,DXB,AE,W,3,1312.25
2025-07-26,DOH,CDG,FR,W,2,1257.47
2025-07-26,DOH,JFK,FR,Y,1,919.59
2025-07-26,DOH,DXB,AE,Y,6,632.65
2025-07-26,DOH,CDG,UK,Y,4,942.59
2025-07-26,DOH,JFK,AE,J,4,2427.4
2025-07-26,DOH,DXB,FR,Y,1,1051.53
2025-07-26,DOH,CDG,US,J,2,2549.8
2025-07-26,DOH,JFK,UK,Y,1,995.69
2025-07-26,DOH,DXB,AE,J,3,2210.19
2025-07-26,DOH,CDG,FR,W,1,1359.18
2025-07-26,DOH,JFK,FR,J,6,2267.85
2025-07-26,DOH,JFK,QA,J,1,3158.87
2025-07-26,DOH,JFK,FR,F,3,6265.29
2025-07-26,DOH,JFK,QA,F,3,4583.47
2025-07-26,DOH,JFK,UK,Y,2,927.98
2025-07-26,DOH,LHR,US,F,1,5029.71
2025-07-26,DOH,DXB,UK,J,1,3578.07
2025-07-26,DOH,DXB,UK,Y,1,787.56
2025-07-26,DOH,JFK,AE,J,3,2758.42
2025-07-26,DOH,CDG,AE,W,3,1182.76
2025-07-26,DOH,LHR,FR,F,4,5424.22
2025-07-26,DOH,DXB,QA,Y,3,822.56
2025-07-26,DOH,JFK,US,F,4,5239.21
2025-07-26,DOH,LHR,FR,F,2,6571.11
2025-07-26,DOH,CDG,FR,Y,2,655.26
2025-07-26,DOH,LHR,UK,F,3,6236.77
2025-07-26,DOH,JFK,QA,Y,3,608.24
2025-07-26,DOH,CDG,FR,Y,3,1013.27
2025-07-26,DOH,CDG,AE,F,3,4855.06
2025-07-26,DOH,CDG,FR,Y,1,810.88
2025-07-26,DOH,JFK,AE,Y,2,1063.97
2025-07-26,DOH,DXB,UK,J,3,2978.7
2025-07-26,DOH,JFK,AE,J,7,2721.41
2025-07-26,DOH,JFK,QA,F,2,5302.88
2025-07-26,DOH,CDG,QA,Y,1,911.22
2025-07-26,DOH,DXB,FR,F,1,6329.79
2025-07-26,DOH,CDG,UK,W,4,1426.4
2025-07-26,DOH,JFK,US,W,1,1213.36
2025-07-26,DOH,DXB,US,W,1,1424.39
2025-07-26,DOH,CDG,QA,J,5,3324.06
2025-07-26,DOH,CDG,FR,J,2,2507.34
2025-07-26,DOH,JFK,QA,J,7,2624.37
2025-07-26,DOH,JFK,AE,F,3,5236.02
2025-07-26,DOH,JFK,QA,W,5,1093.69
2025-07-26,DOH,JFK,QA,Y,2,1032.13
2025-07-26,DOH,JFK,UK,Y,2,631.93
2025-07-26,DOH,JFK,QA,W,1,1437.36
2025-07-26,DOH,DXB,FR,W,2,1033.24
2025-07-26,DOH,CDG,FR,J,5,3601.4
2025-07-26,DOH,DXB,UK,Y,2,764.26
2025-07-26,DOH,CDG,UK,J,1,2497.63
2025-07-26,DOH,CDG,US,Y,1,664.76
2025-07-26,DOH,DXB,US,J,2,3637.56
2025-07-26,DOH,CDG,US,W,1,1241.75
2025-07-26,DOH,LHR,FR,F,2,5247.09
2025-07-27,DOH,CDG,QA,Y,2,881.33
2025-07-27,DOH,LHR,US,F,4,5117.54
2025-07-27,DOH,JFK,AE,W,6,1422.11
2025-07-27,DOH,JFK,UK,Y,2,816.71
2025-07-27,DOH,JFK,AE,Y,2,1075.61
2025-07-27,DOH,CDG,QA,Y,2,671.1
2025-07-27,DOH,CDG,UK,Y,2,930.67
2025-07-27,DOH,LHR,AE,W,3,1018.33
2025-07-27,DOH,CDG,US,F,2,5752.18
2025-07-27,DOH,JFK,US,J,3,2457.68
2025-07-27,DOH,CDG,UK,Y,1,739.3
2025-07-27,DOH,CDG,FR,W,3,984.0
2025-07-27,DOH,JFK,UK,J,3,3726.39
2025-07-27,DOH,LHR,US,W,4,1152.07
2025-07-27,DOH,CDG,QA,Y,4,793.3
2025-07-27,DOH,DXB,QA,F,2,5538.48
2025-07-27,DOH,DXB,US,Y,2,862.19
2025-07-27,DOH,LHR,AE,J,2,2491.94
2025-07-27,DOH,JFK,FR,Y,3,1063.57
2025-07-27,DOH,DXB,AE,Y,1,945.75
2025-07-27,DOH,DXB,AE,W,1,1267.62
2025-07-27,DOH,JFK,AE,W,3,1245.15
2025-07-27,DOH,JFK,UK,Y,1,840.98
2025-07-27,DOH,DXB,UK,J,1,2896.99
2025-07-27,DOH,DXB,US,J,5,3216.61
2025-07-27,DOH,JFK,QA,F,6,4841.01
2025-07-27,DOH,DXB,US,W,2,1236.07
2025-07-27,DOH,LHR,FR,J,4,3748.6
2025-07-27,DOH,JFK,QA,F,3,5478.83
2025-07-27,DOH,LHR,UK,J,2,2362.86
2025-07-27,DOH,LHR,UK,W,3,1171.09
2025-07-27,DOH,DXB,US,Y,1,906.79
2025-07-27,DOH,LHR,QA,Y,1,695.62
2025-07-27,DOH,CDG,AE,J,6,2308.2
2025-07-27,DOH,DXB,US,J,3,2568.48
2025-07-27,DOH,JFK,QA,F,4,4687.52
2025-07-27,DOH,LHR,FR,W,6,1339.88
2025-07-27,DOH,LHR,UK,W,3,1226.45
2025-07-27,DOH,CDG,UK,J,3,3402.19
2025-07-27,DOH,DXB,FR,F,2,4793.56
2025-07-27,DOH,JFK,UK,W,3,1438.95
2025-07-27,DOH,JFK,QA,W,2,1159.73
2025-07-27,DOH,CDG,UK,Y,1,809.6
2025-07-27,DOH,CDG,FR,Y,3,757.27
2025-07-27,DOH,CDG,FR,J,5,3468.93
2025-07-27,DOH,DXB,QA,W,2,1054.58
2025-07-27,DOH,LHR,US,J,3,2734.14
2025-07-27,DOH,LHR,UK,J,1,2886.68
2025-07-27,DOH,CDG,AE,W,5,1055.26
2025-07-27,DOH,CDG,UK,Y,3,1021.56
2025-07-27,DOH,DXB,AE,J,1,3371.98
2025-07-27,DOH,LHR,AE,J,4,3598.8
2025-07-27,DOH,CDG,AE,F,7,5642.57
2025-07-27,DOH,CDG,UK,Y,2,943.54
2025-07-27,DOH,LHR,UK,F,4,6097.03
2025-07-27,DOH,JFK,QA,F,7,4477.24
2025-07-27,DOH,JFK,US,J,5,2631.53
2025-07-27,DOH,CDG,FR,W,5,1046.79
2025-07-27,DOH,LHR,US,W,3,1278.63
2025-07-27,DOH,CDG,UK,J,4,2223.95
2025-07-28,DOH,CDG,QA,W,1,1257.65
2025-07-28,DOH,LHR,UK,W,2,1253.33
2025-07-28,DOH,DXB,FR,W,4,1169.87
2025-07-28,DOH,JFK,FR,W,4,1109.47
2025-07-28,DOH,JFK,UK,J,2,2705.1
2025-07-28,DOH,CDG,QA,Y,7,1079.99
2025-07-28,DOH,CDG,AE,W,2,1101.31
2025-07-28,DOH,JFK,AE,F,2,5343.0
2025-07-28,DOH,CDG,UK,W,3,1233.82
2025-07-28,DOH,DXB,AE,Y,2,782.49
2025-07-28,DOH,JFK,UK,W,3,1392.74
2025-07-28,DOH,DXB,AE,Y,4,991.92
2025-07-28,DOH,DXB,AE,F,2,4526.93
2025-07-28,DOH,CDG,QA,W,6,994.42
2025-07-28,DOH,CDG,US,F,4,6270.13
2025-07-28,DOH,JFK,US,F,5,6035.26
2025-07-28,DOH,JFK,AE,W,4,1394.78
2025-07-28,DOH,JFK,FR,Y,3,645.33
2025-07-28,DOH,JFK,QA,W,4,1329.28
2025-07-28,DOH,CDG,QA,J,3,2749.96
2025-07-28,DOH,JFK,FR,J,4,2694.63
2025-07-28,DOH,LHR,UK,F,2,6002.46
2025-07-28,DOH,JFK,QA,Y,1,931.46
2025-07-28,DOH,LHR,AE,W,5,1428.38
2025-07-28,DOH,CDG,UK,F,6,5954.18
2025-07-28,DOH,CDG,FR,J,4,2650.01
2025-07-28,DOH,JFK,FR,W,3,1319.84
2025-07-28,DOH,JFK,UK,J,3,2313.79
2025-07-28,DOH,CDG,UK,W,4,1367.56
2025-07-28,DOH,LHR,US,J,4,3205.96
2025-07-28,DOH,CDG,FR,J,4,2851.02
2025-07-28,DOH,LHR,FR,Y,3,770.92
2025-07-28,DOH,LHR,US,J,1,2748.3
2025-07-28,DOH,JFK,AE,Y,5,794.92
2025-07-28,DOH,LHR,QA,J,1,2566.5
2025-07-28,DOH,CDG,AE,Y,1,847.07
2025-07-28,DOH,CDG,QA,J,2,2694.87
2025-07-28,DOH,JFK,US,J,6,2351.03
2025-07-28,DOH,LHR,AE,Y,1,965.72
2025-07-28,DOH,JFK,FR,J,4,2709.29
2025-07-28,DOH,CDG,US,Y,2,748.53
2025-07-28,DOH,DXB,FR,J,1,2609.04
2025-07-28,DOH,CDG,FR,F,4,5478.75
2025-07-28,DOH,JFK,FR,F,4,6263.86
2025-07-28,DOH,JFK,FR,Y,2,925.36
2025-07-28,DOH,JFK,FR,W,2,1260.31
2025-07-28,DOH,LHR,QA,Y,1,1077.09
2025-07-28,DOH,JFK,US,J,7,2873.5
2025-07-28,DOH,DXB,AE,W,7,1051.94
2025-07-28,DOH,DXB,FR,W,2,961.14
2025-07-28,DOH,LHR,US,W,5,1401.79
2025-07-28,DOH,LHR,AE,Y,3,853.93
2025-07-28,DOH,LHR,QA,F,4,5794.76
2025-07-28,DOH,DXB,US,W,1,1058.16
2025-07-28,DOH,DXB,FR,W,4,1275.09
2025-07-28,DOH,CDG,UK,W,1,1147.36
2025-07-28,DOH,CDG,US,W,6,1374.27
2025-07-28,DOH,CDG,FR,J,2,3756.3
2025-07-28,DOH,CDG,FR,Y,2,603.35
2025-07-28,DOH,CDG,QA,Y,1,790.22
2025-07-29,DOH,CDG,QA,W,2,1219.56
2025-07-29,DOH,JFK,AE,F,8,5635.76
2025-07-29,DOH,DXB,FR,Y,2,927.98
2025-07-29,DOH,DXB,QA,F,2,5942.32
2025-07-29,DOH,JFK,FR,J,6,3463.99
2025-07-29,DOH,JFK,FR,J,5,3559.87
2025-07-29,DOH,JFK,FR,Y,4,1069.55
2025-07-29,DOH,CDG,US,Y,3,1011.42
2025-07-29,DOH,CDG,AE,J,3,3251.31
2025-07-29,DOH,CDG,QA,J,3,3710.36
2025-07-29,DOH,DXB,FR,W,4,1014.4
2025-07-29,DOH,CDG,FR,W,8,1007.33
2025-07-29,DOH,DXB,US,J,3,3434.18
2025-07-29,DOH,LHR,UK,Y,2,672.51
2025-07-29,DOH,CDG,FR,W,3,1114.51
2025-07-29,DOH,LHR,AE,J,3,3816.73
2025-07-29,DOH,DXB,UK,W,1,1352.63
2025-07-29,DOH,JFK,UK,W,2,1286.23
2025-07-29,DOH,LHR,UK,Y,1,688.45
2025-07-29,DOH,LHR,FR,F,3,4842.56
2025-07-29,DOH,CDG,UK,Y,1,1070.67
2025-07-29,DOH,CDG,UK,F,4,5220.92
2025-07-29,DOH,LHR,UK,Y,2,975.72
2025-07-29,DOH,JFK,US,W,3,1436.42
2025-07-29,DOH,LHR,US,J,2,2785.87
2025-07-29,DOH,LHR,AE,J,4,2939.36
2025-07-29,DOH,DXB,FR,J,1,3093.37
2025-07-29,DOH,JFK,US,W,2,1184.55
2025-07-29,DOH,CDG,FR,F,5,4813.66
2025-07-29,DOH,LHR,US,W,1,1287.35
2025-07-29,DOH,DXB,AE,J,4,3746.72
2025-07-29,DOH,JFK,AE,J,3,2700.95
2025-07-29,DOH,DXB,QA,W,6,1086.25
2025-07-29,DOH,DXB,FR,F,2,6192.58
2025-07-29,DOH,LHR,AE,J,1,2166.82
2025-07-29,DOH,DXB,AE,Y,1,708.01
2025-07-29,DOH,LHR,QA,W,4,1017.09
2025-07-29,DOH,LHR,FR,W,1,1089.21
2025-07-29,DOH,JFK,AE,F,4,6377.14
2025-07-29,DOH,CDG,UK,J,3,3006.38
2025-07-29,DOH,LHR,FR,F,2,6361.68
2025-07-29,DOH,CDG,UK,J,3,3254.27
2025-07-29,DOH,DXB,FR,J,5,2945.12
2025-07-29,DOH,DXB,QA,Y,4,958.18
2025-07-29,DOH,CDG,US,W,3,1267.72
2025-07-29,DOH,CDG,US,J,2,3352.55
2025-07-29,DOH,CDG,UK,Y,1,941.01
2025-07-29,DOH,LHR,FR,Y,4,1012.03
2025-07-29,DOH,CDG,UK,Y,2,942.64
2025-07-29,DOH,DXB,AE,J,1,2447.77
2025-07-29,DOH,JFK,QA,F,4,5876.61
2025-07-29,DOH,JFK,US,W,2,1288.77
2025-07-29,DOH,DXB,FR,F,4,6290.59
2025-07-29,DOH,CDG,FR,F,4,4888.34
2025-07-29,DOH,LHR,AE,F,1,5743.68
2025-07-29,DOH,CDG,QA,W,6,1402.35
2025-07-29,DOH,DXB,FR,J,6,2682.09
2025-07-29,DOH,CDG,US,J,1,3790.6
2025-07-29,DOH,LHR,US,W,2,1226.21
2025-07-29,DOH,LHR,AE,F,4,4547.35
2025-07-30,DOH,DXB,FR,F,3,6591.1
2025-07-30,DOH,JFK,QA,W,4,1272.31
2025-07-30,DOH,JFK,UK,F,4,5392.24
2025-07-30,DOH,DXB,AE,Y,6,657.84
2025-07-30,DOH,DXB,US,J,2,2336.31
2025-07-30,DOH,CDG,US,F,1,5407.38
2025-07-30,DOH,CDG,AE,F,2,4414.58
2025-07-30,DOH,DXB,US,W,5,1365.08
2025-07-30,DOH,CDG,UK,J,3,3311.91
2025-07-30,DOH,CDG,FR,F,6,6096.51
2025-07-30,DOH,DXB,FR,Y,4,902.64
2025-07-30,DOH,CDG,US,F,3,4424.68
2025-07-30,DOH,JFK,US,W,1,1325.83
2025-07-30,DOH,JFK,FR,Y,1,657.89
2025-07-30,DOH,LHR,AE,F,2,4628.47
2025-07-30,DOH,DXB,QA,J,6,2992.5
2025-07-30,DOH,LHR,FR,F,1,4937.93
2025-07-30,DOH,CDG,UK,F,1,6334.51
2025-07-30,DOH,CDG,FR,F,3,4814.01
2025-07-30,DOH,DXB,US,W,1,1271.96
2025-07-30,DOH,LHR,US,W,2,1393.17
2025-07-30,DOH,JFK,UK,F,3,5230.81
2025-07-30,DOH,LHR,US,J,2,2365.12
2025-07-30,DOH,DXB,FR,F,5,4820.37
2025-07-30,DOH,JFK,FR,F,5,4731.2
2025-07-30,DOH,DXB,QA,W,2,975.12
2025-07-30,DOH,JFK,QA,F,4,5448.45
2025-07-30,DOH,CDG,QA,J,2,3293.71
2025-07-30,DOH,LHR,AE,J,1,3154.82
2025-07-30,DOH,CDG,UK,W,2,1414.19
2025-07-30,DOH,CDG,UK,J,2,3123.1
2025-07-30,DOH,LHR,QA,W,4,1261.97
2025-07-30,DOH,CDG,US,Y,6,916.54
2025-07-30,DOH,CDG,UK,J,1,2217.69
2025-07-30,DOH,DXB,AE,W,1,1064.43
2025-07-30,DOH,JFK,FR,Y,3,998.37
2025-07-30,DOH,CDG,US,Y,1,982.66
2025-07-30,DOH,CDG,FR,J,2,2227.53
2025-07-30,DOH,CDG,UK,W,4,1115.12
2025-07-30,DOH,DXB,US,J,5,3161.64
2025-07-30,DOH,CDG,US,Y,1,655.15
2025-07-30,DOH,DXB,UK,F,1,5881.63
2025-07-30,DOH,JFK,US,J,2,2967.94
2025-07-30,DOH,JFK,US,F,6,6453.02
2025-07-30,DOH,DXB,AE,J,4,2749.21
2025-07-30,DOH,DXB,US,J,2,2757.56
2025-07-30,DOH,CDG,FR,Y,3,932.43
2025-07-30,DOH,LHR,US,Y,3,692.61
2025-07-30,DOH,DXB,AE,Y,6,655.12
2025-07-30,DOH,JFK,QA,Y,1,772.88
2025-07-30,DOH,DXB,AE,J,4,2394.39
2025-07-30,DOH,DXB,FR,Y,5,780.83
2025-07-30,DOH,LHR,US,J,5,2243.37
2025-07-30,DOH,CDG,AE,Y,5,865.77
2025-07-30,DOH,CDG,US,J,2,3686.26
2025-07-30,DOH,DXB,QA,W,4,1005.85
2025-07-30,DOH,LHR,UK,Y,2,789.17
2025-07-30,DOH,CDG,US,F,5,5279.2
2025-07-30,DOH,DXB,QA,Y,4,733.58
2025-07-30,DOH,CDG,UK,W,3,1264.33
2025-07-31,DOH,DXB,UK,Y,5,651.16
2025-07-31,DOH,JFK,QA,J,3,2191.43
2025-07-31,DOH,LHR,US,W,2,1200.78
2025-07-31,DOH,CDG,AE,W,3,1271.4
2025-07-31,DOH,LHR,AE,J,3,3058.51
2025-07-31,DOH,CDG,QA,Y,2,868.17
2025-07-31,DOH,JFK,QA,J,2,2523.27
2025-07-31,DOH,LHR,UK,W,6,1430.31
2025-07-31,DOH,JFK,FR,Y,1,1069.3
2025-07-31,DOH,JFK,AE,J,3,3392.37
2025-07-31,DOH,LHR,US,F,2,4233.35
2025-07-31,DOH,DXB,US,J,1,2813.62
2025-07-31,DOH,DXB,QA,J,2,2287.9
2025-07-31,DOH,CDG,AE,W,1,1420.39
2025-07-31,DOH,LHR,FR,Y,2,1000.01
2025-07-31,DOH,CDG,US,Y,2,733.18
2025-07-31,DOH,DXB,AE,W,2,1048.45
2025-07-31,DOH,CDG,FR,W,1,1043.08
2025-07-31,DOH,LHR,UK,Y,2,1076.91
2025-07-31,DOH,CDG,AE,J,6,3696.08
2025-07-31,DOH,LHR,QA,F,4,6466.5
2025-07-31,DOH,LHR,QA,W,7,1438.59
2025-07-31,DOH,JFK,FR,J,3,3728.64
2025-07-31,DOH,JFK,FR,W,1,1367.8
2025-07-31,DOH,LHR,FR,Y,4,849.09
2025-07-31,DOH,CDG,UK,W,2,1264.32
2025-07-31,DOH,LHR,AE,W,1,1240.87
2025-07-31,DOH,DXB,AE,F,3,4321.26
2025-07-31,DOH,CDG,UK,W,1,992.73
2025-07-31,DOH,CDG,QA,F,2,5615.29
2025-07-31,DOH,LHR,US,Y,4,637.34
2025-07-31,DOH,LHR,AE,F,1,5011.59
2025-07-31,DOH,LHR,FR,F,2,6078.62
2025-07-31,DOH,DXB,QA,F,1,5595.4
2025-07-31,DOH,CDG,US,Y,4,973.86
2025-07-31,DOH,DXB,AE,W,2,1092.98
2025-07-31,DOH,CDG,QA,W,5,1268.57
2025-07-31,DOH,CDG,UK,J,2,2449.34
2025-07-31,DOH,DXB,FR,W,4,1409.46
2025-07-31,DOH,DXB,QA,W,2,1198.66
2025-07-31,DOH,LHR,AE,J,1,2641.91
2025-07-31,DOH,LHR,AE,W,6,1431.99
2025-07-31,DOH,CDG,US,Y,5,801.88
2025-07-31,DOH,LHR,US,F,1,5899.63
2025-07-31,DOH,JFK,UK,Y,1,673.23
2025-07-31,DOH,CDG,FR,F,2,5870.38
2025-07-31,DOH,LHR,AE,J,3,3571.64
2025-07-31,DOH,LHR,AE,W,3,1146.24
2025-07-31,DOH,DXB,US,J,3,2962.01
2025-07-31,DOH,LHR,QA,Y,5,1040.58
2025-07-31,DOH,LHR,QA,J,8,2586.87
2025-07-31,DOH,LHR,AE,J,2,3060.55
2025-07-31,DOH,DXB,QA,J,2,2163.79
2025-07-31,DOH,CDG,QA,Y,4,999.5
2025-07-31,DOH,CDG,UK,Y,4,732.77
2025-07-31,DOH,JFK,FR,Y,3,944.25
2025-07-31,DOH,DXB,UK,F,2,4358.59
2025-07-31,DOH,CDG,US,Y,2,938.86
2025-07-31,DOH,DXB,QA,J,3,2254.09
2025-07-31,DOH,DXB,AE,W,3,1210.11
2025-08-01,DOH,DXB,UK,W,7,938.0
2025-08-01,DOH,CDG,FR,F,1,5474.36
2025-08-01,DOH,JFK,US,W,1,987.02
2025-08-01,DOH,DXB,QA,J,5,2707.49
2025-08-01,DOH,CDG,AE,F,4,4113.15
2025-08-01,DOH,JFK,AE,W,1,927.65
2025-08-01,DOH,JFK,FR,J,1,2451.26
2025-08-01,DOH,DXB,AE,W,2,952.46
2025-08-01,DOH,JFK,QA,W,3,864.36
2025-08-01,DOH,LHR,QA,J,2,2375.33
2025-08-01,DOH,JFK,FR,J,4,1829.7
2025-08-01,DOH,DXB,UK,Y,3,727.97
2025-08-01,DOH,JFK,UK,Y,1,800.12
2025-08-01,DOH,CDG,UK,F,4,4256.34
2025-08-01,DOH,CDG,UK,Y,1,533.35
2025-08-01,DOH,LHR,US,Y,3,616.74
2025-08-01,DOH,CDG,UK,W,3,1186.64
2025-08-01,DOH,LHR,AE,F,3,3651.83
2025-08-01,DOH,JFK,FR,J,3,1991.97
2025-08-01,DOH,LHR,UK,Y,3,747.77
2025-08-01,DOH,DXB,US,J,10,2036.65
2025-08-01,DOH,JFK,AE,W,4,1150.14
2025-08-01,DOH,CDG,US,J,7,2578.12
2025-08-01,DOH,LHR,UK,Y,5,665.9
2025-08-01,DOH,JFK,AE,W,3,822.52
2025-08-01,DOH,JFK,QA,F,2,5184.16
2025-08-01,DOH,LHR,US,Y,8,719.32
2025-08-01,DOH,CDG,QA,W,5,1076.16
2025-08-01,DOH,DXB,UK,Y,3,849.43
2025-08-01,DOH,LHR,QA,Y,4,559.75
2025-08-01,DOH,JFK,FR,W,5,916.81
2025-08-01,DOH,JFK,US,Y,4,562.02
2025-08-01,DOH,LHR,FR,W,2,967.81
2025-08-01,DOH,JFK,FR,W,5,1163.25
2025-08-01,DOH,JFK,UK,J,1,2453.41
2025-08-01,DOH,CDG,US,Y,5,746.68
2025-08-01,DOH,JFK,FR,Y,1,569.98
2025-08-01,DOH,CDG,AE,J,4,2839.25
2025-08-01,DOH,JFK,US,W,1,1173.38
2025-08-01,DOH,CDG,QA,J,3,2532.72
2025-08-01,DOH,DXB,QA,W,1,1182.74
2025-08-01,DOH,LHR,UK,F,2,3874.68
2025-08-01,DOH,JFK,QA,W,7,1109.29
2025-08-01,DOH,JFK,US,J,5,2908.17
2025-08-01,DOH,JFK,FR,Y,4,576.21
2025-08-01,DOH,DXB,QA,J,2,3121.61
2025-08-01,DOH,DXB,UK,F,5,3790.16
2025-08-01,DOH,CDG,FR,F,1,5320.3
2025-08-01,DOH,DXB,US,J,1,3141.46
2025-08-01,DOH,CDG,US,W,1,960.59
2025-08-01,DOH,LHR,AE,J,3,2658.56
2025-08-01,DOH,JFK,QA,Y,2,834.09
2025-08-01,DOH,LHR,FR,Y,5,863.29
2025-08-01,DOH,DXB,FR,Y,3,724.42
2025-08-01,DOH,CDG,AE,F,1,4793.04
2025-08-01,DOH,CDG,FR,J,2,2779.66
2025-08-01,DOH,LHR,US,W,3,975.68
2025-08-01,DOH,CDG,UK,Y,2,695.23
2025-08-01,DOH,LHR,QA,W,2,905.15
2025-08-01,DOH,CDG,UK,W,3,914.62
2025-08-02,DOH,DXB,UK,F,3,5476.93
2025-08-02,DOH,DXB,AE,J,2,2940.55
2025-08-02,DOH,CDG,AE,W,4,916.75
2025-08-02,DOH,JFK,QA,F,2,4478.8
2025-08-02,DOH,DXB,UK,Y,1,857.01
2025-08-02,DOH,DXB,FR,F,2,4627.87
2025-08-02,DOH,CDG,US,J,3,2944.52
2025-08-02,DOH,CDG,US,J,3,2126.85
2025-08-02,DOH,LHR,QA,J,3,3163.24
2025-08-02,DOH,JFK,US,J,5,2373.43
2025-08-02,DOH,JFK,UK,Y,4,612.53
2025-08-02,DOH,LHR,FR,Y,3,565.98
2025-08-02,DOH,JFK,QA,J,3,2698.56
2025-08-02,DOH,CDG,UK,W,4,875.91
2025-08-02,DOH,JFK,FR,J,5,2708.06
2025-08-02,DOH,JFK,FR,F,2,3783.11
2025-08-02,DOH,DXB,FR,F,6,4340.86
2025-08-02,DOH,CDG,FR,W,2,861.38
2025-08-02,DOH,DXB,US,W,3,836.32
2025-08-02,DOH,JFK,FR,Y,2,803.78
2025-08-02,DOH,JFK,FR,F,3,4829.83
2025-08-02,DOH,LHR,FR,J,8,2394.35
2025-08-02,DOH,DXB,AE,F,4,4587.4
2025-08-02,DOH,JFK,US,J,2,1974.8
2025-08-02,DOH,LHR,UK,J,2,2835.61
2025-08-02,DOH,DXB,FR,J,3,2882.61
2025-08-02,DOH,LHR,FR,F,1,4283.17
2025-08-02,DOH,CDG,UK,Y,1,682.89
2025-08-02,DOH,LHR,QA,J,6,2159.66
2025-08-02,DOH,DXB,UK,F,1,4922.92
2025-08-02,DOH,CDG,FR,W,1,916.55
2025-08-02,DOH,JFK,AE,W,4,1077.79
2025-08-02,DOH,LHR,QA,F,1,3572.29
2025-08-02,DOH,JFK,QA,Y,3,522.36
2025-08-02,DOH,DXB,FR,W,4,876.35
2025-08-02,DOH,DXB,UK,J,3,2945.01
2025-08-02,DOH,LHR,UK,Y,2,772.84
2025-08-02,DOH,DXB,US,J,5,2311.51
2025-08-02,DOH,JFK,UK,Y,2,600.97
2025-08-02,DOH,CDG,US,F,3,4186.73
2025-08-02,DOH,JFK,AE,F,3,3979.79
2025-08-02,DOH,CDG,US,W,3,953.06
2025-08-02,DOH,CDG,QA,F,2,4729.62
2025-08-02,DOH,CDG,QA,J,1,3068.33
2025-08-02,DOH,JFK,QA,W,1,1017.79
2025-08-02,DOH,DXB,US,J,5,1858.13
2025-08-02,DOH,LHR,AE,J,3,1905.57
2025-08-02,DOH,CDG,QA,F,2,4365.53
2025-08-02,DOH,LHR,FR,J,1,2351.25
2025-08-02,DOH,DXB,US,J,1,2669.52
2025-08-02,DOH,LHR,AE,Y,5,512.11
2025-08-02,DOH,LHR,UK,W,6,946.43
2025-08-02,DOH,DXB,AE,W,2,1184.9
2025-08-02,DOH,CDG,UK,Y,5,769.11
2025-08-02,DOH,DXB,FR,F,5,3546.59
2025-08-02,DOH,LHR,US,J,1,1802.18
2025-08-02,DOH,JFK,FR,F,5,4482.05
2025-08-02,DOH,JFK,QA,W,7,1043.0
2025-08-02,DOH,JFK,UK,F,1,4040.47
2025-08-02,DOH,CDG,QA,J,3,2553.13
2025-08-03,DOH,DXB,US,F,5,4920.83
2025-08-03,DOH,DXB,QA,J,5,1859.93
2025-08-03,DOH,LHR,FR,Y,2,719.61
2025-08-03,DOH,JFK,UK,J,7,2878.91
2025-08-03,DOH,DXB,UK,Y,4,600.45
2025-08-03,DOH,DXB,US,W,2,1043.52
2025-08-03,DOH,JFK,US,F,4,4842.0
2025-08-03,DOH,LHR,US,Y,2,729.32
2025-08-03,DOH,JFK,AE,F,4,4620.05
2025-08-03,DOH,DXB,UK,J,2,2106.25
2025-08-03,DOH,CDG,US,F,1,3988.61
2025-08-03,DOH,CDG,AE,J,1,2348.97
2025-08-03,DOH,JFK,US,W,2,1067.7
2025-08-03,DOH,CDG,FR,W,1,842.09
2025-08-03,DOH,LHR,FR,Y,4,518.92
2025-08-03,DOH,LHR,AE,F,1,4853.9
2025-08-03,DOH,DXB,FR,W,3,843.73
2025-08-03,DOH,JFK,AE,F,3,4417.22
2025-08-03,DOH,CDG,AE,F,4,4020.27
2025-08-03,DOH,DXB,QA,Y,2,643.83
2025-08-03,DOH,LHR,QA,W,4,1027.79
2025-08-03,DOH,JFK,FR,Y,1,832.48
2025-08-03,DOH,CDG,US,J,3,2531.3
2025-08-03,DOH,DXB,AE,F,5,5061.89
2025-08-03,DOH,DXB,QA,Y,3,793.51
2025-08-03,DOH,DXB,FR,W,4,1141.72
2025-08-03,DOH,DXB,AE,J,4,2598.4
2025-08-03,DOH,CDG,AE,F,1,4491.6
2025-08-03,DOH,LHR,AE,J,1,3141.36
2025-08-03,DOH,LHR,AE,Y,4,844.99
2025-08-03,DOH,JFK,FR,Y,4,611.8
2025-08-03,DOH,DXB,UK,F,2,3728.24
2025-08-03,DOH,JFK,QA,Y,1,572.3
2025-08-03,DOH,DXB,UK,Y,7,516.54
2025-08-03,DOH,CDG,QA,J,4,2932.89
2025-08-03,DOH,DXB,QA,Y,4,730.27
2025-08-03,DOH,DXB,UK,J,2,2312.49
2025-08-03,DOH,CDG,QA,W,5,1140.64
2025-08-03,DOH,DXB,US,W,8,948.23
2025-08-03,DOH,JFK,AE,W,1,852.7
2025-08-03,DOH,DXB,FR,J,2,2403.37
2025-08-03,DOH,DXB,AE,Y,3,650.75
2025-08-03,DOH,JFK,US,W,1,1181.41
2025-08-03,DOH,JFK,UK,J,1,1803.7
2025-08-03,DOH,LHR,QA,F,2,4552.9
2025-08-03,DOH,JFK,FR,W,2,933.19
2025-08-03,DOH,CDG,AE,Y,3,558.58
2025-08-03,DOH,LHR,UK,J,7,2063.82
2025-08-03,DOH,DXB,AE,J,3,2478.84
2025-08-03,DOH,JFK,AE,F,6,5385.18
2025-08-03,DOH,CDG,UK,F,3,4742.65
2025-08-03,DOH,JFK,US,Y,5,619.36
2025-08-03,DOH,CDG,UK,F,6,4673.84
2025-08-03,DOH,LHR,US,J,3,1978.13
2025-08-03,DOH,CDG,AE,F,2,4984.61
2025-08-03,DOH,DXB,US,Y,2,526.07
2025-08-03,DOH,DXB,QA,F,1,4674.73
2025-08-03,DOH,LHR,QA,Y,5,762.71
2025-08-03,DOH,DXB,UK,F,3,3655.22
2025-08-03,DOH,JFK,UK,W,3,809.97
2025-08-04,DOH,CDG,AE,Y,2,614.49
2025-08-04,DOH,JFK,UK,W,2,1117.76
2025-08-04,DOH,JFK,FR,W,4,895.87
2025-08-04,DOH,JFK,FR,Y,1,868.73
2025-08-04,DOH,DXB,FR,F,4,5229.62
2025-08-04,DOH,JFK,US,F,2,4646.67
2025-08-04,DOH,DXB,AE,F,4,4607.4
2025-08-04,DOH,DXB,UK,J,2,2556.91
2025-08-04,DOH,LHR,UK,W,12,927.87
2025-08-04,DOH,LHR,FR,Y,1,654.2
2025-08-04,DOH,DXB,US,W,1,884.3
2025-08-04,DOH,DXB,US,Y,4,835.2
2025-08-04,DOH,DXB,US,F,4,4954.67
2025-08-04,DOH,LHR,FR,F,7,5301.76
2025-08-04,DOH,LHR,US,W,3,821.2
2025-08-04,DOH,JFK,QA,F,3,4507.63
2025-08-04,DOH,LHR,QA,J,3,2176.23
2025-08-04,DOH,CDG,UK,F,3,3627.53
2025-08-04,DOH,DXB,FR,J,3,3192.15
2025-08-04,DOH,JFK,FR,W,5,1050.73
2025-08-04,DOH,JFK,FR,Y,4,708.97
2025-08-04,DOH,DXB,UK,F,5,4119.63
2025-08-04,DOH,DXB,QA,J,1,1902.82
2025-08-04,DOH,CDG,FR,F,1,4008.95
2025-08-04,DOH,LHR,QA,Y,1,505.89
2025-08-04,DOH,DXB,AE,W,6,932.64
2025-08-04,DOH,DXB,AE,F,3,5099.43
2025-08-04,DOH,CDG,UK,Y,3,675.06
2025-08-04,DOH,JFK,US,J,8,2304.14
2025-08-04,DOH,CDG,US,F,2,3790.01
2025-08-04,DOH,CDG,UK,F,2,4676.29
2025-08-04,DOH,JFK,UK,W,1,834.99
2025-08-04,DOH,CDG,UK,F,8,4333.84
2025-08-04,DOH,CDG,QA,W,5,921.84
2025-08-04,DOH,DXB,FR,J,5,2468.13
2025-08-04,DOH,LHR,FR,W,1,1047.1
2025-08-04,DOH,LHR,AE,Y,3,809.47
2025-08-04,DOH,LHR,UK,W,6,998.44
2025-08-04,DOH,CDG,FR,F,3,4533.69
2025-08-04,DOH,CDG,UK,J,3,2332.41
2025-08-04,DOH,DXB,UK,Y,1,797.36
2025-08-04,DOH,JFK,FR,W,3,1133.65
2025-08-04,DOH,LHR,UK,Y,1,517.58
2025-08-04,DOH,DXB,FR,J,6,1828.94
2025-08-04,DOH,CDG,FR,F,3,5250.53
2025-08-04,DOH,DXB,QA,W,1,1097.1
2025-08-04,DOH,CDG,US,Y,2,669.34
2025-08-04,DOH,DXB,FR,J,3,2420.39
2025-08-04,DOH,CDG,UK,F,2,3951.78
2025-08-04,DOH,CDG,AE,W,5,1061.45
2025-08-04,DOH,DXB,UK,J,3,2774.74
2025-08-04,DOH,LHR,US,J,5,1815.21
2025-08-04,DOH,JFK,US,J,2,2777.86
2025-08-04,DOH,JFK,AE,Y,1,509.11
2025-08-04,DOH,JFK,FR,Y,2,718.33
2025-08-04,DOH,LHR,QA,Y,1,873.29
2025-08-04,DOH,CDG,FR,W,2,1133.11
2025-08-04,DOH,DXB,FR,W,3,924.25
2025-08-04,DOH,CDG,AE,F,7,3646.31
2025-08-04,DOH,LHR,AE,J,3,2631.17
2025-08-05,DOH,JFK,AE,F,3,3680.46
2025-08-05,DOH,CDG,US,J,3,2293.62
2025-08-05,DOH,DXB,UK,W,2,1032.98
2025-08-05,DOH,JFK,FR,W,2,1095.3
2025-08-05,DOH,CDG,UK,J,4,2507.6
2025-08-05,DOH,LHR,UK,F,2,3776.96
2025-08-05,DOH,DXB,QA,Y,1,528.1
2025-08-05,DOH,DXB,QA,F,5,5135.15
2025-08-05,DOH,DXB,QA,Y,3,728.71
2025-08-05,DOH,JFK,QA,W,3,869.2
2025-08-05,DOH,JFK,AE,F,4,4794.39
2025-08-05,DOH,JFK,QA,J,4,2474.42
2025-08-05,DOH,JFK,QA,Y,2,863.88
2025-08-05,DOH,JFK,US,J,5,2405.29
2025-08-05,DOH,DXB,US,W,1,970.27
2025-08-05,DOH,LHR,FR,J,4,2744.79
2025-08-05,DOH,LHR,QA,F,4,4033.36
2025-08-05,DOH,CDG,US,F,3,3711.01
2025-08-05,DOH,LHR,US,F,9,4543.37
2025-08-05,DOH,DXB,US,J,1,3086.96
2025-08-05,DOH,CDG,QA,Y,3,696.88
2025-08-05,DOH,JFK,AE,Y,4,889.54
2025-08-05,DOH,JFK,AE,J,1,2433.89
2025-08-05,DOH,CDG,US,Y,3,515.99
2025-08-05,DOH,CDG,QA,J,1,2099.9
2025-08-05,DOH,CDG,QA,Y,1,532.25
2025-08-05,DOH,CDG,QA,F,2,3996.85
2025-08-05,DOH,JFK,UK,F,3,4494.24
2025-08-05,DOH,LHR,QA,W,4,988.45
2025-08-05,DOH,DXB,FR,Y,1,775.5
2025-08-05,DOH,DXB,AE,W,5,1015.98
2025-08-05,DOH,CDG,US,F,2,4690.79
2025-08-05,DOH,DXB,FR,F,3,4981.12
2025-08-05,DOH,JFK,QA,W,2,1186.69
2025-08-05,DOH,CDG,QA,F,3,4700.06
2025-08-05,DOH,JFK,FR,W,3,844.59
2025-08-05,DOH,LHR,AE,Y,2,651.82
2025-08-05,DOH,LHR,UK,F,3,5402.15
2025-08-05,DOH,LHR,US,Y,2,770.34
2025-08-05,DOH,DXB,UK,Y,3,560.04
2025-08-05,DOH,CDG,AE,F,3,4442.33
2025-08-05,DOH,DXB,UK,F,2,4052.59
2025-08-05,DOH,JFK,FR,W,1,1150.46
2025-08-05,DOH,JFK,QA,W,2,1075.71
2025-08-05,DOH,JFK,FR,Y,4,815.38
2025-08-05,DOH,LHR,QA,W,1,910.46
2025-08-05,DOH,LHR,QA,W,4,917.29
2025-08-05,DOH,JFK,UK,W,4,1112.56
2025-08-05,DOH,DXB,AE,Y,3,624.2
2025-08-05,DOH,LHR,UK,Y,1,695.88
2025-08-05,DOH,DXB,FR,J,2,2791.58
2025-08-05,DOH,JFK,FR,J,3,2241.59
2025-08-05,DOH,JFK,US,W,1,1086.81
2025-08-05,DOH,CDG,FR,F,2,5464.82
2025-08-05,DOH,LHR,US,J,1,2603.27
2025-08-05,DOH,DXB,AE,W,2,881.61
2025-08-05,DOH,DXB,QA,F,5,3625.76
2025-08-05,DOH,LHR,QA,F,1,3787.2
2025-08-05,DOH,CDG,UK,W,2,957.81
2025-08-05,DOH,LHR,QA,Y,1,720.08
2025-08-06,DOH,CDG,UK,F,4,4300.99
2025-08-06,DOH,DXB,FR,W,5,1008.81
2025-08-06,DOH,DXB,AE,F,1,5188.61
2025-08-06,DOH,JFK,UK,W,3,1097.45
2025-08-06,DOH,DXB,US,W,1,815.08
2025-08-06,DOH,DXB,AE,Y,4,783.22
2025-08-06,DOH,DXB,UK,Y,6,734.65
2025-08-06,DOH,LHR,US,J,6,2347.65
2025-08-06,DOH,DXB,UK,W,4,1088.52
2025-08-06,DOH,CDG,FR,Y,2,743.29
2025-08-06,DOH,JFK,US,W,1,955.84
2025-08-06,DOH,DXB,US,F,3,4737.43
2025-08-06,DOH,JFK,US,W,5,805.04
2025-08-06,DOH,CDG,AE,W,5,1150.16
2025-08-06,DOH,JFK,AE,W,5,1094.59
2025-08-06,DOH,LHR,AE,J,5,2437.42
2025-08-06,DOH,CDG,FR,W,2,994.08
2025-08-06,DOH,DXB,QA,F,3,4571.09
2025-08-06,DOH,CDG,AE,J,3,2317.11
2025-08-06,DOH,LHR,QA,F,1,3604.77
2025-08-06,DOH,JFK,US,W,1,1000.52
2025-08-06,DOH,JFK,US,Y,5,825.3
2025-08-06,DOH,JFK,AE,J,2,2834.41
2025-08-06,DOH,CDG,FR,J,1,2100.52
2025-08-06,DOH,LHR,AE,W,5,996.43
2025-08-06,DOH,LHR,FR,W,4,1030.39
2025-08-06,DOH,JFK,QA,J,3,1870.6
2025-08-06,DOH,DXB,AE,W,2,963.5
2025-08-06,DOH,DXB,QA,J,1,2795.53
2025-08-06,DOH,CDG,US,F,5,5473.85
2025-08-06,DOH,DXB,US,W,3,1155.19
2025-08-06,DOH,LHR,UK,F,4,4478.89
2025-08-06,DOH,CDG,QA,W,3,1188.86
2025-08-06,DOH,DXB,UK,Y,2,594.42
2025-08-06,DOH,JFK,QA,Y,3,885.89
2025-08-06,DOH,DXB,UK,J,3,3152.47
2025-08-06,DOH,JFK,US,J,2,2144.54
2025-08-06,DOH,JFK,US,Y,1,703.06
2025-08-06,DOH,JFK,QA,F,1,5240.62
2025-08-06,DOH,JFK,UK,J,1,2483.46
2025-08-06,DOH,CDG,FR,W,4,1179.38
2025-08-06,DOH,CDG,QA,W,5,1055.15
2025-08-06,DOH,DXB,FR,W,2,1063.65
2025-08-06,DOH,JFK,QA,J,3,2587.74
2025-08-06,DOH,JFK,UK,W,4,980.42
2025-08-06,DOH,LHR,AE,W,3,1056.87
2025-08-06,DOH,CDG,UK,J,3,2497.15
2025-08-06,DOH,JFK,UK,W,5,876.13
2025-08-06,DOH,CDG,QA,W,2,1000.7
2025-08-06,DOH,JFK,US,W,5,960.25
2025-08-06,DOH,LHR,QA,Y,4,833.06
2025-08-06,DOH,LHR,UK,W,2,1124.08
2025-08-06,DOH,CDG,AE,F,2,4285.03
2025-08-06,DOH,DXB,AE,F,1,5363.42
2025-08-06,DOH,DXB,UK,Y,6,502.89
2025-08-06,DOH,JFK,AE,J,3,3155.55
2025-08-06,DOH,CDG,AE,Y,3,539.64
2025-08-06,DOH,DXB,UK,Y,4,805.96
2025-08-06,DOH,DXB,US,Y,1,553.0
2025-08-06,DOH,LHR,QA,J,6,3158.07
2025-08-07,DOH,CDG,US,J,2,1818.79
2025-08-07,DOH,LHR,FR,J,2,2914.2
2025-08-07,DOH,LHR,UK,W,1,1076.46
2025-08-07,DOH,CDG,QA,W,4,1030.76
2025-08-07,DOH,DXB,US,F,2,3507.2
2025-08-07,DOH,DXB,AE,F,1,4787.79
2025-08-07,DOH,JFK,UK,W,2,1185.73
2025-08-07,DOH,CDG,QA,J,2,3126.55
2025-08-07,DOH,JFK,FR,J,2,2655.38
2025-08-07,DOH,CDG,AE,J,4,3115.45
2025-08-07,DOH,LHR,FR,Y,2,713.21
2025-08-07,DOH,DXB,UK,F,5,3917.86
2025-08-07,DOH,LHR,FR,W,4,1001.15
2025-08-07,DOH,CDG,AE,W,2,1019.83
2025-08-07,DOH,JFK,UK,Y,5,729.14
2025-08-07,DOH,DXB,AE,J,3,3186.51
2025-08-07,DOH,LHR,US,W,1,1002.39
2025-08-07,DOH,JFK,US,F,1,4527.99
2025-08-07,DOH,LHR,AE,J,5,3196.0
2025-08-07,DOH,CDG,QA,J,2,2713.04
2025-08-07,DOH,CDG,UK,F,2,4881.77
2025-08-07,DOH,LHR,FR,Y,3,711.36
2025-08-07,DOH,DXB,US,Y,1,532.16
2025-08-07,DOH,LHR,AE,J,2,2138.07
2025-08-07,DOH,CDG,UK,W,3,1049.74
2025-08-07,DOH,DXB,UK,J,2,2836.94
2025-08-07,DOH,CDG,AE,Y,3,791.36
2025-08-07,DOH,DXB,AE,Y,2,517.56
2025-08-07,DOH,LHR,FR,W,5,885.35
2025-08-07,DOH,LHR,FR,J,1,2495.98
2025-08-07,DOH,DXB,FR,J,3,3058.32
2025-08-07,DOH,LHR,QA,W,3,910.13
2025-08-07,DOH,JFK,QA,F,2,4290.51
2025-08-07,DOH,CDG,AE,F,5,4202.03
2025-08-07,DOH,JFK,US,F,5,4551.67
2025-08-07,DOH,JFK,UK,Y,2,749.67
2025-08-07,DOH,JFK,QA,J,2,3079.37
2025-08-07,DOH,CDG,UK,Y,2,822.6
2025-08-07,DOH,LHR,US,F,3,4782.21
2025-08-07,DOH,DXB,QA,J,1,2676.83
2025-08-07,DOH,JFK,FR,F,5,4396.45
2025-08-07,DOH,CDG,US,F,5,4296.55
2025-08-07,DOH,CDG,AE,J,1,2763.95
2025-08-07,DOH,CDG,QA,F,3,4609.0
2025-08-07,DOH,DXB,UK,Y,2,624.58
2025-08-07,DOH,LHR,FR,F,2,5357.52
2025-08-07,DOH,JFK,FR,W,3,945.17
2025-08-07,DOH,JFK,QA,J,1,2432.32
2025-08-07,DOH,JFK,QA,J,3,2041.32
2025-08-07,DOH,LHR,UK,Y,5,772.61
2025-08-07,DOH,JFK,FR,W,4,1029.52
2025-08-07,DOH,CDG,QA,W,4,855.06
2025-08-07,DOH,JFK,UK,W,2,1134.42
2025-08-07,DOH,CDG,US,Y,1,868.8
2025-08-07,DOH,CDG,AE,J,1,2039.45
2025-08-07,DOH,DXB,UK,F,3,4190.49
2025-08-07,DOH,DXB,FR,J,3,1894.61
2025-08-07,DOH,DXB,US,F,5,5209.61
2025-08-07,DOH,LHR,AE,J,3,2275.66
2025-08-07,DOH,JFK,US,F,2,4385.28
2025-08-08,DOH,LHR,QA,J,3,2560.09
2025-08-08,DOH,LHR,QA,F,4,5367.84
2025-08-08,DOH,CDG,FR,F,1,4664.88
2025-08-08,DOH,JFK,UK,F,2,4690.08
2025-08-08,DOH,DXB,QA,F,5,4362.48
2025-08-08,DOH,JFK,FR,F,5,4710.44
2025-08-08,DOH,LHR,FR,W,2,812.87
2025-08-08,DOH,DXB,UK,Y,6,536.7
2025-08-08,DOH,JFK,QA,W,6,817.68
2025-08-08,DOH,JFK,FR,J,4,2145.18
2025-08-08,DOH,LHR,US,W,3,830.51
2025-08-08,DOH,LHR,AE,J,2,1822.04
2025-08-08,DOH,JFK,FR,Y,5,638.63
2025-08-08,DOH,CDG,FR,J,5,2055.21
2025-08-08,DOH,LHR,QA,F,1,4923.85
2025-08-08,DOH,CDG,QA,W,6,995.47
2025-08-08,DOH,JFK,UK,F,5,4659.0
2025-08-08,DOH,JFK,FR,Y,1,848.58
2025-08-08,DOH,LHR,UK,J,3,2960.75
2025-08-08,DOH,JFK,FR,J,6,2526.77
2025-08-08,DOH,DXB,FR,Y,2,779.13
2025-08-08,DOH,CDG,QA,F,7,3838.11
2025-08-08,DOH,DXB,FR,Y,3,809.38
2025-08-08,DOH,LHR,UK,J,2,2740.15
2025-08-08,DOH,DXB,AE,J,6,2641.46
2025-08-08,DOH,CDG,US,F,2,5149.86
2025-08-08,DOH,LHR,FR,F,1,3607.38
2025-08-08,DOH,CDG,UK,W,2,1102.63
2025-08-08,DOH,CDG,AE,J,5,2383.24
2025-08-08,DOH,DXB,UK,J,7,2460.09
2025-08-08,DOH,JFK,US,W,3,1164.57
2025-08-08,DOH,CDG,QA,J,1,2669.27
2025-08-08,DOH,CDG,UK,Y,5,767.66
2025-08-08,DOH,CDG,US,J,5,2282.33
2025-08-08,DOH,JFK,US,Y,3,770.2
2025-08-08,DOH,LHR,FR,F,3,4136.22
2025-08-08,DOH,JFK,AE,W,2,862.51
2025-08-08,DOH,JFK,FR,J,4,2841.19
2025-08-08,DOH,LHR,QA,F,2,3807.11
2025-08-08,DOH,JFK,QA,J,3,3124.85
2025-08-08,DOH,JFK,QA,Y,3,747.94
2025-08-08,DOH,DXB,FR,W,4,873.84
2025-08-08,DOH,DXB,US,J,1,3125.66
2025-08-08,DOH,CDG,AE,W,4,1000.56
2025-08-08,DOH,CDG,QA,Y,3,853.1
2025-08-08,DOH,CDG,UK,J,1,2470.78
2025-08-08,DOH,JFK,AE,Y,2,785.84
2025-08-08,DOH,DXB,FR,W,2,1105.64
2025-08-08,DOH,LHR,QA,Y,4,847.72
2025-08-08,DOH,DXB,QA,W,5,1049.06
2025-08-08,DOH,CDG,AE,J,4,3099.0
2025-08-08,DOH,CDG,US,Y,1,576.49
2025-08-08,DOH,CDG,US,Y,1,556.27
2025-08-08,DOH,DXB,AE,J,3,2423.48
2025-08-08,DOH,LHR,FR,J,2,2225.39
2025-08-08,DOH,DXB,AE,F,2,5187.27
2025-08-08,DOH,JFK,QA,W,5,858.28
2025-08-08,DOH,LHR,AE,J,5,3172.84
2025-08-08,DOH,CDG,UK,F,2,3836.48
2025-08-08,DOH,JFK,AE,J,8,2186.39
2025-08-09,DOH,CDG,QA,J,1,2482.59
2025-08-09,DOH,LHR,UK,J,1,1916.23
2025-08-09,DOH,CDG,US,W,6,1157.51
2025-08-09,DOH,JFK,US,Y,1,821.72
2025-08-09,DOH,JFK,QA,F,2,3986.53
2025-08-09,DOH,CDG,UK,J,1,3007.05
2025-08-09,DOH,CDG,QA,F,3,5451.09
2025-08-09,DOH,CDG,UK,J,6,3051.59
2025-08-09,DOH,DXB,AE,F,4,4704.6
2025-08-09,DOH,DXB,QA,F,3,4397.04
2025-08-09,DOH,JFK,UK,Y,3,510.91
2025-08-09,DOH,JFK,US,J,1,2716.84
2025-08-09,DOH,LHR,AE,Y,4,604.58
2025-08-09,DOH,LHR,UK,W,3,1042.89
2025-08-09,DOH,LHR,FR,J,3,2853.04
2025-08-09,DOH,JFK,FR,J,5,2148.07
2025-08-09,DOH,CDG,FR,W,2,908.74
2025-08-09,DOH,LHR,AE,F,1,4967.9
2025-08-09,DOH,JFK,QA,J,2,2898.8
2025-08-09,DOH,DXB,UK,J,4,2410.22
2025-08-09,DOH,CDG,FR,W,6,1130.73
2025-08-09,DOH,JFK,QA,F,2,5306.0
2025-08-09,DOH,LHR,QA,J,1,2590.2
2025-08-09,DOH,LHR,US,J,4,2590.05
2025-08-09,DOH,CDG,UK,J,2,2861.4
2025-08-09,DOH,CDG,QA,W,3,1154.71
2025-08-09,DOH,JFK,AE,J,4,3027.91
2025-08-09,DOH,DXB,FR,W,3,1184.86
2025-08-09,DOH,CDG,AE,W,4,866.17
2025-08-09,DOH,LHR,AE,J,4,2852.03
2025-08-09,DOH,CDG,US,W,2,1144.21
2025-08-09,DOH,LHR,US,W,5,1114.58
2025-08-09,DOH,CDG,US,W,3,956.18
2025-08-09,DOH,DXB,FR,F,2,4293.26
2025-08-09,DOH,JFK,QA,F,2,4392.65
2025-08-09,DOH,DXB,QA,J,4,2161.78
2025-08-09,DOH,LHR,UK,J,1,2015.54
2025-08-09,DOH,JFK,UK,F,1,3833.63
2025-08-09,DOH,LHR,FR,W,3,1125.89
2025-08-09,DOH,DXB,FR,F,6,4091.59
2025-08-09,DOH,CDG,UK,W,3,1037.11
2025-08-09,DOH,LHR,QA,W,3,1199.91
2025-08-09,DOH,DXB,US,Y,1,579.43
2025-08-09,DOH,DXB,FR,Y,3,709.14
2025-08-09,DOH,DXB,FR,F,2,3971.03
2025-08-09,DOH,JFK,UK,Y,5,786.01
2025-08-09,DOH,DXB,AE,J,1,2150.25
2025-08-09,DOH,JFK,QA,W,4,966.54
2025-08-09,DOH,CDG,US,J,7,2945.75
2025-08-09,DOH,LHR,US,J,1,3168.92
2025-08-09,DOH,CDG,AE,W,2,1036.58
2025-08-09,DOH,CDG,US,F,5,4662.29
2025-08-09,DOH,CDG,AE,W,5,892.06
2025-08-09,DOH,LHR,US,J,3,3181.69
2025-08-09,DOH,DXB,UK,F,2,5095.66
2025-08-09,DOH,JFK,AE,W,1,838.62
2025-08-09,DOH,CDG,FR,Y,3,897.33
2025-08-09,DOH,LHR,AE,J,3,2869.34
2025-08-09,DOH,LHR,AE,J,2,3115.27
2025-08-09,DOH,JFK,UK,W,1,914.32
2025-08-10,DOH,DXB,US,W,1,1096.9
2025-08-10,DOH,LHR,FR,F,5,3950.65
2025-08-10,DOH,JFK,QA,J,2,1849.7
2025-08-10,DOH,DXB,QA,W,5,1040.59
2025-08-10,DOH,DXB,US,F,4,4350.5
2025-08-10,DOH,JFK,US,Y,3,565.71
2025-08-10,DOH,CDG,FR,Y,7,561.89
2025-08-10,DOH,JFK,FR,F,3,4840.5
2025-08-10,DOH,LHR,FR,Y,2,767.57
2025-08-10,DOH,LHR,AE,W,5,842.56
2025-08-10,DOH,JFK,QA,W,5,1118.56
2025-08-10,DOH,CDG,US,F,4,3565.68
2025-08-10,DOH,DXB,US,F,4,4028.41
2025-08-10,DOH,LHR,FR,Y,3,811.17
2025-08-10,DOH,CDG,UK,W,2,1062.71
2025-08-10,DOH,LHR,US,W,3,959.29
2025-08-10,DOH,CDG,AE,J,2,2187.84
2025-08-10,DOH,CDG,FR,F,3,4640.71
2025-08-10,DOH,CDG,AE,W,2,970.08
2025-08-10,DOH,DXB,US,W,4,985.69
2025-08-10,DOH,LHR,UK,J,2,2517.66
2025-08-10,DOH,LHR,QA,J,5,2222.9
2025-08-10,DOH,DXB,UK,J,4,2725.04
2025-08-10,DOH,CDG,UK,J,5,2008.49
2025-08-10,DOH,LHR,FR,F,4,5100.86
2025-08-10,DOH,CDG,QA,J,3,3117.36
2025-08-10,DOH,JFK,FR,F,2,5240.14
2025-08-10,DOH,LHR,FR,J,2,3154.17
2025-08-10,DOH,JFK,FR,W,3,898.3
2025-08-10,DOH,LHR,US,J,6,2105.99
2025-08-10,DOH,DXB,US,F,4,4245.75
2025-08-10,DOH,JFK,QA,F,3,4875.91
2025-08-10,DOH,LHR,AE,J,3,2315.74
2025-08-10,DOH,JFK,US,Y,1,796.91
2025-08-10,DOH,JFK,QA,F,3,4612.88
2025-08-10,DOH,LHR,AE,Y,1,636.7
2025-08-10,DOH,JFK,US,Y,3,808.74
2025-08-10,DOH,DXB,AE,F,3,4609.16
2025-08-10,DOH,DXB,UK,F,6,4866.67
2025-08-10,DOH,LHR,FR,W,7,1035.87
2025-08-10,DOH,DXB,QA,J,4,1871.87
2025-08-10,DOH,JFK,AE,F,3,5270.43
2025-08-10,DOH,DXB,AE,W,2,951.14
2025-08-10,DOH,DXB,UK,W,2,864.52
2025-08-10,DOH,LHR,UK,J,2,2929.04
2025-08-10,DOH,JFK,US,W,8,928.98
2025-08-10,DOH,CDG,AE,W,1,1078.93
2025-08-10,DOH,CDG,QA,F,6,4496.09
2025-08-10,DOH,CDG,UK,F,4,5456.97
2025-08-10,DOH,CDG,US,J,4,1904.78
2025-08-10,DOH,CDG,AE,F,1,4554.12
2025-08-10,DOH,LHR,AE,W,1,1036.24
2025-08-10,DOH,CDG,FR,F,1,4609.53
2025-08-10,DOH,DXB,QA,Y,3,672.44
2025-08-10,DOH,CDG,US,F,6,5342.93
2025-08-10,DOH,CDG,AE,Y,1,537.65
2025-08-10,DOH,JFK,US,W,3,919.54
2025-08-10,DOH,LHR,UK,J,4,2867.07
2025-08-10,DOH,CDG,FR,Y,3,894.22
2025-08-10,DOH,LHR,QA,W,1,1180.98
2025-08-11,DOH,LHR,US,F,3,5232.03
2025-08-11,DOH,LHR,QA,F,2,3983.45
2025-08-11,DOH,JFK,QA,Y,6,643.76
2025-08-11,DOH,CDG,US,F,2,3763.02
2025-08-11,DOH,JFK,UK,W,5,882.2
2025-08-11,DOH,JFK,UK,J,1,2896.25
2025-08-11,DOH,CDG,AE,J,3,2376.52
2025-08-11,DOH,JFK,UK,F,2,3918.99
2025-08-11,DOH,CDG,QA,J,6,1937.4
2025-08-11,DOH,CDG,US,W,1,1049.84
2025-08-11,DOH,JFK,AE,W,3,819.53
2025-08-11,DOH,CDG,UK,W,5,996.87
2025-08-11,DOH,CDG,US,W,2,928.69
2025-08-11,DOH,CDG,AE,Y,3,655.36
2025-08-11,DOH,JFK,QA,F,3,3714.19
2025-08-11,DOH,DXB,AE,Y,2,551.64
2025-08-11,DOH,LHR,FR,J,5,2023.66
2025-08-11,DOH,CDG,US,J,2,3170.03
2025-08-11,DOH,DXB,QA,Y,2,675.03
2025-08-11,DOH,LHR,UK,W,2,1142.88
2025-08-11,DOH,CDG,US,W,4,1077.33
2025-08-11,DOH,JFK,US,W,5,1146.14
2025-08-11,DOH,JFK,UK,W,4,811.52
2025-08-11,DOH,DXB,UK,Y,1,673.07
2025-08-11,DOH,DXB,UK,F,2,4829.35
2025-08-11,DOH,DXB,US,Y,2,511.36
2025-08-11,DOH,DXB,UK,J,2,2060.84
2025-08-11,DOH,DXB,QA,W,4,1154.2
2025-08-11,DOH,CDG,AE,F,1,4664.56
2025-08-11,DOH,CDG,FR,J,2,2962.72
2025-08-11,DOH,CDG,FR,Y,5,633.75
2025-08-11,DOH,JFK,FR,Y,3,557.81
2025-08-11,DOH,LHR,UK,J,7,2377.46
2025-08-11,DOH,JFK,US,W,2,952.14
2025-08-11,DOH,JFK,FR,W,1,1032.14
2025-08-11,DOH,DXB,AE,F,3,3583.27
2025-08-11,DOH,DXB,US,J,6,2941.09
2025-08-11,DOH,LHR,AE,J,3,2980.43
2025-08-11,DOH,DXB,QA,F,2,4796.91
2025-08-11,DOH,LHR,FR,Y,5,783.91
2025-08-11,DOH,CDG,AE,F,5,5126.99
2025-08-11,DOH,DXB,AE,F,3,3621.43
2025-08-11,DOH,JFK,US,F,1,4173.37
2025-08-11,DOH,DXB,AE,W,4,839.53
2025-08-11,DOH,DXB,FR,Y,3,818.17
2025-08-11,DOH,DXB,UK,Y,7,570.31
2025-08-11,DOH,LHR,UK,J,1,2243.06
2025-08-11,DOH,DXB,UK,Y,2,546.21
2025-08-11,DOH,CDG,US,W,3,1198.01
2025-08-11,DOH,LHR,FR,Y,2,713.37
2025-08-11,DOH,JFK,FR,F,4,3982.38
2025-08-11,DOH,DXB,UK,F,1,3828.35
2025-08-11,DOH,LHR,AE,Y,4,590.81
2025-08-11,DOH,DXB,AE,F,3,4875.26
2025-08-11,DOH,JFK,FR,J,1,1908.11
2025-08-11,DOH,LHR,AE,W,1,1129.51
2025-08-11,DOH,LHR,QA,F,2,5002.75
2025-08-11,DOH,JFK,UK,F,1,5324.42
2025-08-11,DOH,JFK,US,Y,1,844.98
2025-08-11,DOH,CDG,UK,J,3,3049.83
2025-08-12,DOH,LHR,UK,W,4,933.03
2025-08-12,DOH,JFK,US,J,5,2270.52
2025-08-12,DOH,CDG,US,J,4,2341.85
2025-08-12,DOH,LHR,FR,Y,5,655.92
2025-08-12,DOH,LHR,FR,J,5,3019.59
2025-08-12,DOH,JFK,FR,W,1,822.42
2025-08-12,DOH,LHR,UK,Y,2,776.66
2025-08-12,DOH,LHR,AE,Y,2,872.39
2025-08-12,DOH,DXB,FR,J,4,3031.83
2025-08-12,DOH,CDG,US,W,4,928.42
2025-08-12,DOH,LHR,US,J,5,2491.49
2025-08-12,DOH,JFK,FR,F,1,5180.47
2025-08-12,DOH,LHR,FR,Y,5,866.55
2025-08-12,DOH,JFK,UK,Y,4,732.41
2025-08-12,DOH,DXB,AE,F,1,3516.88
2025-08-12,DOH,DXB,QA,F,1,5358.38
2025-08-12,DOH,CDG,QA,J,7,2286.63
2025-08-12,DOH,DXB,QA,J,4,2893.5
2025-08-12,DOH,JFK,AE,Y,5,822.47
2025-08-12,DOH,JFK,AE,J,1,2308.45
2025-08-12,DOH,LHR,AE,W,2,873.06
2025-08-12,DOH,LHR,UK,J,4,2846.89
2025-08-12,DOH,JFK,FR,F,7,4114.65
2025-08-12,DOH,LHR,FR,Y,8,623.75
2025-08-12,DOH,LHR,FR,J,4,1928.46
2025-08-12,DOH,CDG,US,F,1,4046.8
2025-08-12,DOH,LHR,FR,J,5,2367.88
2025-08-12,DOH,DXB,UK,W,1,1034.33
2025-08-12,DOH,LHR,US,J,3,1891.02
2025-08-12,DOH,LHR,US,W,3,889.64
2025-08-12,DOH,JFK,AE,W,6,844.83
2025-08-12,DOH,JFK,UK,F,1,5185.12
2025-08-12,DOH,LHR,UK,W,6,1060.13
2025-08-12,DOH,DXB,FR,W,4,1009.27
2025-08-12,DOH,JFK,US,Y,3,646.52
2025-08-12,DOH,JFK,AE,F,2,3667.31
2025-08-12,DOH,JFK,US,Y,4,804.22
2025-08-12,DOH,DXB,QA,W,3,957.14
2025-08-12,DOH,DXB,UK,F,2,4898.18
2025-08-12,DOH,DXB,US,J,3,2512.35
2025-08-12,DOH,JFK,UK,F,4,4438.44
2025-08-12,DOH,CDG,AE,J,1,2654.99
2025-08-12,DOH,CDG,AE,J,2,1856.3
2025-08-12,DOH,DXB,FR,Y,2,889.93
2025-08-12,DOH,DXB,AE,W,3,938.37
2025-08-12,DOH,JFK,UK,J,2,2413.47
2025-08-12,DOH,LHR,US,J,3,2077.79
2025-08-12,DOH,LHR,QA,J,1,2683.62
2025-08-12,DOH,CDG,QA,F,2,3539.14
2025-08-12,DOH,DXB,UK,F,5,3960.83
2025-08-12,DOH,JFK,QA,F,1,4739.37
2025-08-12,DOH,JFK,US,W,3,808.19
2025-08-12,DOH,LHR,QA,J,2,2553.14
2025-08-12,DOH,LHR,UK,J,2,2570.36
2025-08-12,DOH,DXB,QA,W,8,917.73
2025-08-12,DOH,LHR,FR,J,1,2065.1
2025-08-12,DOH,DXB,US,Y,2,606.85
2025-08-12,DOH,JFK,US,F,7,4830.99
2025-08-12,DOH,DXB,AE,Y,1,859.6
2025-08-12,DOH,JFK,AE,W,2,1146.7
2025-08-13,DOH,DXB,UK,J,3,3028.95
2025-08-13,DOH,DXB,US,W,2,1185.3
2025-08-13,DOH,LHR,UK,F,3,4831.15
2025-08-13,DOH,CDG,QA,W,3,979.85
2025-08-13,DOH,DXB,UK,J,5,1844.48
2025-08-13,DOH,LHR,AE,Y,1,516.78
2025-08-13,DOH,CDG,US,Y,1,668.08
2025-08-13,DOH,CDG,AE,W,3,1124.85
2025-08-13,DOH,DXB,US,Y,2,555.33
2025-08-13,DOH,LHR,UK,Y,2,870.45
2025-08-13,DOH,JFK,QA,F,3,4374.92
2025-08-13,DOH,LHR,QA,J,4,3158.2
2025-08-13,DOH,CDG,FR,J,4,2019.92
2025-08-13,DOH,CDG,UK,J,3,2044.78
2025-08-13,DOH,LHR,FR,W,2,851.07
2025-08-13,DOH,DXB,QA,J,1,1971.44
2025-08-13,DOH,DXB,QA,F,2,5182.26
2025-08-13,DOH,JFK,QA,W,1,1131.42
2025-08-13,DOH,JFK,FR,F,7,4275.42
2025-08-13,DOH,JFK,UK,Y,4,651.51
2025-08-13,DOH,LHR,QA,Y,4,816.97
2025-08-13,DOH,DXB,QA,J,3,3191.26
2025-08-13,DOH,DXB,QA,W,3,823.15
2025-08-13,DOH,DXB,AE,Y,1,678.59
2025-08-13,DOH,LHR,US,Y,4,759.29
2025-08-13,DOH,JFK,UK,W,2,1056.97
2025-08-13,DOH,LHR,UK,Y,2,740.51
2025-08-13,DOH,LHR,UK,W,2,1061.83
2025-08-13,DOH,DXB,FR,F,3,3844.82
2025-08-13,DOH,LHR,AE,Y,1,755.33
2025-08-13,DOH,LHR,AE,Y,2,845.14
2025-08-13,DOH,DXB,FR,Y,3,780.47
2025-08-13,DOH,JFK,QA,J,1,2346.38
2025-08-13,DOH,LHR,UK,J,4,2745.46
2025-08-13,DOH,LHR,AE,Y,5,814.8
2025-08-13,DOH,CDG,AE,F,4,5361.34
2025-08-13,DOH,DXB,US,J,2,1920.93
2025-08-13,DOH,CDG,US,Y,5,852.83
2025-08-13,DOH,CDG,AE,Y,2,592.25
2025-08-13,DOH,CDG,US,Y,4,710.64
2025-08-13,DOH,CDG,FR,Y,1,552.34
2025-08-13,DOH,DXB,QA,Y,3,619.41
2025-08-13,DOH,DXB,QA,W,5,927.65
2025-08-13,DOH,LHR,QA,Y,4,890.73
2025-08-13,DOH,DXB,UK,J,6,1915.49
2025-08-13,DOH,JFK,QA,W,1,1160.59
2025-08-13,DOH,LHR,AE,J,5,2076.72
2025-08-13,DOH,DXB,FR,J,5,2282.08
2025-08-13,DOH,DXB,US,W,4,1060.14
2025-08-13,DOH,LHR,UK,F,3,5330.33
2025-08-13,DOH,LHR,QA,F,2,4935.01
2025-08-13,DOH,LHR,QA,F,5,4926.49
2025-08-13,DOH,LHR,AE,J,5,2971.78
2025-08-13,DOH,LHR,US,W,2,834.38
2025-08-13,DOH,JFK,US,F,3,4976.18
2025-08-13,DOH,CDG,AE,F,3,4720.75
2025-08-13,DOH,CDG,FR,Y,3,807.65
2025-08-13,DOH,CDG,AE,J,5,3019.35
2025-08-13,DOH,LHR,FR,J,2,2998.21
2025-08-13,DOH,LHR,AE,Y,1,639.46
2025-08-14,DOH,DXB,AE,Y,5,733.27
2025-08-14,DOH,DXB,AE,J,3,2762.86
2025-08-14,DOH,LHR,FR,J,5,1853.1
2025-08-14,DOH,JFK,UK,W,2,975.25
2025-08-14,DOH,JFK,UK,J,5,2310.0
2025-08-14,DOH,LHR,QA,W,10,1172.55
2025-08-14,DOH,CDG,UK,J,3,2064.18
2025-08-14,DOH,CDG,QA,F,2,4856.0
2025-08-14,DOH,DXB,UK,F,4,5395.32
2025-08-14,DOH,JFK,UK,Y,5,715.48
2025-08-14,DOH,DXB,FR,F,3,3763.18
2025-08-14,DOH,CDG,AE,J,1,2466.76
2025-08-14,DOH,CDG,UK,W,2,1133.97
2025-08-14,DOH,JFK,QA,Y,1,669.7
2025-08-14,DOH,CDG,AE,F,6,4119.57
2025-08-14,DOH,DXB,AE,F,5,4748.21
2025-08-14,DOH,JFK,FR,Y,4,872.12
2025-08-14,DOH,DXB,FR,Y,5,791.74
2025-08-14,DOH,JFK,FR,J,4,3109.46
2025-08-14,DOH,JFK,AE,F,1,3945.35
2025-08-14,DOH,DXB,AE,W,3,1023.93
2025-08-14,DOH,DXB,FR,W,6,966.55
2025-08-14,DOH,CDG,AE,F,2,5128.01
2025-08-14,DOH,LHR,QA,W,5,873.64
2025-08-14,DOH,DXB,AE,F,1,4254.63
2025-08-14,DOH,LHR,UK,F,3,4801.65
2025-08-14,DOH,JFK,UK,W,3,1173.7
2025-08-14,DOH,CDG,FR,Y,1,831.75
2025-08-14,DOH,JFK,AE,Y,6,525.45
2025-08-14,DOH,DXB,AE,F,6,5359.39
2025-08-14,DOH,DXB,AE,F,4,4792.97
2025-08-14,DOH,CDG,UK,J,4,2730.61
2025-08-14,DOH,DXB,AE,Y,3,760.92
2025-08-14,DOH,JFK,QA,W,4,844.4
2025-08-14,DOH,DXB,US,W,3,1055.98
2025-08-14,DOH,LHR,AE,J,1,3157.26
2025-08-14,DOH,DXB,US,Y,7,616.89
2025-08-14,DOH,JFK,FR,W,1,938.11
2025-08-14,DOH,DXB,FR,J,4,2308.87
2025-08-14,DOH,DXB,UK,Y,3,704.04
2025-08-14,DOH,JFK,US,J,4,2919.68
2025-08-14,DOH,CDG,AE,W,6,840.49
2025-08-14,DOH,CDG,US,W,2,1021.52
2025-08-14,DOH,CDG,US,J,1,2598.7
2025-08-14,DOH,LHR,UK,Y,3,702.63
2025-08-14,DOH,JFK,UK,W,3,1192.55
2025-08-14,DOH,DXB,QA,J,4,2267.8
2025-08-14,DOH,LHR,FR,J,3,2360.15
2025-08-14,DOH,LHR,FR,Y,1,873.59
2025-08-14,DOH,LHR,FR,F,3,5295.22
2025-08-14,DOH,DXB,AE,J,8,2542.58
2025-08-14,DOH,CDG,QA,Y,1,669.13
2025-08-14,DOH,CDG,US,W,1,1057.98
2025-08-14,DOH,LHR,UK,W,4,992.11
2025-08-14,DOH,JFK,US,Y,3,708.64
2025-08-14,DOH,DXB,QA,J,5,2046.05
2025-08-14,DOH,LHR,AE,W,4,927.66
2025-08-14,DOH,DXB,FR,F,3,4757.99
2025-08-14,DOH,CDG,QA,W,2,1130.15
2025-08-14,DOH,CDG,FR,J,4,2010.66
2025-08-15,DOH,DXB,AE,Y,1,605.73
2025-08-15,DOH,CDG,UK,J,3,2940.3
2025-08-15,DOH,CDG,US,Y,2,800.1
2025-08-15,DOH,JFK,QA,J,8,1889.42
2025-08-15,DOH,LHR,UK,Y,2,534.1
2025-08-15,DOH,CDG,US,Y,2,712.31
2025-08-15,DOH,LHR,UK,W,2,1028.17
2025-08-15,DOH,JFK,UK,F,1,4490.77
2025-08-15,DOH,DXB,AE,W,1,1045.59
2025-08-15,DOH,CDG,FR,Y,2,851.12
2025-08-15,DOH,CDG,AE,W,3,977.51
2025-08-15,DOH,LHR,FR,W,5,1087.16
2025-08-15,DOH,LHR,QA,W,4,1163.44
2025-08-15,DOH,DXB,FR,F,5,3909.0
2025-08-15,DOH,JFK,US,J,4,1880.39
2025-08-15,DOH,DXB,UK,W,3,940.11
2025-08-15,DOH,CDG,AE,Y,3,759.87
2025-08-15,DOH,DXB,QA,F,1,4827.88
2025-08-15,DOH,JFK,UK,Y,5,824.26
2025-08-15,DOH,CDG,UK,F,6,4857.76
2025-08-15,DOH,JFK,FR,W,5,1143.63
2025-08-15,DOH,JFK,FR,J,1,3002.74
2025-08-15,DOH,CDG,UK,F,2,4705.09
2025-08-15,DOH,DXB,UK,W,5,1127.1
2025-08-15,DOH,LHR,FR,F,4,3705.75
2025-08-15,DOH,DXB,AE,W,1,801.13
2025-08-15,DOH,JFK,UK,J,3,2973.4
2025-08-15,DOH,LHR,FR,W,5,1126.13
2025-08-15,DOH,DXB,AE,W,3,870.55
2025-08-15,DOH,DXB,FR,J,2,2501.06
2025-08-15,DOH,CDG,US,W,7,878.52
2025-08-15,DOH,DXB,UK,F,4,5294.86
2025-08-15,DOH,LHR,US,W,2,1024.25
2025-08-15,DOH,LHR,QA,J,1,1895.62
2025-08-15,DOH,LHR,UK,J,6,2113.34
2025-08-15,DOH,LHR,UK,Y,2,813.54
2025-08-15,DOH,LHR,QA,Y,5,595.52
2025-08-15,DOH,CDG,AE,W,3,855.31
2025-08-15,DOH,LHR,QA,Y,3,895.8
2025-08-15,DOH,DXB,US,F,1,3696.24
2025-08-15,DOH,DXB,US,F,4,5016.6
2025-08-15,DOH,DXB,AE,Y,3,706.14
2025-08-15,DOH,CDG,US,W,3,900.9
2025-08-15,DOH,CDG,US,F,2,4643.7
2025-08-15,DOH,DXB,QA,F,3,3808.37
2025-08-15,DOH,LHR,AE,J,1,2770.07
2025-08-15,DOH,CDG,UK,J,6,2161.82
2025-08-15,DOH,JFK,US,J,1,2092.36
2025-08-15,DOH,CDG,FR,W,7,923.9
2025-08-15,DOH,JFK,UK,F,2,3977.11
2025-08-15,DOH,JFK,UK,W,2,874.86
2025-08-15,DOH,JFK,FR,Y,1,566.38
2025-08-15,DOH,DXB,AE,Y,3,548.45
2025-08-15,DOH,JFK,QA,W,1,814.38
2025-08-15,DOH,LHR,UK,Y,2,843.22
2025-08-15,DOH,DXB,UK,Y,4,805.49
2025-08-15,DOH,LHR,AE,Y,2,873.31
2025-08-15,DOH,JFK,QA,W,5,942.22
2025-08-15,DOH,CDG,AE,W,3,859.12
2025-08-15,DOH,LHR,QA,Y,5,776.85
2025-08-16,DOH,DXB,AE,W,1,844.3
2025-08-16,DOH,JFK,AE,W,5,950.49
2025-08-16,DOH,JFK,FR,J,3,2345.94
2025-08-16,DOH,DXB,AE,F,5,5343.69
2025-08-16,DOH,CDG,US,F,2,4494.45
2025-08-16,DOH,CDG,AE,F,2,4774.22
2025-08-16,DOH,LHR,UK,F,4,4210.92
2025-08-16,DOH,LHR,QA,W,5,980.34
2025-08-16,DOH,JFK,UK,J,1,2275.77
2025-08-16,DOH,LHR,AE,Y,3,870.98
2025-08-16,DOH,DXB,UK,W,2,1197.31
2025-08-16,DOH,CDG,US,Y,1,544.22
2025-08-16,DOH,CDG,FR,F,2,3793.24
2025-08-16,DOH,JFK,QA,F,1,5231.78
2025-08-16,DOH,JFK,AE,Y,5,503.39
2025-08-16,DOH,CDG,AE,Y,6,872.97
2025-08-16,DOH,LHR,UK,J,2,2567.25
2025-08-16,DOH,JFK,US,F,5,4802.67
2025-08-16,DOH,LHR,AE,F,6,4340.53
2025-08-16,DOH,LHR,US,J,4,2018.92
2025-08-16,DOH,LHR,US,F,3,4094.15
2025-08-16,DOH,DXB,QA,F,2,4375.96
2025-08-16,DOH,DXB,AE,F,1,4825.6
2025-08-16,DOH,DXB,QA,F,2,5366.9
2025-08-16,DOH,JFK,QA,W,1,907.24
2025-08-16,DOH,JFK,US,F,6,5018.54
2025-08-16,DOH,CDG,UK,F,2,3932.08
2025-08-16,DOH,CDG,FR,F,6,4574.71
2025-08-16,DOH,CDG,US,J,2,2029.19
2025-08-16,DOH,CDG,US,Y,1,748.89
2025-08-16,DOH,JFK,UK,Y,2,838.96
2025-08-16,DOH,DXB,UK,Y,4,797.87
2025-08-16,DOH,CDG,FR,Y,2,736.68
2025-08-16,DOH,DXB,AE,W,3,869.23
2025-08-16,DOH,JFK,QA,W,2,948.9
2025-08-16,DOH,DXB,UK,F,4,4498.02
2025-08-16,DOH,JFK,US,Y,5,759.39
2025-08-16,DOH,JFK,QA,J,1,2783.14
2025-08-16,DOH,DXB,AE,F,3,3758.89
2025-08-16,DOH,LHR,US,Y,3,523.72
2025-08-16,DOH,DXB,AE,F,6,4023.87
2025-08-16,DOH,JFK,UK,W,1,1185.12
2025-08-16,DOH,DXB,FR,W,2,1142.56
2025-08-16,DOH,LHR,QA,W,2,947.81
2025-08-16,DOH,LHR,US,J,4,2782.02
2025-08-16,DOH,CDG,FR,W,4,1130.57
2025-08-16,DOH,JFK,UK,W,2,1084.21
2025-08-16,DOH,DXB,US,Y,6,714.84
2025-08-16,DOH,LHR,US,W,1,1037.89
2025-08-16,DOH,LHR,QA,J,2,2402.48
2025-08-16,DOH,DXB,UK,Y,6,779.56
2025-08-16,DOH,DXB,AE,Y,3,527.62
2025-08-16,DOH,LHR,AE,Y,4,783.39
2025-08-16,DOH,CDG,FR,J,2,2961.05
2025-08-16,DOH,JFK,AE,Y,4,718.42
2025-08-16,DOH,LHR,US,J,5,3115.9
2025-08-16,DOH,LHR,US,W,2,906.78
2025-08-16,DOH,CDG,QA,W,3,1072.56
2025-08-16,DOH,LHR,QA,Y,3,524.22
2025-08-16,DOH,LHR,FR,F,5,4075.61
2025-08-17,DOH,JFK,AE,W,2,883.44
2025-08-17,DOH,JFK,US,W,4,809.81
2025-08-17,DOH,LHR,AE,Y,6,841.0
2025-08-17,DOH,LHR,UK,F,2,5420.9
2025-08-17,DOH,LHR,AE,F,3,4784.13
2025-08-17,DOH,CDG,US,W,7,908.38
2025-08-17,DOH,DXB,UK,Y,2,658.83
2025-08-17,DOH,LHR,FR,F,3,4651.57
2025-08-17,DOH,LHR,AE,F,1,4969.93
2025-08-17,DOH,JFK,UK,J,5,2777.05
2025-08-17,DOH,LHR,UK,Y,2,678.64
2025-08-17,DOH,DXB,QA,Y,1,528.87
2025-08-17,DOH,DXB,FR,W,2,891.8
2025-08-17,DOH,JFK,US,Y,5,879.06
2025-08-17,DOH,JFK,US,Y,5,872.96
2025-08-17,DOH,LHR,US,J,3,2646.72
2025-08-17,DOH,JFK,FR,W,4,1197.75
2025-08-17,DOH,CDG,FR,Y,6,540.06
2025-08-17,DOH,DXB,UK,W,2,968.13
2025-08-17,DOH,JFK,AE,Y,3,684.71
2025-08-17,DOH,JFK,UK,F,1,4260.79
2025-08-17,DOH,LHR,US,W,3,1164.77
2025-08-17,DOH,CDG,AE,J,9,2623.72
2025-08-17,DOH,DXB,QA,W,1,1015.64
2025-08-17,DOH,DXB,AE,J,6,2574.14
2025-08-17,DOH,CDG,FR,W,4,920.49
2025-08-17,DOH,DXB,QA,W,1,1129.22
2025-08-17,DOH,LHR,AE,Y,2,682.29
2025-08-17,DOH,DXB,US,J,2,1920.41
2025-08-17,DOH,JFK,QA,Y,1,506.91
2025-08-17,DOH,JFK,UK,Y,1,663.75
2025-08-17,DOH,LHR,FR,J,5,2834.78
2025-08-17,DOH,CDG,UK,Y,4,695.63
2025-08-17,DOH,JFK,UK,F,4,3619.26
2025-08-17,DOH,LHR,FR,F,7,4636.09
2025-08-17,DOH,LHR,UK,W,3,879.15
2025-08-17,DOH,DXB,UK,Y,4,870.67
2025-08-17,DOH,CDG,US,J,3,3098.22
2025-08-17,DOH,CDG,FR,J,1,1892.36
2025-08-17,DOH,CDG,AE,Y,2,770.99
2025-08-17,DOH,LHR,US,J,2,2255.77
2025-08-17,DOH,JFK,UK,Y,1,596.24
2025-08-17,DOH,CDG,FR,W,4,1084.39
2025-08-17,DOH,LHR,US,J,5,2648.4
2025-08-17,DOH,CDG,FR,J,2,2213.62
2025-08-17,DOH,LHR,AE,J,3,2331.75
2025-08-17,DOH,JFK,AE,J,2,1943.58
2025-08-17,DOH,DXB,FR,Y,3,754.08
2025-08-17,DOH,CDG,UK,W,6,1184.33
2025-08-17,DOH,DXB,QA,J,1,2857.9
2025-08-17,DOH,CDG,QA,F,3,4868.05
2025-08-17,DOH,DXB,AE,W,1,1014.0
2025-08-17,DOH,CDG,US,F,2,3736.68
2025-08-17,DOH,CDG,AE,F,3,3812.06
2025-08-17,DOH,DXB,QA,J,3,2087.89
2025-08-17,DOH,LHR,FR,W,4,1174.51
2025-08-17,DOH,DXB,AE,W,1,1093.29
2025-08-17,DOH,LHR,US,J,2,2378.52
2025-08-17,DOH,JFK,QA,F,9,4925.62
2025-08-17,DOH,CDG,UK,Y,3,688.42
2025-08-18,DOH,JFK,AE,Y,4,567.31
2025-08-18,DOH,CDG,UK,Y,3,602.49
2025-08-18,DOH,DXB,US,J,4,3081.58
2025-08-18,DOH,CDG,FR,W,2,1107.14
2025-08-18,DOH,CDG,US,F,1,3909.83
2025-08-18,DOH,DXB,FR,Y,2,662.76
2025-08-18,DOH,LHR,AE,Y,1,885.04
2025-08-18,DOH,JFK,QA,Y,5,540.97
2025-08-18,DOH,DXB,QA,Y,2,869.43
2025-08-18,DOH,DXB,US,F,4,3593.82
2025-08-18,DOH,LHR,UK,J,5,2111.54
2025-08-18,DOH,CDG,US,W,5,969.01
2025-08-18,DOH,LHR,QA,F,2,4357.85
2025-08-18,DOH,DXB,AE,W,1,932.39
2025-08-18,DOH,JFK,QA,Y,2,534.51
2025-08-18,DOH,DXB,US,F,4,4981.62
2025-08-18,DOH,LHR,UK,W,3,928.21
2025-08-18,DOH,CDG,UK,J,3,2751.5
2025-08-18,DOH,CDG,AE,F,4,5082.83
2025-08-18,DOH,CDG,UK,W,4,1191.0
2025-08-18,DOH,JFK,AE,J,1,2911.54
2025-08-18,DOH,DXB,FR,Y,5,655.56
2025-08-18,DOH,JFK,FR,F,2,4906.84
2025-08-18,DOH,CDG,FR,W,2,945.09
2025-08-18,DOH,LHR,UK,Y,1,778.35
2025-08-18,DOH,LHR,US,J,4,2186.33
2025-08-18,DOH,CDG,AE,J,3,2764.79
2025-08-18,DOH,LHR,FR,W,3,1051.83
2025-08-18,DOH,LHR,AE,W,4,890.45
2025-08-18,DOH,DXB,AE,W,3,1157.56
2025-08-18,DOH,CDG,AE,J,1,1803.35
2025-08-18,DOH,CDG,UK,W,3,1182.25
2025-08-18,DOH,JFK,AE,J,5,1908.38
2025-08-18,DOH,JFK,US,J,3,2045.33
2025-08-18,DOH,DXB,AE,Y,1,645.45
2025-08-18,DOH,CDG,QA,Y,1,872.01
2025-08-18,DOH,LHR,UK,F,1,5453.88
2025-08-18,DOH,LHR,QA,Y,6,771.53
2025-08-18,DOH,LHR,FR,F,3,4123.27
2025-08-18,DOH,JFK,FR,W,5,1126.98
2025-08-18,DOH,CDG,QA,W,5,1076.34
2025-08-18,DOH,CDG,AE,Y,3,750.05
2025-08-18,DOH,JFK,QA,J,4,1848.56
2025-08-18,DOH,JFK,FR,Y,2,746.44
2025-08-18,DOH,DXB,UK,J,2,1907.51
2025-08-18,DOH,LHR,QA,Y,2,570.76
2025-08-18,DOH,CDG,UK,J,2,2676.63
2025-08-18,DOH,DXB,AE,F,3,5269.77
2025-08-18,DOH,JFK,AE,F,2,5221.02
2025-08-18,DOH,CDG,US,Y,3,523.66
2025-08-18,DOH,DXB,US,Y,2,720.76
2025-08-18,DOH,DXB,US,Y,3,826.51
2025-08-18,DOH,JFK,AE,W,5,1107.99
2025-08-18,DOH,DXB,UK,W,5,921.67
2025-08-18,DOH,DXB,FR,J,2,2507.32
2025-08-18,DOH,JFK,UK,W,4,895.6
2025-08-18,DOH,CDG,US,Y,3,752.08
2025-08-18,DOH,LHR,US,F,1,4990.06
2025-08-18,DOH,LHR,US,W,2,1177.24
2025-08-18,DOH,LHR,QA,J,1,2593.28
2025-08-19,DOH,DXB,US,F,4,4918.91
2025-08-19,DOH,JFK,AE,W,3,1132.07
2025-08-19,DOH,JFK,FR,F,4,5341.47
2025-08-19,DOH,JFK,UK,W,3,811.72
2025-08-19,DOH,JFK,UK,F,2,5112.85
2025-08-19,DOH,CDG,US,J,2,2445.13
2025-08-19,DOH,CDG,QA,Y,4,606.52
2025-08-19,DOH,DXB,FR,F,4,5493.92
2025-08-19,DOH,JFK,US,F,5,4661.5
2025-08-19,DOH,CDG,US,W,3,1145.63
2025-08-19,DOH,LHR,QA,J,2,2664.62
2025-08-19,DOH,LHR,QA,W,1,1168.32
2025-08-19,DOH,LHR,US,F,2,4574.0
2025-08-19,DOH,JFK,QA,J,4,1890.18
2025-08-19,DOH,JFK,AE,Y,3,647.43
2025-08-19,DOH,CDG,UK,J,2,1840.39
2025-08-19,DOH,JFK,US,J,2,1815.09
2025-08-19,DOH,CDG,UK,J,4,2474.84
2025-08-19,DOH,JFK,AE,W,1,1135.84
2025-08-19,DOH,DXB,US,J,2,2725.87
2025-08-19,DOH,DXB,QA,F,5,4536.22
2025-08-19,DOH,JFK,US,F,2,5015.84
2025-08-19,DOH,CDG,FR,F,2,4494.99
2025-08-19,DOH,CDG,UK,Y,2,822.02
2025-08-19,DOH,CDG,AE,W,7,1057.18
2025-08-19,DOH,LHR,QA,Y,1,603.28
2025-08-19,DOH,LHR,UK,Y,2,569.76
2025-08-19,DOH,CDG,AE,W,4,1084.37
2025-08-19,DOH,LHR,UK,Y,7,545.02
2025-08-19,DOH,DXB,QA,W,3,900.91
2025-08-19,DOH,DXB,FR,W,2,1185.31
2025-08-19,DOH,CDG,AE,Y,2,559.25
2025-08-19,DOH,JFK,UK,Y,7,735.0
2025-08-19,DOH,LHR,UK,W,4,1135.43
2025-08-19,DOH,JFK,QA,J,2,2500.58
2025-08-19,DOH,CDG,US,J,5,2664.13
2025-08-19,DOH,JFK,AE,J,1,2771.16
2025-08-19,DOH,DXB,UK,J,6,2856.04
2025-08-19,DOH,CDG,US,W,4,839.92
2025-08-19,DOH,DXB,FR,Y,1,742.37
2025-08-19,DOH,JFK,AE,F,2,3696.89
2025-08-19,DOH,DXB,QA,J,3,1960.6
2025-08-19,DOH,JFK,AE,F,2,4577.15
2025-08-19,DOH,CDG,AE,J,1,2654.6
2025-08-19,DOH,JFK,QA,F,3,5029.02
2025-08-19,DOH,LHR,FR,Y,5,554.72
2025-08-19,DOH,DXB,FR,J,4,2586.61
2025-08-19,DOH,JFK,US,W,3,1193.87
2025-08-19,DOH,LHR,QA,F,2,4915.72
2025-08-19,DOH,DXB,UK,Y,1,774.09
2025-08-19,DOH,LHR,FR,J,4,2431.58
2025-08-19,DOH,LHR,US,W,3,887.06
2025-08-19,DOH,DXB,UK,J,2,2138.93
2025-08-19,DOH,DXB,US,J,1,3087.66
2025-08-19,DOH,JFK,AE,W,2,1102.51
2025-08-19,DOH,JFK,QA,W,5,947.68
2025-08-19,DOH,LHR,QA,W,2,806.62
2025-08-19,DOH,CDG,UK,Y,2,604.07
2025-08-19,DOH,CDG,FR,Y,4,775.93
2025-08-19,DOH,CDG,US,W,5,1085.45
2025-08-20,DOH,DXB,QA,Y,3,885.09
2025-08-20,DOH,CDG,AE,F,2,5033.18
2025-08-20,DOH,LHR,UK,J,3,2528.94
2025-08-20,DOH,CDG,QA,J,3,2178.95
2025-08-20,DOH,CDG,US,J,3,2518.72
2025-08-20,DOH,JFK,US,W,1,1103.66
2025-08-20,DOH,DXB,FR,Y,4,685.4
2025-08-20,DOH,JFK,QA,J,4,3155.72
2025-08-20,DOH,DXB,US,Y,2,603.96
2025-08-20,DOH,LHR,AE,W,3,893.91
2025-08-20,DOH,JFK,AE,F,3,5070.74
2025-08-20,DOH,DXB,UK,J,4,3018.89
2025-08-20,DOH,CDG,US,W,4,990.07
2025-08-20,DOH,LHR,US,Y,4,675.27
2025-08-20,DOH,JFK,QA,Y,4,867.43
2025-08-20,DOH,JFK,FR,W,2,989.25
2025-08-20,DOH,DXB,UK,F,3,4982.89
2025-08-20,DOH,JFK,QA,J,6,2556.33
2025-08-20,DOH,CDG,QA,F,4,4504.05
2025-08-20,DOH,JFK,AE,Y,1,774.07
2025-08-20,DOH,JFK,AE,J,1,2766.64
2025-08-20,DOH,DXB,QA,Y,5,739.86
2025-08-20,DOH,CDG,FR,J,4,2522.61
2025-08-20,DOH,DXB,QA,W,4,962.67
2025-08-20,DOH,JFK,AE,J,1,3018.24
2025-08-20,DOH,LHR,US,Y,5,783.22
2025-08-20,DOH,LHR,QA,W,1,837.71
2025-08-20,DOH,LHR,AE,W,1,882.51
2025-08-20,DOH,CDG,UK,W,5,1056.77
2025-08-20,DOH,LHR,FR,W,4,922.65
2025-08-20,DOH,DXB,QA,F,1,4828.08
2025-08-20,DOH,LHR,US,J,9,2942.82
2025-08-20,DOH,DXB,QA,Y,2,699.27
2025-08-20,DOH,JFK,US,J,2,2196.62
2025-08-20,DOH,DXB,AE,W,1,943.27
2025-08-20,DOH,LHR,FR,F,1,4856.05
2025-08-20,DOH,CDG,UK,W,3,948.03
2025-08-20,DOH,LHR,UK,J,2,2372.63
2025-08-20,DOH,CDG,AE,W,3,1032.87
2025-08-20,DOH,CDG,AE,Y,1,681.63
2025-08-20,DOH,LHR,QA,J,2,2598.43
2025-08-20,DOH,LHR,UK,W,7,1135.38
2025-08-20,DOH,CDG,UK,J,1,2699.63
2025-08-20,DOH,CDG,US,J,3,1843.4
2025-08-20,DOH,LHR,UK,W,2,1041.39
2025-08-20,DOH,CDG,QA,J,4,3037.33
2025-08-20,DOH,CDG,UK,W,1,919.84
2025-08-20,DOH,CDG,UK,Y,2,678.37
2025-08-20,DOH,JFK,FR,J,3,1963.94
2025-08-20,DOH,DXB,UK,Y,4,539.47
2025-08-20,DOH,DXB,AE,Y,3,800.79
2025-08-20,DOH,DXB,AE,F,3,4521.97
2025-08-20,DOH,CDG,UK,J,2,2431.27
2025-08-20,DOH,CDG,FR,J,9,2312.64
2025-08-20,DOH,JFK,QA,J,1,1819.88
2025-08-20,DOH,JFK,UK,W,6,1198.8
2025-08-20,DOH,LHR,FR,Y,4,822.09
2025-08-20,DOH,LHR,AE,Y,1,567.84
2025-08-20,DOH,DXB,FR,Y,2,831.26
2025-08-20,DOH,CDG,AE,W,3,907.83
2025-08-21,DOH,LHR,QA,W,5,941.42
2025-08-21,DOH,CDG,UK,J,3,2987.36
2025-08-21,DOH,DXB,QA,Y,4,891.65
2025-08-21,DOH,LHR,UK,J,4,2726.91
2025-08-21,DOH,CDG,UK,F,2,4046.17
2025-08-21,DOH,DXB,UK,F,3,5053.05
2025-08-21,DOH,JFK,US,W,1,884.18
2025-08-21,DOH,DXB,FR,Y,2,626.09
2025-08-21,DOH,LHR,FR,Y,3,604.84
2025-08-21,DOH,CDG,US,Y,3,694.71
2025-08-21,DOH,JFK,AE,J,3,3081.04
2025-08-21,DOH,DXB,FR,Y,2,874.54
2025-08-21,DOH,CDG,UK,Y,2,762.84
2025-08-21,DOH,CDG,US,F,2,4172.09
2025-08-21,DOH,LHR,QA,J,1,2519.83
2025-08-21,DOH,JFK,US,F,1,5028.93
2025-08-21,DOH,DXB,US,W,2,1035.33
2025-08-21,DOH,DXB,AE,J,1,2077.58
2025-08-21,DOH,JFK,FR,J,3,2242.96
2025-08-21,DOH,CDG,AE,W,5,1077.75
2025-08-21,DOH,DXB,US,W,1,1199.99
2025-08-21,DOH,LHR,US,F,4,5184.43
2025-08-21,DOH,JFK,QA,Y,2,749.37
2025-08-21,DOH,CDG,QA,J,5,1956.66
2025-08-21,DOH,LHR,QA,W,2,1149.45
2025-08-21,DOH,LHR,AE,J,3,2660.74
2025-08-21,DOH,CDG,UK,J,4,2424.71
2025-08-21,DOH,CDG,AE,F,5,4987.75
2025-08-21,DOH,JFK,FR,F,4,3601.52
2025-08-21,DOH,LHR,AE,Y,1,718.87
2025-08-21,DOH,LHR,FR,F,4,3886.77
2025-08-21,DOH,LHR,UK,J,1,2267.03
2025-08-21,DOH,DXB,US,F,4,4447.57
2025-08-21,DOH,CDG,US,F,3,5123.12
2025-08-21,DOH,JFK,FR,W,2,1006.22
2025-08-21,DOH,LHR,FR,J,3,2146.34
2025-08-21,DOH,JFK,FR,J,3,1858.83
2025-08-21,DOH,JFK,US,F,3,3625.65
2025-08-21,DOH,DXB,QA,J,1,2809.54
2025-08-21,DOH,CDG,FR,Y,2,722.66
2025-08-21,DOH,LHR,UK,J,3,3000.11
2025-08-21,DOH,CDG,FR,J,5,2597.94
2025-08-21,DOH,LHR,UK,J,4,2113.54
2025-08-21,DOH,JFK,US,W,2,992.53
2025-08-21,DOH,CDG,AE,W,3,986.3
2025-08-21,DOH,LHR,AE,J,3,1835.31
2025-08-21,DOH,JFK,QA,J,1,2750.55
2025-08-21,DOH,DXB,FR,F,3,4620.49
2025-08-21,DOH,LHR,QA,F,8,4008.92
2025-08-21,DOH,LHR,FR,W,3,950.54
2025-08-21,DOH,CDG,UK,Y,2,844.75
2025-08-21,DOH,CDG,UK,Y,3,584.33
2025-08-21,DOH,DXB,FR,J,7,2761.11
2025-08-21,DOH,DXB,US,F,4,4984.09
2025-08-21,DOH,DXB,AE,W,3,922.48
2025-08-21,DOH,DXB,AE,W,1,1178.55
2025-08-21,DOH,CDG,QA,Y,1,650.33
2025-08-21,DOH,JFK,FR,F,5,4685.02
2025-08-21,DOH,LHR,QA,W,2,1116.09
2025-08-21,DOH,LHR,FR,J,11,2217.96
2025-08-22,DOH,DXB,QA,J,2,2872.05
2025-08-22,DOH,JFK,FR,J,1,2342.63
2025-08-22,DOH,LHR,FR,Y,1,538.88
2025-08-22,DOH,LHR,AE,J,2,2675.03
2025-08-22,DOH,JFK,UK,F,5,4006.31
2025-08-22,DOH,DXB,FR,F,1,4953.73
2025-08-22,DOH,DXB,QA,Y,2,866.06
2025-08-22,DOH,CDG,AE,W,4,815.78
2025-08-22,DOH,JFK,AE,W,3,993.06
2025-08-22,DOH,JFK,QA,Y,5,690.28
2025-08-22,DOH,DXB,QA,W,5,1128.75
2025-08-22,DOH,DXB,QA,J,1,2148.81
2025-08-22,DOH,DXB,FR,W,3,1146.47
2025-08-22,DOH,LHR,QA,F,3,3909.25
2025-08-22,DOH,CDG,QA,J,3,2075.56
2025-08-22,DOH,DXB,QA,Y,4,729.79
2025-08-22,DOH,DXB,UK,J,3,1801.34
2025-08-22,DOH,LHR,QA,Y,1,500.91
2025-08-22,DOH,CDG,UK,F,2,3991.28
2025-08-22,DOH,LHR,QA,Y,2,820.08
2025-08-22,DOH,CDG,QA,Y,2,887.79
2025-08-22,DOH,LHR,FR,Y,1,663.84
2025-08-22,DOH,CDG,QA,F,1,3601.02
2025-08-22,DOH,CDG,US,J,1,2542.07
2025-08-22,DOH,LHR,FR,F,3,4493.52
2025-08-22,DOH,CDG,AE,Y,2,873.52
2025-08-22,DOH,CDG,UK,W,3,1061.91
2025-08-22,DOH,DXB,UK,F,3,3669.09
2025-08-22,DOH,JFK,AE,Y,3,529.3
2025-08-22,DOH,CDG,QA,F,3,4511.69
2025-08-22,DOH,CDG,FR,Y,6,569.33
2025-08-22,DOH,LHR,QA,F,3,4148.14
2025-08-22,DOH,DXB,QA,W,6,1159.64
2025-08-22,DOH,DXB,FR,J,3,1942.71
2025-08-22,DOH,LHR,UK,J,3,3022.53
2025-08-22,DOH,DXB,UK,F,2,3555.05
2025-08-22,DOH,CDG,AE,J,4,2919.76
2025-08-22,DOH,LHR,FR,Y,2,667.96
2025-08-22,DOH,DXB,FR,J,2,3133.04
2025-08-22,DOH,LHR,AE,F,3,5093.05
2025-08-22,DOH,DXB,AE,Y,2,604.7
2025-08-22,DOH,LHR,US,Y,2,539.02
2025-08-22,DOH,LHR,FR,Y,1,657.19
2025-08-22,DOH,LHR,AE,J,4,2801.18
2025-08-22,DOH,LHR,FR,F,2,4895.68
2025-08-22,DOH,CDG,US,F,3,3816.12
2025-08-22,DOH,CDG,FR,Y,5,694.39
2025-08-22,DOH,LHR,UK,F,1,5253.9
2025-08-22,DOH,LHR,US,F,3,4860.68
2025-08-22,DOH,DXB,QA,Y,3,807.94
2025-08-22,DOH,DXB,FR,J,2,3170.21
2025-08-22,DOH,DXB,FR,F,8,4769.84
2025-08-22,DOH,CDG,AE,Y,2,541.07
2025-08-22,DOH,DXB,QA,W,5,1058.44
2025-08-22,DOH,LHR,US,F,2,4835.74
2025-08-22,DOH,CDG,QA,J,4,2021.15
2025-08-22,DOH,LHR,UK,W,5,974.71
2025-08-22,DOH,JFK,QA,F,5,5292.77
2025-08-22,DOH,JFK,QA,F,5,3718.96
2025-08-22,DOH,DXB,US,W,2,1058.6
2025-08-23,DOH,CDG,AE,Y,1,717.28
2025-08-23,DOH,JFK,QA,Y,1,677.39
2025-08-23,DOH,JFK,UK,J,2,2589.54
2025-08-23,DOH,JFK,US,W,2,974.12
2025-08-23,DOH,JFK,UK,Y,6,702.8
2025-08-23,DOH,JFK,US,J,1,2586.77
2025-08-23,DOH,CDG,UK,F,3,4200.55
2025-08-23,DOH,JFK,UK,J,2,2322.68
2025-08-23,DOH,CDG,QA,F,5,4970.21
2025-08-23,DOH,LHR,UK,Y,2,625.04
2025-08-23,DOH,DXB,FR,F,1,4328.72
2025-08-23,DOH,LHR,FR,Y,2,571.41
2025-08-23,DOH,LHR,UK,F,2,3788.02
2025-08-23,DOH,DXB,QA,J,3,3169.54
2025-08-23,DOH,CDG,AE,Y,2,609.93
2025-08-23,DOH,LHR,FR,Y,3,853.38
2025-08-23,DOH,DXB,US,Y,4,694.61
2025-08-23,DOH,JFK,FR,W,1,927.23
2025-08-23,DOH,DXB,FR,J,1,2210.78
2025-08-23,DOH,DXB,US,F,4,3974.76
2025-08-23,DOH,CDG,AE,W,2,905.84
2025-08-23,DOH,JFK,FR,W,5,1021.62
2025-08-23,DOH,DXB,AE,F,1,3936.85
2025-08-23,DOH,LHR,FR,W,7,1067.17
2025-08-23,DOH,CDG,AE,Y,5,790.07
2025-08-23,DOH,JFK,US,Y,4,567.45
2025-08-23,DOH,CDG,AE,Y,2,846.14
2025-08-23,DOH,LHR,UK,F,5,4543.55
2025-08-23,DOH,JFK,US,J,2,1940.52
2025-08-23,DOH,JFK,QA,W,3,1036.7
2025-08-23,DOH,DXB,AE,Y,2,602.51
2025-08-23,DOH,LHR,AE,F,3,5275.47
2025-08-23,DOH,CDG,US,F,6,4930.51
2025-08-23,DOH,LHR,UK,F,5,4029.39
2025-08-23,DOH,JFK,QA,F,4,5456.21
2025-08-23,DOH,JFK,UK,F,3,4244.03
2025-08-23,DOH,LHR,UK,F,5,5198.03
2025-08-23,DOH,LHR,UK,J,5,2121.33
2025-08-23,DOH,DXB,UK,Y,2,604.06
2025-08-23,DOH,LHR,FR,J,1,2055.27
2025-08-23,DOH,JFK,AE,Y,3,790.03
2025-08-23,DOH,LHR,US,J,1,3004.44
2025-08-23,DOH,JFK,US,Y,4,652.82
2025-08-23,DOH,LHR,US,J,1,2851.18
2025-08-23,DOH,CDG,FR,J,2,2394.2
2025-08-23,DOH,CDG,US,J,1,1826.67
2025-08-23,DOH,CDG,US,J,6,2082.84
2025-08-23,DOH,JFK,FR,J,8,3061.62
2025-08-23,DOH,LHR,FR,Y,1,574.58
2025-08-23,DOH,JFK,US,J,4,2298.71
2025-08-23,DOH,DXB,FR,W,1,1144.54
2025-08-23,DOH,JFK,US,F,3,4189.02
2025-08-23,DOH,CDG,UK,Y,6,798.03
2025-08-23,DOH,DXB,QA,J,5,2369.74
2025-08-23,DOH,LHR,US,J,4,2393.45
2025-08-23,DOH,JFK,FR,W,3,1047.62
2025-08-23,DOH,DXB,UK,Y,5,782.13
2025-08-23,DOH,JFK,US,Y,3,891.61
2025-08-23,DOH,CDG,UK,Y,4,742.15
2025-08-23,DOH,JFK,US,J,4,2344.66
2025-08-24,DOH,DXB,UK,J,4,1863.13
2025-08-24,DOH,LHR,QA,J,2,2848.61
2025-08-24,DOH,CDG,US,W,1,1131.82
2025-08-24,DOH,CDG,AE,Y,1,568.13
2025-08-24,DOH,DXB,UK,F,4,4501.27
2025-08-24,DOH,LHR,US,F,3,5017.67
2025-08-24,DOH,CDG,AE,J,2,2459.99
2025-08-24,DOH,JFK,UK,Y,4,500.91
2025-08-24,DOH,LHR,QA,F,7,4245.15
2025-08-24,DOH,JFK,FR,Y,5,853.16
2025-08-24,DOH,CDG,US,J,3,2874.21
2025-08-24,DOH,JFK,US,J,1,1875.45
2025-08-24,DOH,CDG,UK,J,5,2073.82
2025-08-24,DOH,DXB,UK,Y,1,515.5
2025-08-24,DOH,JFK,AE,F,1,4225.71
2025-08-24,DOH,CDG,US,W,3,1035.9
2025-08-24,DOH,CDG,AE,W,3,851.57
2025-08-24,DOH,DXB,AE,F,1,5332.27
2025-08-24,DOH,DXB,QA,J,3,2059.16
2025-08-24,DOH,LHR,AE,F,4,4590.03
2025-08-24,DOH,JFK,FR,F,2,4589.41
2025-08-24,DOH,LHR,US,F,2,5005.52
2025-08-24,DOH,CDG,QA,J,1,2286.94
2025-08-24,DOH,LHR,AE,W,1,996.21
2025-08-24,DOH,CDG,AE,F,3,4329.13
2025-08-24,DOH,CDG,UK,J,4,2414.86
2025-08-24,DOH,JFK,FR,J,3,1844.78
2025-08-24,DOH,LHR,FR,F,3,4560.17
2025-08-24,DOH,DXB,QA,J,3,2274.99
2025-08-24,DOH,DXB,UK,J,3,2768.58
2025-08-24,DOH,JFK,US,F,2,4760.34
2025-08-24,DOH,LHR,FR,Y,1,705.82
2025-08-24,DOH,CDG,AE,Y,4,629.43
2025-08-24,DOH,JFK,US,F,3,4538.08
2025-08-24,DOH,DXB,AE,Y,1,532.49
2025-08-24,DOH,CDG,US,F,2,5100.88
2025-08-24,DOH,JFK,AE,W,2,1040.96
2025-08-24,DOH,CDG,FR,Y,2,628.92
2025-08-24,DOH,LHR,US,F,2,4801.94
2025-08-24,DOH,JFK,US,J,1,2138.58
2025-08-24,DOH,LHR,AE,W,3,834.18
2025-08-24,DOH,LHR,US,J,1,2152.15
2025-08-24,DOH,JFK,FR,J,5,2769.96
2025-08-24,DOH,DXB,UK,J,1,2552.32
2025-08-24,DOH,JFK,US,J,2,2683.51
2025-08-24,DOH,LHR,US,J,4,2840.64
2025-08-24,DOH,LHR,QA,Y,5,651.39
2025-08-24,DOH,DXB,QA,F,5,4251.35
2025-08-24,DOH,CDG,FR,W,5,1013.87
2025-08-24,DOH,CDG,US,Y,2,838.07
2025-08-24,DOH,DXB,FR,J,2,2550.11
2025-08-24,DOH,JFK,QA,Y,3,664.26
2025-08-24,DOH,CDG,AE,W,5,978.71
2025-08-24,DOH,LHR,AE,Y,3,649.05
2025-08-24,DOH,CDG,AE,J,2,3110.91
2025-08-24,DOH,CDG,AE,J,4,2782.84
2025-08-24,DOH,DXB,UK,F,2,5139.95
2025-08-24,DOH,JFK,US,J,3,2201.42
2025-08-24,DOH,JFK,FR,J,2,3109.68
2025-08-24,DOH,CDG,QA,J,1,2053.6
2025-08-25,DOH,CDG,US,F,2,4845.06
2025-08-25,DOH,LHR,AE,Y,3,611.12
2025-08-25,DOH,DXB,UK,J,3,2061.74
2025-08-25,DOH,LHR,FR,F,3,4132.82
2025-08-25,DOH,DXB,UK,J,4,2425.23
2025-08-25,DOH,LHR,AE,Y,3,809.31
2025-08-25,DOH,JFK,QA,Y,4,511.57
2025-08-25,DOH,JFK,AE,Y,2,641.25
2025-08-25,DOH,LHR,FR,Y,4,642.09
2025-08-25,DOH,LHR,UK,Y,2,713.12
2025-08-25,DOH,LHR,FR,J,1,2198.61
2025-08-25,DOH,DXB,AE,F,3,4960.61
2025-08-25,DOH,LHR,FR,F,2,4954.03
2025-08-25,DOH,DXB,US,W,5,1192.16
2025-08-25,DOH,DXB,AE,Y,4,804.83
2025-08-25,DOH,LHR,AE,W,7,936.53
2025-08-25,DOH,CDG,UK,J,3,2075.5
2025-08-25,DOH,CDG,FR,F,1,4920.11
2025-08-25,DOH,LHR,QA,F,3,5104.0
2025-08-25,DOH,CDG,UK,F,2,5102.93
2025-08-25,DOH,JFK,US,W,2,911.82
2025-08-25,DOH,JFK,QA,J,3,2643.46
2025-08-25,DOH,JFK,AE,Y,1,500.9
2025-08-25,DOH,DXB,AE,W,2,902.43
2025-08-25,DOH,LHR,FR,J,2,3009.14
2025-08-25,DOH,CDG,QA,F,4,5089.64
2025-08-25,DOH,LHR,FR,F,5,4343.06
2025-08-25,DOH,CDG,US,W,1,918.02
2025-08-25,DOH,LHR,FR,W,1,936.78
2025-08-25,DOH,DXB,US,W,4,1012.87
2025-08-25,DOH,LHR,UK,W,2,939.88
2025-08-25,DOH,LHR,AE,F,1,4792.55
2025-08-25,DOH,JFK,QA,Y,2,831.86
2025-08-25,DOH,JFK,UK,W,1,968.34
2025-08-25,DOH,CDG,FR,J,4,2243.67
2025-08-25,DOH,LHR,US,W,7,947.45
2025-08-25,DOH,DXB,UK,J,1,2498.04
2025-08-25,DOH,DXB,US,F,1,3564.77
2025-08-25,DOH,LHR,US,F,6,3578.17
2025-08-25,DOH,DXB,FR,W,2,851.25
2025-08-25,DOH,LHR,QA,Y,3,718.33
2025-08-25,DOH,DXB,FR,F,3,3864.82
2025-08-25,DOH,DXB,QA,F,2,4921.06
2025-08-25,DOH,DXB,US,Y,7,788.87
2025-08-25,DOH,JFK,AE,Y,3,535.98
2025-08-25,DOH,LHR,AE,Y,9,552.96
2025-08-25,DOH,CDG,UK,Y,4,746.98
2025-08-25,DOH,DXB,US,F,2,3817.18
2025-08-25,DOH,CDG,FR,W,3,1036.51
2025-08-25,DOH,LHR,UK,Y,1,650.24
2025-08-25,DOH,JFK,FR,Y,4,561.46
2025-08-25,DOH,JFK,FR,Y,2,566.06
2025-08-25,DOH,CDG,AE,F,3,5246.5
2025-08-25,DOH,LHR,UK,W,3,833.9
2025-08-25,DOH,LHR,UK,W,2,962.3
2025-08-25,DOH,CDG,AE,W,1,1192.28
2025-08-25,DOH,JFK,US,J,5,2567.36
2025-08-25,DOH,LHR,AE,Y,1,744.78
2025-08-25,DOH,JFK,FR,J,3,1922.9
2025-08-25,DOH,DXB,QA,F,6,4644.78
2025-08-26,DOH,LHR,AE,F,7,5251.47
2025-08-26,DOH,DXB,FR,W,3,809.79
2025-08-26,DOH,DXB,UK,F,4,3552.59
2025-08-26,DOH,DXB,QA,F,7,3613.39
2025-08-26,DOH,CDG,AE,W,1,891.66
2025-08-26,DOH,CDG,QA,J,6,1902.9
2025-08-26,DOH,JFK,FR,J,5,2645.64
2025-08-26,DOH,LHR,US,F,4,5490.77
2025-08-26,DOH,JFK,QA,J,1,2380.31
2025-08-26,DOH,JFK,UK,W,4,1153.7
2025-08-26,DOH,LHR,US,W,3,983.54
2025-08-26,DOH,CDG,FR,J,5,3169.89
2025-08-26,DOH,DXB,FR,F,1,4662.99
2025-08-26,DOH,CDG,US,J,2,2326.1
2025-08-26,DOH,JFK,QA,Y,4,586.89
2025-08-26,DOH,DXB,AE,Y,5,630.26
2025-08-26,DOH,CDG,UK,Y,4,540.07
2025-08-26,DOH,DXB,FR,F,5,4636.8
2025-08-26,DOH,JFK,QA,Y,2,898.72
2025-08-26,DOH,DXB,FR,J,2,2733.54
2025-08-26,DOH,LHR,UK,J,2,2443.4
2025-08-26,DOH,DXB,UK,Y,6,800.95
2025-08-26,DOH,JFK,QA,Y,5,821.34
2025-08-26,DOH,LHR,UK,Y,5,524.87
2025-08-26,DOH,DXB,AE,F,5,4447.12
2025-08-26,DOH,DXB,UK,J,4,2630.09
2025-08-26,DOH,LHR,UK,Y,1,699.42
2025-08-26,DOH,CDG,QA,W,5,887.53
2025-08-26,DOH,CDG,UK,F,2,4797.52
2025-08-26,DOH,DXB,AE,J,3,1828.06
2025-08-26,DOH,CDG,FR,W,1,1005.63
2025-08-26,DOH,LHR,QA,F,3,5354.1
2025-08-26,DOH,JFK,QA,J,5,2906.55
2025-08-26,DOH,LHR,QA,W,1,983.71
2025-08-26,DOH,JFK,AE,F,1,4307.86
2025-08-26,DOH,JFK,AE,Y,2,562.56
2025-08-26,DOH,DXB,AE,Y,5,557.94
2025-08-26,DOH,DXB,US,Y,5,851.85
2025-08-26,DOH,CDG,AE,J,4,2363.71
2025-08-26,DOH,JFK,UK,Y,1,847.0
2025-08-26,DOH,JFK,FR,W,1,833.71
2025-08-26,DOH,DXB,US,F,1,4061.9
2025-08-26,DOH,LHR,AE,J,1,2927.16
2025-08-26,DOH,JFK,QA,Y,1,785.31
2025-08-26,DOH,CDG,UK,W,6,825.15
2025-08-26,DOH,LHR,UK,W,5,852.86
2025-08-26,DOH,LHR,AE,J,6,3120.27
2025-08-26,DOH,LHR,QA,F,3,4793.98
2025-08-26,DOH,DXB,US,Y,1,581.27
2025-08-26,DOH,LHR,AE,J,2,2160.86
2025-08-26,DOH,DXB,QA,Y,5,894.27
2025-08-26,DOH,JFK,QA,J,4,1837.23
2025-08-26,DOH,CDG,UK,W,1,1109.26
2025-08-26,DOH,DXB,FR,W,4,1071.24
2025-08-26,DOH,JFK,UK,Y,4,860.29
2025-08-26,DOH,JFK,QA,J,6,2546.22
2025-08-26,DOH,LHR,US,F,3,5016.14
2025-08-26,DOH,LHR,UK,W,2,823.08
2025-08-26,DOH,CDG,FR,W,8,1056.12
2025-08-26,DOH,CDG,QA,W,3,1076.77
2025-08-27,DOH,LHR,QA,W,1,1121.98
2025-08-27,DOH,CDG,FR,W,5,973.1
2025-08-27,DOH,JFK,AE,F,7,4387.29
2025-08-27,DOH,CDG,AE,J,1,2314.62
2025-08-27,DOH,LHR,AE,W,6,1149.85
2025-08-27,DOH,DXB,UK,J,4,3086.85
2025-08-27,DOH,CDG,FR,Y,6,731.75
2025-08-27,DOH,LHR,AE,W,4,1196.43
2025-08-27,DOH,CDG,UK,Y,1,704.54
2025-08-27,DOH,LHR,UK,Y,5,657.04
2025-08-27,DOH,JFK,UK,F,2,3730.54
2025-08-27,DOH,DXB,UK,Y,6,626.62
2025-08-27,DOH,DXB,FR,Y,1,616.49
2025-08-27,DOH,LHR,QA,W,4,818.01
2025-08-27,DOH,CDG,UK,J,3,2098.08
2025-08-27,DOH,CDG,QA,Y,4,778.18
2025-08-27,DOH,JFK,AE,W,4,1199.94
2025-08-27,DOH,CDG,QA,F,3,4884.27
2025-08-27,DOH,DXB,FR,W,1,1074.31
2025-08-27,DOH,CDG,QA,F,4,5328.19
2025-08-27,DOH,LHR,FR,W,5,966.56
2025-08-27,DOH,JFK,US,J,4,1842.13
2025-08-27,DOH,JFK,US,Y,3,655.17
2025-08-27,DOH,DXB,QA,F,1,4868.99
2025-08-27,DOH,JFK,AE,W,3,1122.73
2025-08-27,DOH,LHR,AE,J,2,3125.28
2025-08-27,DOH,LHR,QA,Y,1,582.24
2025-08-27,DOH,LHR,AE,Y,1,869.74
2025-08-27,DOH,CDG,QA,W,5,1172.34
2025-08-27,DOH,DXB,FR,W,6,904.87
2025-08-27,DOH,CDG,AE,W,1,892.82
2025-08-27,DOH,CDG,US,W,4,1112.62
2025-08-27,DOH,LHR,QA,Y,3,734.31
2025-08-27,DOH,CDG,AE,Y,2,861.59
2025-08-27,DOH,JFK,AE,Y,4,880.8
2025-08-27,DOH,CDG,US,W,1,912.82
2025-08-27,DOH,JFK,AE,F,5,4390.92
2025-08-27,DOH,JFK,US,J,2,2788.76
2025-08-27,DOH,JFK,UK,J,2,2589.77
2025-08-27,DOH,DXB,US,F,2,4794.0
2025-08-27,DOH,DXB,AE,F,7,4974.8
2025-08-27,DOH,CDG,US,W,1,935.41
2025-08-27,DOH,DXB,QA,Y,3,829.55
2025-08-27,DOH,CDG,AE,J,3,2622.71
2025-08-27,DOH,CDG,US,Y,3,863.59
2025-08-27,DOH,JFK,US,F,3,4030.29
2025-08-27,DOH,DXB,UK,W,5,943.92
2025-08-27,DOH,DXB,US,J,4,2248.29
2025-08-27,DOH,LHR,AE,W,4,1036.2
2025-08-27,DOH,JFK,QA,F,2,4704.83
2025-08-27,DOH,DXB,QA,F,3,4987.1
2025-08-27,DOH,CDG,AE,Y,9,750.7
2025-08-27,DOH,CDG,UK,Y,5,516.1
2025-08-27,DOH,DXB,AE,J,2,1997.15
2025-08-27,DOH,JFK,AE,Y,5,887.89
2025-08-27,DOH,CDG,AE,F,4,4842.44
2025-08-27,DOH,DXB,UK,W,3,881.96
2025-08-27,DOH,JFK,AE,F,3,3701.36
2025-08-27,DOH,DXB,US,F,3,4483.45
2025-08-27,DOH,CDG,QA,J,5,3175.49
2025-08-28,DOH,JFK,QA,Y,2,591.47
2025-08-28,DOH,CDG,QA,W,2,990.92
2025-08-28,DOH,JFK,UK,W,2,1194.32
2025-08-28,DOH,CDG,FR,Y,4,561.57
2025-08-28,DOH,JFK,UK,F,2,3788.66
2025-08-28,DOH,LHR,UK,W,2,1038.73
2025-08-28,DOH,DXB,FR,W,4,985.52
2025-08-28,DOH,LHR,UK,J,2,3013.51
2025-08-28,DOH,JFK,UK,Y,7,625.51
2025-08-28,DOH,CDG,UK,W,1,950.62
2025-08-28,DOH,LHR,AE,J,5,2209.05
2025-08-28,DOH,LHR,UK,Y,1,860.78
2025-08-28,DOH,LHR,FR,J,3,2399.57
2025-08-28,DOH,CDG,QA,W,2,942.68
2025-08-28,DOH,LHR,US,J,6,2408.14
2025-08-28,DOH,DXB,FR,J,1,2818.16
2025-08-28,DOH,LHR,US,W,2,1125.06
2025-08-28,DOH,DXB,UK,W,3,1046.85
2025-08-28,DOH,JFK,UK,F,2,4142.01
2025-08-28,DOH,JFK,FR,Y,3,834.41
2025-08-28,DOH,CDG,UK,W,2,801.28
2025-08-28,DOH,DXB,UK,Y,1,768.07
2025-08-28,DOH,JFK,UK,J,4,1893.85
2025-08-28,DOH,JFK,US,Y,2,565.48
2025-08-28,DOH,LHR,FR,J,3,2891.87
2025-08-28,DOH,JFK,US,F,1,5011.33
2025-08-28,DOH,JFK,AE,W,2,950.17
2025-08-28,DOH,JFK,US,F,4,5309.24
2025-08-28,DOH,CDG,UK,F,7,4316.36
2025-08-28,DOH,DXB,FR,W,3,1012.18
2025-08-28,DOH,LHR,FR,F,3,4922.43
2025-08-28,DOH,JFK,QA,Y,4,713.39
2025-08-28,DOH,LHR,AE,F,4,5376.37
2025-08-28,DOH,JFK,AE,J,3,2058.01
2025-08-28,DOH,DXB,UK,J,7,2626.04
2025-08-28,DOH,JFK,UK,W,1,901.88
2025-08-28,DOH,CDG,FR,Y,1,896.11
2025-08-28,DOH,DXB,QA,F,7,4992.63
2025-08-28,DOH,JFK,FR,J,1,2867.5
2025-08-28,DOH,DXB,UK,F,2,4888.63
2025-08-28,DOH,CDG,AE,Y,3,737.91
2025-08-28,DOH,DXB,QA,F,3,4518.46
2025-08-28,DOH,LHR,QA,W,1,899.61
2025-08-28,DOH,CDG,US,J,6,2044.66
2025-08-28,DOH,JFK,US,Y,3,612.79
2025-08-28,DOH,CDG,US,Y,3,754.93
2025-08-28,DOH,JFK,US,J,5,3012.31
2025-08-28,DOH,DXB,QA,F,1,4081.22
2025-08-28,DOH,CDG,QA,Y,6,814.41
2025-08-28,DOH,LHR,UK,W,4,907.47
2025-08-28,DOH,JFK,AE,J,3,2928.46
2025-08-28,DOH,JFK,FR,Y,3,579.05
2025-08-28,DOH,JFK,AE,J,3,2304.97
2025-08-28,DOH,DXB,FR,Y,4,713.57
2025-08-28,DOH,JFK,UK,J,1,3023.76
2025-08-28,DOH,JFK,FR,J,2,2482.34
2025-08-28,DOH,DXB,UK,Y,3,651.6
2025-08-28,DOH,LHR,AE,Y,1,789.05
2025-08-28,DOH,JFK,QA,W,3,1080.91
2025-08-28,DOH,JFK,US,W,2,1182.15
2025-08-29,DOH,JFK,AE,W,2,1112.81
2025-08-29,DOH,DXB,AE,W,3,904.54
2025-08-29,DOH,LHR,UK,W,1,1001.48
2025-08-29,DOH,CDG,US,W,3,995.9
2025-08-29,DOH,JFK,QA,F,1,5024.68
2025-08-29,DOH,JFK,FR,Y,3,736.41
2025-08-29,DOH,CDG,UK,J,2,2750.04
2025-08-29,DOH,CDG,UK,W,3,1141.87
2025-08-29,DOH,JFK,AE,Y,4,828.9
2025-08-29,DOH,JFK,QA,W,3,1075.82
2025-08-29,DOH,LHR,AE,J,5,2034.99
2025-08-29,DOH,LHR,US,F,3,5321.93
2025-08-29,DOH,DXB,FR,J,3,1896.12
2025-08-29,DOH,CDG,FR,Y,5,822.78
2025-08-29,DOH,CDG,AE,F,5,4516.33
2025-08-29,DOH,DXB,UK,J,2,2676.4
2025-08-29,DOH,JFK,UK,J,3,1911.98
2025-08-29,DOH,CDG,FR,J,6,2548.23
2025-08-29,DOH,LHR,FR,W,4,1052.27
2025-08-29,DOH,JFK,FR,Y,5,728.2
2025-08-29,DOH,LHR,UK,W,2,993.66
2025-08-29,DOH,CDG,QA,J,3,3081.12
2025-08-29,DOH,CDG,FR,J,3,2555.26
2025-08-29,DOH,CDG,FR,Y,2,514.89
2025-08-29,DOH,CDG,AE,Y,3,891.85
2025-08-29,DOH,LHR,AE,Y,4,685.37
2025-08-29,DOH,CDG,AE,Y,3,731.52
2025-08-29,DOH,CDG,FR,Y,2,600.99
2025-08-29,DOH,LHR,AE,W,1,932.37
2025-08-29,DOH,DXB,US,J,6,2621.73
2025-08-29,DOH,JFK,AE,J,5,2515.73
2025-08-29,DOH,CDG,UK,W,3,933.46
2025-08-29,DOH,DXB,QA,Y,5,510.6
2025-08-29,DOH,DXB,UK,Y,1,539.57
2025-08-29,DOH,DXB,FR,F,2,3664.41
2025-08-29,DOH,LHR,UK,J,3,2748.29
2025-08-29,DOH,JFK,QA,W,1,1078.93
2025-08-29,DOH,CDG,US,J,4,1892.49
2025-08-29,DOH,DXB,QA,W,2,1196.73
2025-08-29,DOH,CDG,AE,W,6,987.88
2025-08-29,DOH,JFK,US,Y,1,572.13
2025-08-29,DOH,LHR,QA,J,3,2521.62
2025-08-29,DOH,DXB,UK,F,3,5251.4
2025-08-29,DOH,CDG,US,J,2,2312.59
2025-08-29,DOH,JFK,AE,J,1,3059.65
2025-08-29,DOH,DXB,UK,W,5,1105.61
2025-08-29,DOH,DXB,AE,W,2,1070.77
2025-08-29,DOH,DXB,UK,W,1,1123.2
2025-08-29,DOH,CDG,US,Y,1,708.88
2025-08-29,DOH,DXB,AE,W,2,1116.74
2025-08-29,DOH,LHR,FR,Y,2,869.85
2025-08-29,DOH,DXB,FR,W,2,1010.12
2025-08-29,DOH,DXB,FR,J,3,2488.24
2025-08-29,DOH,JFK,QA,F,4,4142.31
2025-08-29,DOH,CDG,QA,F,1,4292.3
2025-08-29,DOH,JFK,AE,J,2,2937.98
2025-08-29,DOH,CDG,UK,W,4,1181.15
2025-08-29,DOH,LHR,FR,Y,4,524.12
2025-08-29,DOH,DXB,FR,W,1,849.58
2025-08-29,DOH,CDG,AE,F,4,3859.47
2025-08-30,DOH,JFK,AE,F,3,4551.91
2025-08-30,DOH,DXB,US,Y,4,605.37
2025-08-30,DOH,CDG,FR,W,7,901.04
2025-08-30,DOH,JFK,FR,Y,5,722.27
2025-08-30,DOH,LHR,FR,F,1,5226.84
2025-08-30,DOH,DXB,FR,J,5,3142.49
2025-08-30,DOH,JFK,QA,Y,3,574.06
2025-08-30,DOH,JFK,US,Y,4,677.2
2025-08-30,DOH,LHR,UK,F,2,4977.23
2025-08-30,DOH,CDG,US,Y,2,818.36
2025-08-30,DOH,CDG,FR,W,1,1064.47
2025-08-30,DOH,JFK,UK,F,3,4906.93
2025-08-30,DOH,CDG,US,W,3,1118.03
2025-08-30,DOH,LHR,US,W,5,1082.63
2025-08-30,DOH,CDG,UK,Y,4,864.39
2025-08-30,DOH,JFK,FR,W,2,996.04
2025-08-30,DOH,JFK,FR,J,4,2891.77
2025-08-30,DOH,DXB,AE,F,4,4456.35
2025-08-30,DOH,DXB,FR,J,4,2286.11
2025-08-30,DOH,CDG,UK,W,3,1153.98
2025-08-30,DOH,DXB,QA,F,4,4972.5
2025-08-30,DOH,LHR,AE,F,1,5291.09
2025-08-30,DOH,CDG,US,J,3,1968.29
2025-08-30,DOH,LHR,US,W,2,1137.68
2025-08-30,DOH,CDG,QA,J,5,2667.97
2025-08-30,DOH,JFK,UK,J,3,2487.79
2025-08-30,DOH,CDG,AE,Y,1,654.8
2025-08-30,DOH,DXB,UK,F,4,4247.51
2025-08-30,DOH,LHR,US,Y,2,851.44
2025-08-30,DOH,JFK,AE,W,1,961.59
2025-08-30,DOH,DXB,QA,W,5,1003.7
2025-08-30,DOH,JFK,FR,Y,5,691.04
2025-08-30,DOH,CDG,UK,J,4,3098.51
2025-08-30,DOH,LHR,FR,W,1,879.23
2025-08-30,DOH,DXB,US,J,4,3079.24
2025-08-30,DOH,CDG,FR,Y,2,501.9
2025-08-30,DOH,DXB,AE,J,8,1810.8
2025-08-30,DOH,LHR,US,F,5,4327.52
2025-08-30,DOH,CDG,AE,Y,2,731.34
2025-08-30,DOH,CDG,UK,W,3,973.3
2025-08-30,DOH,LHR,AE,F,5,4125.1
2025-08-30,DOH,JFK,QA,Y,2,859.17
2025-08-30,DOH,LHR,US,J,1,2773.71
2025-08-30,DOH,LHR,UK,Y,2,674.55
2025-08-30,DOH,JFK,UK,F,1,3581.35
2025-08-30,DOH,JFK,UK,Y,3,581.85
2025-08-30,DOH,CDG,US,W,2,1178.18
2025-08-30,DOH,CDG,UK,W,3,1028.81
2025-08-30,DOH,JFK,US,J,2,2739.07
2025-08-30,DOH,LHR,QA,F,1,3991.28
2025-08-30,DOH,CDG,US,J,4,2796.83
2025-08-30,DOH,LHR,QA,Y,3,571.97
2025-08-30,DOH,LHR,QA,J,4,3091.81
2025-08-30,DOH,CDG,AE,W,1,933.12
2025-08-30,DOH,JFK,FR,F,4,5450.63
2025-08-30,DOH,CDG,AE,J,3,2299.09
2025-08-30,DOH,CDG,AE,J,3,2094.8
2025-08-30,DOH,CDG,QA,W,2,826.1
2025-08-30,DOH,LHR,QA,Y,3,689.76
2025-08-30,DOH,CDG,AE,J,1,3112.41
2025-08-31,DOH,JFK,UK,F,4,4353.35
2025-08-31,DOH,DXB,US,Y,1,716.6
2025-08-31,DOH,CDG,FR,W,2,1124.05
2025-08-31,DOH,LHR,AE,F,3,3841.09
2025-08-31,DOH,JFK,UK,J,4,2468.3
2025-08-31,DOH,CDG,FR,F,4,3767.6
2025-08-31,DOH,LHR,FR,W,1,856.5
2025-08-31,DOH,CDG,AE,Y,2,603.61
2025-08-31,DOH,LHR,AE,F,1,5366.17
2025-08-31,DOH,JFK,UK,J,5,2084.15
2025-08-31,DOH,CDG,US,Y,3,559.82
2025-08-31,DOH,LHR,US,Y,4,509.5
2025-08-31,DOH,CDG,FR,Y,3,895.32
2025-08-31,DOH,LHR,UK,F,4,4912.37
2025-08-31,DOH,CDG,FR,F,4,4810.41
2025-08-31,DOH,CDG,US,F,3,3957.89
2025-08-31,DOH,CDG,UK,J,2,3147.96
2025-08-31,DOH,CDG,FR,F,4,4059.16
2025-08-31,DOH,CDG,FR,Y,2,761.95
2025-08-31,DOH,LHR,AE,F,2,5378.4
2025-08-31,DOH,JFK,AE,W,4,1048.62
2025-08-31,DOH,DXB,AE,W,3,853.2
2025-08-31,DOH,LHR,QA,J,4,2710.41
2025-08-31,DOH,DXB,US,W,3,801.12
2025-08-31,DOH,LHR,FR,Y,1,603.96
2025-08-31,DOH,DXB,US,J,3,2217.01
2025-08-31,DOH,LHR,QA,F,2,4133.38
2025-08-31,DOH,CDG,QA,J,1,2031.92
2025-08-31,DOH,DXB,AE,W,6,877.56
2025-08-31,DOH,CDG,US,W,2,805.36
2025-08-31,DOH,CDG,FR,F,5,5194.41
2025-08-31,DOH,CDG,FR,J,3,1878.96
2025-08-31,DOH,DXB,UK,J,2,2230.75
2025-08-31,DOH,DXB,FR,J,3,2865.63
2025-08-31,DOH,JFK,QA,F,2,4006.75
2025-08-31,DOH,CDG,UK,Y,1,582.15
2025-08-31,DOH,CDG,FR,F,1,4827.1
2025-08-31,DOH,CDG,QA,W,3,982.13
2025-08-31,DOH,LHR,UK,J,2,2611.7
2025-08-31,DOH,LHR,US,W,3,1103.01
2025-08-31,DOH,JFK,UK,J,3,2657.1
2025-08-31,DOH,CDG,US,W,4,1143.48
2025-08-31,DOH,LHR,QA,F,2,4091.55
2025-08-31,DOH,LHR,QA,J,2,3122.18
2025-08-31,DOH,JFK,FR,Y,2,840.11
2025-08-31,DOH,DXB,AE,F,3,4904.89
2025-08-31,DOH,JFK,FR,J,2,2224.49
2025-08-31,DOH,LHR,AE,F,1,5065.01
2025-08-31,DOH,LHR,UK,W,3,926.83
2025-08-31,DOH,LHR,US,F,2,4661.4
2025-08-31,DOH,JFK,UK,W,2,1108.34
2025-08-31,DOH,JFK,AE,W,5,1181.8
2025-08-31,DOH,CDG,AE,F,1,4549.98
2025-08-31,DOH,DXB,QA,J,1,2060.5
2025-08-31,DOH,DXB,US,J,2,2581.63
2025-08-31,DOH,CDG,US,W,6,946.0
2025-08-31,DOH,JFK,UK,W,4,979.62
2025-08-31,DOH,LHR,QA,F,2,3825.0
2025-08-31,DOH,DXB,FR,Y,2,534.54
2025-08-31,DOH,CDG,AE,F,4,5400.67
2025-09-01,DOH,CDG,UK,W,2,827.09
2025-09-01,DOH,JFK,UK,W,3,1042.61
2025-09-01,DOH,JFK,QA,Y,3,812.49
2025-09-01,DOH,DXB,QA,W,2,929.71
2025-09-01,DOH,DXB,AE,W,4,1116.37
2025-09-01,DOH,CDG,QA,J,2,2719.32
2025-09-01,DOH,CDG,AE,W,1,832.87
2025-09-01,DOH,DXB,US,W,4,1086.15
2025-09-01,DOH,JFK,UK,J,3,2144.37
2025-09-01,DOH,JFK,UK,W,4,856.08
2025-09-01,DOH,DXB,QA,F,3,4286.97
2025-09-01,DOH,CDG,AE,Y,4,704.9
2025-09-01,DOH,CDG,AE,Y,3,799.93
2025-09-01,DOH,JFK,QA,F,3,3964.28
2025-09-01,DOH,JFK,QA,Y,6,649.76
2025-09-01,DOH,CDG,US,W,4,1046.34
2025-09-01,DOH,DXB,QA,F,1,4473.86
2025-09-01,DOH,CDG,UK,F,4,4425.95
2025-09-01,DOH,CDG,UK,W,1,1194.28
2025-09-01,DOH,CDG,QA,Y,3,690.45
2025-09-01,DOH,LHR,AE,W,1,912.23
2025-09-01,DOH,JFK,US,J,8,3157.13
2025-09-01,DOH,CDG,QA,W,3,1138.41
2025-09-01,DOH,JFK,QA,Y,5,681.45
2025-09-01,DOH,DXB,FR,J,6,2629.91
2025-09-01,DOH,JFK,AE,Y,1,622.78
2025-09-01,DOH,JFK,US,F,2,3687.36
2025-09-01,DOH,JFK,FR,J,2,3058.05
2025-09-01,DOH,CDG,QA,W,2,870.79
2025-09-01,DOH,JFK,AE,F,2,4011.54
2025-09-01,DOH,CDG,QA,Y,2,588.14
2025-09-01,DOH,CDG,FR,W,5,1115.9
2025-09-01,DOH,DXB,UK,Y,1,660.41
2025-09-01,DOH,DXB,FR,W,3,877.75
2025-09-01,DOH,JFK,UK,W,4,1118.81
2025-09-01,DOH,JFK,QA,Y,2,702.69
2025-09-01,DOH,CDG,UK,Y,2,582.64
2025-09-01,DOH,JFK,QA,W,3,1097.18
2025-09-01,DOH,DXB,US,W,4,899.69
2025-09-01,DOH,JFK,FR,Y,3,863.19
2025-09-01,DOH,JFK,FR,F,7,3951.9
2025-09-01,DOH,LHR,AE,Y,1,851.2
2025-09-01,DOH,LHR,FR,W,2,973.68
2025-09-01,DOH,JFK,AE,F,3,5461.13
2025-09-01,DOH,LHR,FR,W,3,1190.37
2025-09-01,DOH,LHR,UK,W,7,855.85
2025-09-01,DOH,CDG,US,J,12,2818.99
2025-09-01,DOH,LHR,US,Y,3,781.95
2025-09-01,DOH,DXB,FR,Y,2,762.43
2025-09-01,DOH,JFK,FR,F,5,3550.24
2025-09-01,DOH,CDG,US,F,3,4963.52
2025-09-01,DOH,LHR,QA,J,3,2796.15
2025-09-01,DOH,CDG,QA,Y,2,871.53
2025-09-01,DOH,JFK,FR,J,7,1894.27
2025-09-01,DOH,CDG,FR,W,5,1033.56
2025-09-01,DOH,LHR,AE,F,6,4199.26
2025-09-01,DOH,JFK,AE,Y,1,553.76
2025-09-01,DOH,JFK,UK,F,1,4461.33
2025-09-01,DOH,LHR,US,J,1,2331.62
2025-09-01,DOH,CDG,US,Y,4,813.25
2025-09-02,DOH,JFK,UK,J,3,1990.25
2025-09-02,DOH,JFK,US,W,2,843.45
2025-09-02,DOH,JFK,AE,W,6,911.52
2025-09-02,DOH,LHR,UK,F,5,4741.42
2025-09-02,DOH,DXB,QA,F,2,5314.14
2025-09-02,DOH,JFK,QA,W,5,863.6
2025-09-02,DOH,LHR,QA,F,4,4106.5
2025-09-02,DOH,JFK,UK,J,3,3167.19
2025-09-02,DOH,LHR,US,F,4,4411.55
2025-09-02,DOH,LHR,UK,Y,3,737.17
2025-09-02,DOH,LHR,AE,Y,7,672.97
2025-09-02,DOH,LHR,AE,Y,1,699.72
2025-09-02,DOH,DXB,UK,J,3,3048.77
2025-09-02,DOH,DXB,US,Y,3,638.24
2025-09-02,DOH,JFK,QA,W,1,831.0
2025-09-02,DOH,JFK,QA,J,2,2998.75
2025-09-02,DOH,CDG,FR,F,2,5168.79
2025-09-02,DOH,CDG,QA,Y,1,549.03
2025-09-02,DOH,CDG,FR,F,1,3695.74
2025-09-02,DOH,CDG,US,F,2,4114.66
2025-09-02,DOH,JFK,US,W,3,864.16
2025-09-02,DOH,DXB,US,Y,2,567.21
2025-09-02,DOH,LHR,QA,Y,2,812.86
2025-09-02,DOH,DXB,AE,Y,2,558.12
2025-09-02,DOH,JFK,QA,Y,4,679.6
2025-09-02,DOH,DXB,FR,Y,2,505.15
2025-09-02,DOH,DXB,AE,Y,3,530.74
2025-09-02,DOH,DXB,UK,F,1,4592.96
2025-09-02,DOH,DXB,UK,W,2,1055.4
2025-09-02,DOH,CDG,UK,J,5,2137.01
2025-09-02,DOH,LHR,FR,F,2,4170.08
2025-09-02,DOH,CDG,AE,Y,5,729.32
2025-09-02,DOH,JFK,QA,Y,8,727.3
2025-09-02,DOH,LHR,QA,J,3,3164.04
2025-09-02,DOH,LHR,UK,F,3,4190.67
2025-09-02,DOH,JFK,QA,W,2,883.73
2025-09-02,DOH,LHR,AE,W,4,839.0
2025-09-02,DOH,LHR,US,F,3,4162.92
2025-09-02,DOH,DXB,QA,F,5,5203.22
2025-09-02,DOH,DXB,UK,W,6,1031.5
2025-09-02,DOH,JFK,QA,F,6,4219.52
2025-09-02,DOH,JFK,UK,Y,2,809.9
2025-09-02,DOH,CDG,QA,J,6,3067.84
2025-09-02,DOH,LHR,US,Y,2,896.06
2025-09-02,DOH,CDG,US,J,3,2708.86
2025-09-02,DOH,CDG,AE,F,2,5390.67
2025-09-02,DOH,JFK,US,J,4,2003.18
2025-09-02,DOH,JFK,AE,J,6,2546.48
2025-09-02,DOH,LHR,FR,J,5,3169.76
2025-09-02,DOH,DXB,AE,F,3,4985.48
2025-09-02,DOH,JFK,AE,Y,4,521.07
2025-09-02,DOH,CDG,UK,W,3,1175.19
2025-09-02,DOH,CDG,QA,W,2,1106.38
2025-09-02,DOH,JFK,FR,W,3,895.9
2025-09-02,DOH,DXB,AE,F,3,4766.89
2025-09-02,DOH,JFK,UK,W,5,1086.0
2025-09-02,DOH,DXB,UK,J,2,2720.76
2025-09-02,DOH,JFK,AE,Y,5,680.55
2025-09-02,DOH,LHR,UK,J,4,2039.9
2025-09-02,DOH,DXB,US,F,3,3950.1
2025-09-03,DOH,LHR,US,F,3,3921.41
2025-09-03,DOH,LHR,QA,F,1,5119.29
2025-09-03,DOH,LHR,US,W,2,851.14
2025-09-03,DOH,CDG,FR,F,5,4416.51
2025-09-03,DOH,CDG,QA,W,1,1119.73
2025-09-03,DOH,DXB,AE,Y,1,531.87
2025-09-03,DOH,DXB,AE,Y,3,553.76
2025-09-03,DOH,JFK,AE,W,1,906.52
2025-09-03,DOH,LHR,AE,Y,4,727.48
2025-09-03,DOH,DXB,QA,F,1,5083.87
2025-09-03,DOH,DXB,AE,F,3,4304.77
2025-09-03,DOH,LHR,QA,W,2,934.37
2025-09-03,DOH,CDG,US,Y,5,879.43
2025-09-03,DOH,JFK,AE,J,1,2432.46
2025-09-03,DOH,LHR,QA,F,2,3500.5
2025-09-03,DOH,DXB,US,J,4,2544.41
2025-09-03,DOH,LHR,FR,Y,2,787.96
2025-09-03,DOH,CDG,QA,W,3,826.41
2025-09-03,DOH,CDG,FR,W,2,997.1
2025-09-03,DOH,CDG,UK,Y,4,865.74
2025-09-03,DOH,LHR,FR,F,1,4761.66
2025-09-03,DOH,JFK,US,Y,3,704.49
2025-09-03,DOH,DXB,US,Y,2,631.45
2025-09-03,DOH,DXB,AE,Y,1,560.74
2025-09-03,DOH,LHR,FR,J,4,2947.27
2025-09-03,DOH,LHR,US,Y,1,508.72
2025-09-03,DOH,JFK,QA,W,5,1111.92
2025-09-03,DOH,DXB,UK,W,2,1110.01
2025-09-03,DOH,JFK,US,Y,6,889.74
2025-09-03,DOH,DXB,UK,W,3,807.78
2025-09-03,DOH,LHR,AE,W,5,1178.91
2025-09-03,DOH,LHR,FR,W,3,839.48
2025-09-03,DOH,JFK,FR,J,5,1805.29
2025-09-03,DOH,DXB,US,F,2,4244.05
2025-09-03,DOH,LHR,AE,J,2,2231.01
2025-09-03,DOH,CDG,UK,W,2,823.58
2025-09-03,DOH,JFK,UK,J,3,2682.55
2025-09-03,DOH,JFK,US,W,1,1023.89
2025-09-03,DOH,DXB,AE,J,3,2552.25
2025-09-03,DOH,CDG,AE,W,1,1188.59
2025-09-03,DOH,JFK,US,F,2,5069.07
2025-09-03,DOH,LHR,US,W,1,1179.49
2025-09-03,DOH,LHR,AE,J,3,2596.7
2025-09-03,DOH,LHR,FR,W,5,856.3
2025-09-03,DOH,CDG,FR,F,5,5207.82
2025-09-03,DOH,DXB,US,Y,5,868.7
2025-09-03,DOH,LHR,US,W,4,992.8
2025-09-03,DOH,JFK,FR,Y,4,526.1
2025-09-03,DOH,LHR,FR,Y,5,572.05
2025-09-03,DOH,DXB,QA,W,3,1168.21
2025-09-03,DOH,DXB,QA,F,4,5451.69
2025-09-03,DOH,DXB,US,W,1,990.41
2025-09-03,DOH,DXB,AE,F,4,3765.73
2025-09-03,DOH,LHR,US,W,2,1087.97
2025-09-03,DOH,LHR,US,W,4,1126.39
2025-09-03,DOH,DXB,QA,J,2,1842.65
2025-09-03,DOH,LHR,US,F,3,4013.49
2025-09-03,DOH,JFK,AE,W,7,1035.41
2025-09-03,DOH,CDG,FR,J,1,2710.38
2025-09-03,DOH,LHR,FR,J,1,2006.99
2025-09-04,DOH,CDG,US,Y,3,818.64
2025-09-04,DOH,LHR,FR,J,2,2425.55
2025-09-04,DOH,CDG,AE,Y,1,533.42
2025-09-04,DOH,JFK,US,Y,5,553.91
2025-09-04,DOH,DXB,AE,J,6,2195.74
2025-09-04,DOH,CDG,UK,F,2,5203.9
2025-09-04,DOH,CDG,US,Y,4,639.1
2025-09-04,DOH,CDG,AE,J,5,2837.71
2025-09-04,DOH,JFK,FR,F,8,4213.86
2025-09-04,DOH,DXB,US,F,5,3710.66
2025-09-04,DOH,CDG,UK,J,1,2693.53
2025-09-04,DOH,LHR,QA,F,6,4961.55
2025-09-04,DOH,LHR,QA,W,3,831.24
2025-09-04,DOH,JFK,US,F,2,5495.4
2025-09-04,DOH,JFK,QA,Y,1,724.28
2025-09-04,DOH,LHR,UK,J,3,2819.13
2025-09-04,DOH,CDG,US,W,2,1163.64
2025-09-04,DOH,JFK,AE,Y,1,564.96
2025-09-04,DOH,LHR,FR,Y,2,599.85
2025-09-04,DOH,CDG,QA,J,2,2386.75
2025-09-04,DOH,CDG,US,J,4,2356.37
2025-09-04,DOH,JFK,US,Y,4,897.51
2025-09-04,DOH,CDG,QA,Y,8,659.15
2025-09-04,DOH,CDG,AE,F,5,4781.09
2025-09-04,DOH,JFK,AE,F,1,5023.8
2025-09-04,DOH,CDG,QA,Y,4,643.43
2025-09-04,DOH,JFK,FR,J,2,2840.43
2025-09-04,DOH,JFK,US,F,2,4310.55
2025-09-04,DOH,LHR,AE,J,6,1924.0
2025-09-04,DOH,DXB,QA,Y,3,501.41
2025-09-04,DOH,CDG,QA,J,3,1809.05
2025-09-04,DOH,LHR,AE,J,1,1807.26
2025-09-04,DOH,DXB,QA,W,1,1030.94
2025-09-04,DOH,CDG,QA,Y,4,865.16
2025-09-04,DOH,CDG,AE,Y,4,765.52
2025-09-04,DOH,LHR,US,W,4,898.14
2025-09-04,DOH,DXB,AE,W,4,867.34
2025-09-04,DOH,JFK,UK,Y,4,718.14
2025-09-04,DOH,JFK,US,J,1,2904.01
2025-09-04,DOH,JFK,QA,J,2,2622.13
2025-09-04,DOH,JFK,FR,F,2,4147.8
2025-09-04,DOH,CDG,US,W,2,1128.21
2025-09-04,DOH,LHR,AE,W,3,1062.74
2025-09-04,DOH,DXB,QA,W,3,1035.06
2025-09-04,DOH,LHR,QA,Y,4,558.68
2025-09-04,DOH,JFK,US,F,3,4352.16
2025-09-04,DOH,CDG,US,Y,2,825.31
2025-09-04,DOH,LHR,UK,J,3,2958.77
2025-09-04,DOH,DXB,FR,J,7,2023.4
2025-09-04,DOH,LHR,FR,Y,2,847.05
2025-09-04,DOH,DXB,QA,J,5,2868.6
2025-09-04,DOH,CDG,QA,F,5,4531.2
2025-09-04,DOH,JFK,QA,F,3,4511.24
2025-09-04,DOH,JFK,UK,F,3,4259.8
2025-09-04,DOH,JFK,US,F,1,4306.22
2025-09-04,DOH,CDG,QA,W,1,992.02
2025-09-04,DOH,LHR,QA,J,3,2238.11
2025-09-04,DOH,DXB,US,J,3,1944.32
2025-09-04,DOH,JFK,AE,F,2,3590.96
2025-09-04,DOH,DXB,AE,W,3,917.44
2025-09-05,DOH,JFK,FR,Y,1,609.05
2025-09-05,DOH,JFK,UK,Y,5,594.14
2025-09-05,DOH,LHR,UK,Y,5,554.1
2025-09-05,DOH,LHR,AE,F,1,5493.66
2025-09-05,DOH,LHR,QA,W,4,910.22
2025-09-05,DOH,JFK,UK,F,2,5208.98
2025-09-05,DOH,LHR,AE,W,2,815.78
2025-09-05,DOH,JFK,UK,F,2,4528.95
2025-09-05,DOH,JFK,AE,F,3,4341.41
2025-09-05,DOH,LHR,FR,F,1,3916.13
2025-09-05,DOH,CDG,AE,F,1,4866.61
2025-09-05,DOH,DXB,QA,W,2,964.25
2025-09-05,DOH,DXB,UK,F,3,3670.25
2025-09-05,DOH,CDG,AE,F,1,5441.52
2025-09-05,DOH,JFK,US,F,3,4828.56
2025-09-05,DOH,JFK,QA,F,2,4458.05
2025-09-05,DOH,CDG,UK,Y,2,509.13
2025-09-05,DOH,LHR,AE,W,4,1008.81
2025-09-05,DOH,CDG,QA,F,3,5186.23
2025-09-05,DOH,CDG,AE,W,3,1145.46
2025-09-05,DOH,LHR,UK,F,6,4325.35
2025-09-05,DOH,DXB,QA,F,2,4460.74
2025-09-05,DOH,JFK,UK,Y,1,575.67
2025-09-05,DOH,JFK,FR,F,5,3843.2
2025-09-05,DOH,JFK,US,F,3,4165.76
2025-09-05,DOH,JFK,AE,F,3,3576.41
2025-09-05,DOH,CDG,US,W,3,1014.18
2025-09-05,DOH,CDG,QA,J,2,1999.45
2025-09-05,DOH,LHR,US,W,4,986.78
2025-09-05,DOH,LHR,UK,W,3,1049.97
2025-09-05,DOH,CDG,UK,Y,4,767.84
2025-09-05,DOH,JFK,UK,F,7,4716.31
2025-09-05,DOH,LHR,AE,Y,8,763.25
2025-09-05,DOH,CDG,US,F,5,5199.01
2025-09-05,DOH,DXB,FR,J,3,2128.86
2025-09-05,DOH,LHR,AE,J,4,2858.21
2025-09-05,DOH,CDG,AE,J,3,2718.31
2025-09-05,DOH,CDG,FR,W,5,1043.42
2025-09-05,DOH,DXB,UK,W,3,1118.82
2025-09-05,DOH,CDG,AE,W,1,1181.84
2025-09-05,DOH,LHR,QA,F,1,3760.93
2025-09-05,DOH,CDG,QA,W,3,984.88
2025-09-05,DOH,DXB,AE,J,8,2479.33
2025-09-05,DOH,JFK,US,F,4,3972.34
2025-09-05,DOH,LHR,US,J,3,1895.56
2025-09-05,DOH,CDG,UK,Y,4,834.68
2025-09-05,DOH,LHR,FR,Y,5,842.21
2025-09-05,DOH,LHR,QA,F,2,4381.49
2025-09-05,DOH,LHR,QA,W,2,1116.43
2025-09-05,DOH,LHR,UK,W,1,804.35
2025-09-05,DOH,DXB,QA,J,2,2529.31
2025-09-05,DOH,JFK,QA,Y,1,819.09
2025-09-05,DOH,CDG,AE,F,5,4263.06
2025-09-05,DOH,DXB,UK,J,4,3067.88
2025-09-05,DOH,LHR,FR,J,3,1974.49
2025-09-05,DOH,DXB,AE,W,4,1032.86
2025-09-05,DOH,LHR,AE,W,3,899.08
2025-09-05,DOH,JFK,QA,J,5,2745.68
2025-09-05,DOH,JFK,UK,Y,3,874.41
2025-09-05,DOH,JFK,FR,F,2,5409.6
2025-09-06,DOH,CDG,US,F,1,4700.01
2025-09-06,DOH,DXB,FR,F,4,4148.23
2025-09-06,DOH,CDG,FR,F,2,4332.83
2025-09-06,DOH,CDG,FR,W,4,1111.28
2025-09-06,DOH,DXB,AE,J,7,2790.45
2025-09-06,DOH,CDG,FR,W,2,1073.76
2025-09-06,DOH,CDG,UK,Y,2,649.05
2025-09-06,DOH,LHR,FR,Y,2,891.31
2025-09-06,DOH,JFK,QA,F,1,4549.44
2025-09-06,DOH,DXB,UK,W,3,804.91
2025-09-06,DOH,DXB,US,Y,6,852.05
2025-09-06,DOH,LHR,AE,W,3,1099.96
2025-09-06,DOH,DXB,US,W,1,1101.49
2025-09-06,DOH,LHR,AE,W,4,907.86
2025-09-06,DOH,CDG,UK,F,7,4683.22
2025-09-06,DOH,CDG,QA,W,4,1041.87
2025-09-06,DOH,JFK,UK,Y,2,566.96
2025-09-06,DOH,LHR,AE,J,4,2068.18
2025-09-06,DOH,LHR,QA,Y,1,734.85
2025-09-06,DOH,JFK,FR,Y,1,897.61
2025-09-06,DOH,DXB,UK,Y,5,846.72
2025-09-06,DOH,DXB,FR,J,1,1967.77
2025-09-06,DOH,CDG,US,W,6,945.48
2025-09-06,DOH,LHR,QA,Y,6,626.96
2025-09-06,DOH,LHR,QA,J,5,2211.98
2025-09-06,DOH,LHR,AE,W,4,1110.56
2025-09-06,DOH,JFK,AE,J,5,2114.95
2025-09-06,DOH,CDG,UK,Y,1,883.04
2025-09-06,DOH,JFK,US,W,2,1145.41
2025-09-06,DOH,JFK,AE,W,4,995.45
2025-09-06,DOH,LHR,UK,J,8,2242.52
2025-09-06,DOH,JFK,UK,J,3,1972.3
2025-09-06,DOH,CDG,US,W,5,1090.01
2025-09-06,DOH,LHR,AE,F,1,4215.37
2025-09-06,DOH,JFK,UK,Y,3,524.8
2025-09-06,DOH,LHR,AE,J,2,3096.84
2025-09-06,DOH,DXB,FR,Y,4,858.76
2025-09-06,DOH,DXB,FR,F,1,4798.24
2025-09-06,DOH,CDG,QA,W,2,919.15
2025-09-06,DOH,CDG,AE,Y,3,891.64
2025-09-06,DOH,DXB,US,Y,3,784.32
2025-09-06,DOH,CDG,US,Y,6,639.24
2025-09-06,DOH,JFK,UK,W,4,913.04
2025-09-06,DOH,CDG,US,F,4,5101.49
2025-09-06,DOH,JFK,UK,F,5,5446.95
2025-09-06,DOH,LHR,US,F,3,4707.66
2025-09-06,DOH,CDG,QA,W,3,1150.41
2025-09-06,DOH,DXB,US,W,2,1060.27
2025-09-06,DOH,DXB,QA,F,3,3800.94
2025-09-06,DOH,DXB,AE,J,5,1874.68
2025-09-06,DOH,CDG,FR,W,6,1055.67
2025-09-06,DOH,JFK,FR,F,4,5441.88
2025-09-06,DOH,CDG,AE,W,3,884.74
2025-09-06,DOH,LHR,US,Y,3,578.79
2025-09-06,DOH,DXB,FR,J,1,3168.3
2025-09-06,DOH,LHR,UK,W,1,1014.38
2025-09-06,DOH,CDG,UK,W,4,981.96
2025-09-06,DOH,CDG,AE,F,4,4688.44
2025-09-06,DOH,LHR,UK,Y,7,805.64
2025-09-06,DOH,CDG,US,W,1,1037.47
2025-09-07,DOH,JFK,FR,F,4,4972.04
2025-09-07,DOH,CDG,US,F,3,4743.39
2025-09-07,DOH,CDG,US,W,4,1146.08
2025-09-07,DOH,LHR,FR,W,4,1176.08
2025-09-07,DOH,LHR,US,J,3,2267.92
2025-09-07,DOH,DXB,QA,J,2,1915.16
2025-09-07,DOH,DXB,US,F,2,5235.95
2025-09-07,DOH,CDG,US,Y,4,531.77
2025-09-07,DOH,LHR,AE,J,3,2954.01
2025-09-07,DOH,DXB,FR,W,3,889.28
2025-09-07,DOH,DXB,US,F,5,4239.84
2025-09-07,DOH,JFK,FR,J,3,2608.73
2025-09-07,DOH,DXB,AE,J,4,1959.33
2025-09-07,DOH,CDG,FR,F,4,4664.51
2025-09-07,DOH,LHR,QA,J,2,1802.96
2025-09-07,DOH,DXB,QA,W,1,1052.87
2025-09-07,DOH,JFK,UK,J,3,2504.39
2025-09-07,DOH,LHR,UK,Y,2,891.14
2025-09-07,DOH,CDG,QA,J,1,2982.81
2025-09-07,DOH,JFK,FR,Y,3,626.28
2025-09-07,DOH,DXB,US,J,2,2655.04
2025-09-07,DOH,JFK,US,J,2,1880.61
2025-09-07,DOH,DXB,FR,J,3,2502.38
2025-09-07,DOH,JFK,AE,J,4,2035.92
2025-09-07,DOH,JFK,US,J,1,2629.35
2025-09-07,DOH,JFK,UK,Y,4,592.22
2025-09-07,DOH,DXB,US,F,5,5125.75
2025-09-07,DOH,LHR,UK,F,2,3658.77
2025-09-07,DOH,LHR,QA,Y,3,522.49
2025-09-07,DOH,JFK,FR,W,2,1177.07
2025-09-07,DOH,CDG,FR,F,1,4869.6
2025-09-07,DOH,JFK,AE,F,5,3678.63
2025-09-07,DOH,JFK,US,F,2,4337.01
2025-09-07,DOH,JFK,UK,J,2,2735.0
2025-09-07,DOH,CDG,FR,F,1,4472.66
2025-09-07,DOH,DXB,FR,F,3,4035.65
2025-09-07,DOH,CDG,UK,F,2,4602.97
2025-09-07,DOH,JFK,AE,Y,4,878.74
2025-09-07,DOH,JFK,FR,J,1,2762.35
2025-09-07,DOH,CDG,UK,F,2,4234.81
2025-09-07,DOH,DXB,US,W,8,874.33
2025-09-07,DOH,DXB,FR,J,1,2257.49
2025-09-07,DOH,LHR,FR,J,3,1997.56
2025-09-07,DOH,DXB,FR,F,2,4692.59
2025-09-07,DOH,CDG,US,W,4,1096.82
2025-09-07,DOH,JFK,AE,F,5,4325.59
2025-09-07,DOH,JFK,QA,J,1,2058.61
2025-09-07,DOH,LHR,FR,F,7,5351.62
2025-09-07,DOH,DXB,UK,Y,2,605.3
2025-09-07,DOH,LHR,AE,J,3,2162.76
2025-09-07,DOH,LHR,FR,W,6,1119.71
2025-09-07,DOH,JFK,US,Y,4,738.03
2025-09-07,DOH,LHR,FR,F,3,5019.76
2025-09-07,DOH,JFK,US,J,4,3110.87
2025-09-07,DOH,DXB,UK,F,4,5384.05
2025-09-07,DOH,LHR,AE,J,1,1953.39
2025-09-07,DOH,CDG,QA,Y,1,535.62
2025-09-07,DOH,DXB,UK,W,1,1097.17
2025-09-07,DOH,CDG,FR,F,5,4493.51
2025-09-07,DOH,CDG,AE,W,2,1003.73
2025-09-08,DOH,JFK,UK,J,3,3000.2
2025-09-08,DOH,CDG,AE,Y,2,806.76
2025-09-08,DOH,LHR,QA,W,5,1193.0
2025-09-08,DOH,DXB,AE,Y,1,553.63
2025-09-08,DOH,CDG,QA,J,5,2466.62
2025-09-08,DOH,DXB,FR,J,5,1880.57
2025-09-08,DOH,CDG,UK,J,2,2275.12
2025-09-08,DOH,JFK,QA,F,1,3666.89
2025-09-08,DOH,CDG,US,F,1,5359.05
2025-09-08,DOH,JFK,US,W,4,914.97
2025-09-08,DOH,LHR,US,Y,2,750.1
2025-09-08,DOH,CDG,US,F,2,4045.14
2025-09-08,DOH,JFK,US,W,2,844.03
2025-09-08,DOH,DXB,UK,J,4,3140.2
2025-09-08,DOH,LHR,FR,W,3,866.66
2025-09-08,DOH,DXB,FR,W,2,824.35
2025-09-08,DOH,JFK,US,F,4,4923.92
2025-09-08,DOH,CDG,FR,F,4,4764.35
2025-09-08,DOH,JFK,UK,J,2,2622.96
2025-09-08,DOH,LHR,US,Y,5,551.68
2025-09-08,DOH,JFK,UK,J,4,2852.53
2025-09-08,DOH,CDG,AE,Y,4,698.94
2025-09-08,DOH,LHR,US,J,6,2342.53
2025-09-08,DOH,LHR,US,F,4,3802.85
2025-09-08,DOH,LHR,AE,J,2,2472.69
2025-09-08,DOH,JFK,AE,W,4,1017.37
2025-09-08,DOH,LHR,UK,W,4,807.0
2025-09-08,DOH,CDG,US,J,5,2908.15
2025-09-08,DOH,CDG,AE,Y,2,746.38
2025-09-08,DOH,CDG,UK,F,4,5383.38
2025-09-08,DOH,CDG,UK,W,4,1093.21
2025-09-08,DOH,DXB,UK,F,4,4361.12
2025-09-08,DOH,LHR,US,F,1,4080.63
2025-09-08,DOH,CDG,QA,W,3,883.11
2025-09-08,DOH,JFK,AE,Y,3,893.86
2025-09-08,DOH,CDG,QA,F,4,3783.92
2025-09-08,DOH,LHR,US,J,6,1935.88
2025-09-08,DOH,DXB,US,Y,3,883.88
2025-09-08,DOH,CDG,QA,W,2,972.1
2025-09-08,DOH,DXB,QA,F,4,5199.71
2025-09-08,DOH,CDG,QA,F,2,4439.96
2025-09-08,DOH,DXB,US,F,1,4413.8
2025-09-08,DOH,JFK,UK,Y,1,793.96
2025-09-08,DOH,JFK,US,F,2,4293.11
2025-09-08,DOH,JFK,FR,F,2,4061.6
2025-09-08,DOH,JFK,US,W,3,843.57
2025-09-08,DOH,CDG,AE,J,3,2148.58
2025-09-08,DOH,DXB,US,J,1,2287.44
2025-09-08,DOH,CDG,UK,W,6,926.95
2025-09-08,DOH,CDG,US,F,2,4930.89
2025-09-08,DOH,JFK,UK,F,4,5448.96
2025-09-08,DOH,CDG,QA,F,2,3892.97
2025-09-08,DOH,LHR,US,W,5,801.21
2025-09-08,DOH,CDG,FR,W,1,1198.96
2025-09-08,DOH,JFK,UK,J,4,3082.67
2025-09-08,DOH,DXB,QA,W,3,1159.32
2025-09-08,DOH,DXB,QA,J,1,2786.65
2025-09-08,DOH,CDG,AE,W,4,1159.76
2025-09-08,DOH,DXB,QA,Y,8,806.45
2025-09-08,DOH,JFK,AE,J,1,2567.89
2025-09-09,DOH,LHR,AE,F,5,3824.03
2025-09-09,DOH,LHR,UK,W,3,1009.47
2025-09-09,DOH,LHR,US,F,1,4159.87
2025-09-09,DOH,CDG,FR,F,1,5079.15
2025-09-09,DOH,LHR,QA,J,1,2785.18
2025-09-09,DOH,JFK,US,W,1,1166.13
2025-09-09,DOH,LHR,QA,Y,3,866.02
2025-09-09,DOH,CDG,FR,W,1,1177.14
2025-09-09,DOH,CDG,AE,F,1,4561.55
2025-09-09,DOH,DXB,QA,J,2,1872.88
2025-09-09,DOH,LHR,US,W,1,908.66
2025-09-09,DOH,CDG,US,J,1,1997.67
2025-09-09,DOH,DXB,US,W,3,814.34
2025-09-09,DOH,DXB,AE,W,4,1057.39
2025-09-09,DOH,DXB,US,J,5,2300.42
2025-09-09,DOH,CDG,AE,F,2,5193.19
2025-09-09,DOH,CDG,FR,Y,2,698.4
2025-09-09,DOH,CDG,UK,Y,4,885.48
2025-09-09,DOH,JFK,UK,Y,5,872.76
2025-09-09,DOH,DXB,AE,Y,3,760.39
2025-09-09,DOH,JFK,AE,F,2,4832.68
2025-09-09,DOH,CDG,AE,Y,5,690.38
2025-09-09,DOH,DXB,FR,Y,2,871.52
2025-09-09,DOH,LHR,QA,F,2,4362.01
2025-09-09,DOH,DXB,UK,F,4,3794.22
2025-09-09,DOH,LHR,US,W,7,875.91
2025-09-09,DOH,CDG,US,J,6,2605.13
2025-09-09,DOH,LHR,QA,F,6,4711.18
2025-09-09,DOH,CDG,FR,J,2,2091.78
2025-09-09,DOH,JFK,FR,J,3,2901.72
2025-09-09,DOH,JFK,US,W,2,1153.16
2025-09-09,DOH,DXB,AE,F,3,3606.54
2025-09-09,DOH,LHR,QA,Y,5,674.81
2025-09-09,DOH,LHR,US,W,5,828.37
2025-09-09,DOH,LHR,US,J,2,2729.13
2025-09-09,DOH,CDG,QA,J,2,2272.36
2025-09-09,DOH,CDG,UK,W,2,1098.98
2025-09-09,DOH,DXB,AE,J,2,3070.49
2025-09-09,DOH,LHR,US,J,1,2639.45
2025-09-09,DOH,JFK,UK,F,4,5194.56
2025-09-09,DOH,DXB,UK,Y,2,753.9
2025-09-09,DOH,DXB,QA,Y,3,628.05
2025-09-09,DOH,JFK,UK,Y,4,553.69
2025-09-09,DOH,CDG,FR,J,2,2631.81
2025-09-09,DOH,CDG,FR,W,4,875.05
2025-09-09,DOH,JFK,UK,J,3,2607.49
2025-09-09,DOH,DXB,AE,J,4,2045.7
2025-09-09,DOH,LHR,FR,F,4,4306.74
2025-09-09,DOH,DXB,UK,F,1,4432.18
2025-09-09,DOH,JFK,UK,J,1,2061.17
2025-09-09,DOH,LHR,AE,J,2,2476.74
2025-09-09,DOH,JFK,FR,J,1,2021.27
2025-09-09,DOH,LHR,FR,J,4,2131.07
2025-09-09,DOH,LHR,AE,J,5,1853.11
2025-09-09,DOH,DXB,UK,F,3,5304.37
2025-09-09,DOH,DXB,QA,W,4,1034.67
2025-09-09,DOH,DXB,US,W,2,964.38
2025-09-09,DOH,JFK,UK,Y,2,579.35
2025-09-09,DOH,JFK,US,W,2,1194.84
2025-09-09,DOH,LHR,UK,Y,2,746.08
2025-09-10,DOH,JFK,AE,W,4,1118.42
2025-09-10,DOH,CDG,US,W,1,1027.61
2025-09-10,DOH,CDG,UK,W,1,1023.13
2025-09-10,DOH,CDG,AE,W,4,1179.07
2025-09-10,DOH,CDG,UK,W,5,960.05
2025-09-10,DOH,JFK,AE,J,1,1861.14
2025-09-10,DOH,JFK,QA,F,4,3951.73
2025-09-10,DOH,LHR,FR,J,5,2793.73
2025-09-10,DOH,CDG,UK,J,4,1925.22
2025-09-10,DOH,LHR,UK,W,2,1136.56
2025-09-10,DOH,LHR,US,J,2,2365.86
2025-09-10,DOH,JFK,US,Y,1,842.16
2025-09-10,DOH,CDG,AE,Y,6,792.68
2025-09-10,DOH,JFK,US,F,4,3555.15
2025-09-10,DOH,CDG,AE,W,3,1097.08
2025-09-10,DOH,JFK,FR,J,3,2319.28
2025-09-10,DOH,JFK,AE,Y,2,556.52
2025-09-10,DOH,CDG,US,W,6,1199.19
2025-09-10,DOH,JFK,US,W,5,945.57
2025-09-10,DOH,CDG,AE,F,4,4954.93
2025-09-10,DOH,LHR,US,F,1,4548.04
2025-09-10,DOH,LHR,QA,W,7,1090.43
2025-09-10,DOH,JFK,QA,F,5,5044.99
2025-09-10,DOH,JFK,QA,W,4,813.41
2025-09-10,DOH,DXB,US,F,1,4051.43
2025-09-10,DOH,DXB,US,W,2,957.69
2025-09-10,DOH,CDG,US,W,2,1014.64
2025-09-10,DOH,CDG,QA,Y,2,616.3
2025-09-10,DOH,JFK,AE,J,3,2370.91
2025-09-10,DOH,DXB,US,F,5,4134.0
2025-09-10,DOH,CDG,FR,W,2,970.33
2025-09-10,DOH,LHR,UK,J,2,2865.21
2025-09-10,DOH,LHR,FR,F,3,5326.67
2025-09-10,DOH,CDG,AE,J,1,2613.85
2025-09-10,DOH,DXB,UK,F,1,5017.93
2025-09-10,DOH,JFK,US,F,1,3592.15
2025-09-10,DOH,CDG,UK,F,3,4844.36
2025-09-10,DOH,LHR,US,F,1,4433.3
2025-09-10,DOH,JFK,FR,W,1,1175.09
2025-09-10,DOH,LHR,AE,J,2,3071.86
2025-09-10,DOH,DXB,FR,W,5,914.78
2025-09-10,DOH,LHR,FR,W,4,1020.38
2025-09-10,DOH,LHR,UK,W,2,1151.99
2025-09-10,DOH,LHR,FR,Y,6,559.49
2025-09-10,DOH,CDG,US,W,2,1167.73
2025-09-10,DOH,JFK,UK,W,5,1110.92
2025-09-10,DOH,LHR,UK,F,1,3516.21
2025-09-10,DOH,LHR,AE,F,7,5400.71
2025-09-10,DOH,CDG,US,W,2,830.64
2025-09-10,DOH,LHR,FR,W,4,1130.67
2025-09-10,DOH,CDG,US,J,3,2826.28
2025-09-10,DOH,DXB,UK,W,2,1141.16
2025-09-10,DOH,CDG,FR,F,6,5319.73
2025-09-10,DOH,JFK,US,Y,5,740.33
2025-09-10,DOH,CDG,AE,W,4,1019.72
2025-09-10,DOH,LHR,FR,J,4,2165.83
2025-09-10,DOH,LHR,US,F,6,4491.22
2025-09-10,DOH,CDG,QA,W,3,987.62
2025-09-10,DOH,JFK,AE,J,3,3024.11
2025-09-10,DOH,DXB,UK,Y,4,780.19
2025-09-11,DOH,DXB,US,Y,2,645.95
2025-09-11,DOH,CDG,AE,Y,6,889.6
2025-09-11,DOH,CDG,AE,Y,6,796.13
2025-09-11,DOH,DXB,UK,W,2,1005.71
2025-09-11,DOH,DXB,FR,Y,3,618.66
2025-09-11,DOH,DXB,AE,Y,5,741.29
2025-09-11,DOH,LHR,US,J,5,2811.36
2025-09-11,DOH,LHR,AE,Y,5,824.83
2025-09-11,DOH,DXB,UK,W,2,948.26
2025-09-11,DOH,DXB,UK,F,6,4409.97
2025-09-11,DOH,LHR,US,J,2,3027.21
2025-09-11,DOH,JFK,QA,W,7,1105.34
2025-09-11,DOH,CDG,UK,Y,1,868.57
2025-09-11,DOH,DXB,US,J,3,2329.23
2025-09-11,DOH,CDG,FR,Y,1,771.85
2025-09-11,DOH,DXB,QA,Y,5,561.37
2025-09-11,DOH,JFK,AE,W,1,870.98
2025-09-11,DOH,LHR,FR,W,3,1050.85
2025-09-11,DOH,DXB,UK,F,3,4522.64
2025-09-11,DOH,CDG,QA,J,4,2329.96
2025-09-11,DOH,JFK,US,Y,5,794.69
2025-09-11,DOH,LHR,QA,F,2,4642.39
2025-09-11,DOH,CDG,QA,F,3,5040.4
2025-09-11,DOH,DXB,AE,J,2,2677.75
2025-09-11,DOH,LHR,FR,F,2,3854.66
2025-09-11,DOH,JFK,QA,W,3,1033.88
2025-09-11,DOH,DXB,UK,F,3,5109.7
2025-09-11,DOH,DXB,UK,F,2,3531.4
2025-09-11,DOH,DXB,QA,Y,5,654.88
2025-09-11,DOH,CDG,FR,F,1,3938.25
2025-09-11,DOH,CDG,UK,F,2,4034.6
2025-09-11,DOH,LHR,AE,F,1,4981.78
2025-09-11,DOH,CDG,QA,W,3,1083.89
2025-09-11,DOH,JFK,AE,Y,3,536.72
2025-09-11,DOH,CDG,QA,W,7,1011.56
2025-09-11,DOH,CDG,US,F,2,4658.44
2025-09-11,DOH,CDG,FR,W,4,1088.12
2025-09-11,DOH,CDG,US,J,1,2187.98
2025-09-11,DOH,JFK,FR,Y,1,524.75
2025-09-11,DOH,JFK,QA,F,3,4809.56
2025-09-11,DOH,JFK,US,W,2,1111.96
2025-09-11,DOH,LHR,US,F,3,5490.97
2025-09-11,DOH,DXB,UK,Y,2,525.56
2025-09-11,DOH,JFK,QA,F,4,3769.39
2025-09-11,DOH,CDG,AE,W,1,1154.99
2025-09-11,DOH,JFK,QA,W,4,824.24
2025-09-11,DOH,DXB,QA,J,3,2851.57
2025-09-11,DOH,LHR,US,W,4,945.57
2025-09-11,DOH,JFK,FR,J,5,2449.37
2025-09-11,DOH,DXB,UK,W,3,953.95
2025-09-11,DOH,DXB,FR,F,1,4465.3
2025-09-11,DOH,JFK,US,W,5,1102.47
2025-09-11,DOH,LHR,FR,W,3,995.73
2025-09-11,DOH,LHR,UK,Y,6,573.97
2025-09-11,DOH,DXB,FR,J,1,2676.33
2025-09-11,DOH,DXB,US,W,6,1120.45
2025-09-11,DOH,LHR,FR,F,5,5037.74
2025-09-11,DOH,DXB,FR,Y,2,635.01
2025-09-11,DOH,LHR,QA,W,2,1167.51
2025-09-11,DOH,DXB,AE,Y,3,787.01
2025-09-12,DOH,JFK,FR,J,1,2865.45
2025-09-12,DOH,LHR,QA,Y,3,673.44
2025-09-12,DOH,CDG,FR,W,2,1143.66
2025-09-12,DOH,LHR,US,W,3,909.54
2025-09-12,DOH,CDG,UK,J,1,2262.33
2025-09-12,DOH,LHR,FR,J,2,2635.0
2025-09-12,DOH,DXB,QA,J,4,2495.34
2025-09-12,DOH,JFK,QA,J,2,3095.21
2025-09-12,DOH,JFK,US,W,4,878.5
2025-09-12,DOH,CDG,UK,J,5,2350.92
2025-09-12,DOH,LHR,UK,Y,2,547.68
2025-09-12,DOH,LHR,QA,W,2,1171.44
2025-09-12,DOH,JFK,UK,F,6,4956.1
2025-09-12,DOH,CDG,UK,J,3,2026.41
2025-09-12,DOH,DXB,US,W,3,1056.59
2025-09-12,DOH,DXB,UK,Y,2,582.86
2025-09-12,DOH,LHR,AE,Y,2,598.5
2025-09-12,DOH,DXB,AE,J,2,2738.4
2025-09-12,DOH,CDG,QA,F,1,5338.16
2025-09-12,DOH,LHR,AE,Y,2,577.76
2025-09-12,DOH,CDG,UK,J,2,2069.95
2025-09-12,DOH,JFK,US,Y,2,668.47
2025-09-12,DOH,JFK,US,Y,1,607.18
2025-09-12,DOH,JFK,QA,Y,2,791.37
2025-09-12,DOH,DXB,FR,Y,3,863.96
2025-09-12,DOH,CDG,QA,F,3,4558.8
2025-09-12,DOH,CDG,UK,J,1,2729.75
2025-09-12,DOH,LHR,FR,F,3,5137.68
2025-09-12,DOH,DXB,QA,J,2,2451.52
2025-09-12,DOH,CDG,AE,F,4,4323.46
2025-09-12,DOH,CDG,UK,W,4,929.69
2025-09-12,DOH,CDG,QA,J,3,2565.58
2025-09-12,DOH,JFK,US,J,3,2337.71
2025-09-12,DOH,JFK,UK,Y,4,872.93
2025-09-12,DOH,LHR,US,F,8,5131.54
2025-09-12,DOH,CDG,AE,Y,5,680.8
2025-09-12,DOH,DXB,UK,F,3,5438.08
2025-09-12,DOH,CDG,FR,Y,3,819.95
2025-09-12,DOH,DXB,US,W,3,971.61
2025-09-12,DOH,CDG,QA,F,1,5024.19
2025-09-12,DOH,CDG,UK,J,4,2613.55
2025-09-12,DOH,DXB,UK,F,3,4561.87
2025-09-12,DOH,LHR,AE,Y,2,536.51
2025-09-12,DOH,CDG,FR,J,3,2494.96
2025-09-12,DOH,JFK,QA,W,4,887.77
2025-09-12,DOH,JFK,FR,F,2,5283.18
2025-09-12,DOH,DXB,QA,W,3,986.43
2025-09-12,DOH,JFK,US,F,3,4267.49
2025-09-12,DOH,JFK,AE,J,1,2253.49
2025-09-12,DOH,DXB,US,Y,3,845.8
2025-09-12,DOH,LHR,FR,Y,2,610.88
2025-09-12,DOH,LHR,UK,J,2,2546.08
2025-09-12,DOH,JFK,AE,Y,1,699.66
2025-09-12,DOH,JFK,QA,F,3,5088.46
2025-09-12,DOH,LHR,UK,F,1,3818.71
2025-09-12,DOH,CDG,US,F,3,3783.99
2025-09-12,DOH,JFK,AE,W,4,1046.49
2025-09-12,DOH,JFK,US,F,1,4388.32
2025-09-12,DOH,JFK,US,W,3,853.14
2025-09-12,DOH,DXB,US,F,3,3677.7
2025-09-13,DOH,JFK,UK,Y,1,712.89
2025-09-13,DOH,LHR,FR,F,4,3691.73
2025-09-13,DOH,JFK,UK,J,2,2955.83
2025-09-13,DOH,LHR,AE,F,2,4380.51
2025-09-13,DOH,JFK,QA,Y,4,786.53
2025-09-13,DOH,JFK,QA,F,4,3664.06
2025-09-13,DOH,LHR,FR,W,2,1008.46
2025-09-13,DOH,CDG,US,Y,1,693.84
2025-09-13,DOH,LHR,UK,Y,2,664.68
2025-09-13,DOH,DXB,AE,Y,6,607.57
2025-09-13,DOH,LHR,QA,W,8,903.18
2025-09-13,DOH,JFK,US,W,1,938.32
2025-09-13,DOH,CDG,UK,W,2,1085.69
2025-09-13,DOH,CDG,US,Y,1,612.57
2025-09-13,DOH,LHR,AE,W,4,970.72
2025-09-13,DOH,LHR,QA,F,4,4321.81
2025-09-13,DOH,CDG,UK,F,3,3903.59
2025-09-13,DOH,JFK,FR,Y,5,828.27
2025-09-13,DOH,JFK,UK,Y,3,892.1
2025-09-13,DOH,CDG,QA,J,1,2011.24
2025-09-13,DOH,JFK,UK,Y,3,874.64
2025-09-13,DOH,CDG,QA,W,3,883.91
2025-09-13,DOH,CDG,FR,Y,3,576.82
2025-09-13,DOH,LHR,US,Y,3,620.15
2025-09-13,DOH,JFK,UK,W,1,979.49
2025-09-13,DOH,LHR,QA,Y,1,541.5
2025-09-13,DOH,LHR,QA,J,4,3143.36
2025-09-13,DOH,JFK,AE,F,3,4583.33
2025-09-13,DOH,CDG,QA,F,5,4093.61
2025-09-13,DOH,DXB,QA,F,3,4527.82
2025-09-13,DOH,CDG,FR,J,5,2711.0
2025-09-13,DOH,DXB,FR,J,4,2170.55
2025-09-13,DOH,CDG,AE,J,3,3197.46
2025-09-13,DOH,JFK,AE,J,4,2372.71
2025-09-13,DOH,DXB,AE,J,5,2847.08
2025-09-13,DOH,LHR,QA,F,3,4851.59
2025-09-13,DOH,LHR,UK,Y,3,873.9
2025-09-13,DOH,JFK,QA,W,1,1146.25
2025-09-13,DOH,JFK,AE,J,3,2852.25
2025-09-13,DOH,LHR,FR,J,3,3011.34
2025-09-13,DOH,JFK,QA,Y,2,534.86
2025-09-13,DOH,DXB,UK,Y,5,556.61
2025-09-13,DOH,JFK,AE,Y,1,607.58
2025-09-13,DOH,JFK,AE,Y,3,602.35
2025-09-13,DOH,JFK,FR,W,3,1129.43
2025-09-13,DOH,JFK,UK,J,2,2819.7
2025-09-13,DOH,DXB,FR,W,3,914.52
2025-09-13,DOH,LHR,AE,F,5,4020.26
2025-09-13,DOH,JFK,US,J,3,2952.28
2025-09-13,DOH,LHR,QA,W,2,872.39
2025-09-13,DOH,CDG,US,W,6,893.47
2025-09-13,DOH,JFK,QA,F,4,3502.23
2025-09-13,DOH,JFK,FR,Y,2,838.56
2025-09-13,DOH,JFK,UK,F,2,4361.91
2025-09-13,DOH,LHR,UK,J,1,2768.12
2025-09-13,DOH,CDG,FR,Y,4,791.9
2025-09-13,DOH,JFK,FR,Y,4,628.35
2025-09-13,DOH,JFK,QA,J,2,2866.09
2025-09-13,DOH,LHR,AE,Y,5,529.96
2025-09-13,DOH,LHR,UK,W,4,1137.67
2025-09-14,DOH,LHR,AE,F,1,4921.94
2025-09-14,DOH,LHR,US,W,2,894.47
2025-09-14,DOH,LHR,AE,J,3,2638.41
2025-09-14,DOH,DXB,US,W,5,1103.87
2025-09-14,DOH,LHR,FR,Y,5,694.85
2025-09-14,DOH,CDG,AE,Y,7,531.72
2025-09-14,DOH,CDG,US,F,2,5007.71
2025-09-14,DOH,LHR,QA,Y,3,656.66
2025-09-14,DOH,CDG,QA,W,3,1179.89
2025-09-14,DOH,CDG,US,F,3,4321.76
2025-09-14,DOH,JFK,FR,J,2,2146.76
2025-09-14,DOH,CDG,UK,J,2,2034.33
2025-09-14,DOH,JFK,UK,Y,7,581.85
2025-09-14,DOH,LHR,US,W,2,816.4
2025-09-14,DOH,CDG,UK,W,4,1125.15
2025-09-14,DOH,DXB,US,Y,1,637.02
2025-09-14,DOH,CDG,AE,W,2,914.42
2025-09-14,DOH,JFK,AE,Y,3,836.41
2025-09-14,DOH,JFK,AE,F,4,3877.52
2025-09-14,DOH,LHR,US,F,2,4980.5
2025-09-14,DOH,JFK,AE,J,1,1992.49
2025-09-14,DOH,CDG,FR,J,2,2359.13
2025-09-14,DOH,LHR,QA,F,3,4934.53
2025-09-14,DOH,CDG,UK,J,2,2207.16
2025-09-14,DOH,DXB,FR,Y,1,859.7
2025-09-14,DOH,JFK,AE,J,4,1992.38
2025-09-14,DOH,JFK,UK,Y,2,759.15
2025-09-14,DOH,JFK,FR,W,2,1194.58
2025-09-14,DOH,LHR,AE,F,4,4170.77
2025-09-14,DOH,CDG,UK,J,3,1924.42
2025-09-14,DOH,JFK,US,Y,4,811.28
2025-09-14,DOH,CDG,QA,F,4,5493.32
2025-09-14,DOH,JFK,US,F,3,5002.58
2025-09-14,DOH,LHR,AE,Y,3,696.21
2025-09-14,DOH,DXB,FR,W,1,968.1
2025-09-14,DOH,JFK,QA,W,3,933.72
2025-09-14,DOH,JFK,QA,Y,2,841.94
2025-09-14,DOH,JFK,QA,W,4,1058.01
2025-09-14,DOH,JFK,US,W,4,899.2
2025-09-14,DOH,DXB,FR,F,4,4704.03
2025-09-14,DOH,JFK,US,W,3,852.74
2025-09-14,DOH,JFK,UK,W,4,866.11
2025-09-14,DOH,LHR,QA,J,2,2044.69
2025-09-14,DOH,LHR,AE,J,3,2292.58
2025-09-14,DOH,DXB,AE,Y,1,715.17
2025-09-14,DOH,JFK,AE,F,1,5136.45
2025-09-14,DOH,CDG,UK,J,1,2976.74
2025-09-14,DOH,CDG,AE,W,7,1044.51
2025-09-14,DOH,DXB,UK,J,3,2931.15
2025-09-14,DOH,CDG,QA,Y,3,571.14
2025-09-14,DOH,CDG,US,F,2,3885.23
2025-09-14,DOH,JFK,US,F,2,3986.9
2025-09-14,DOH,LHR,FR,Y,3,613.19
2025-09-14,DOH,DXB,UK,Y,1,578.85
2025-09-14,DOH,JFK,QA,F,4,5047.88
2025-09-14,DOH,CDG,US,F,4,5158.01
2025-09-14,DOH,JFK,UK,J,2,1911.77
2025-09-14,DOH,JFK,QA,Y,4,673.19
2025-09-14,DOH,LHR,QA,F,4,5303.01
2025-09-14,DOH,DXB,FR,J,2,2413.44
2025-09-15,DOH,LHR,UK,W,1,1182.3
2025-09-15,DOH,CDG,AE,J,2,2820.89
2025-09-15,DOH,DXB,AE,Y,3,609.43
2025-09-15,DOH,JFK,FR,F,2,4116.89
2025-09-15,DOH,LHR,AE,J,3,3160.83
2025-09-15,DOH,JFK,UK,J,2,2023.48
2025-09-15,DOH,JFK,FR,Y,2,876.02
2025-09-15,DOH,CDG,UK,Y,3,615.95
2025-09-15,DOH,CDG,US,J,3,2414.11
2025-09-15,DOH,LHR,AE,F,3,4925.96
2025-09-15,DOH,JFK,QA,F,2,4987.65
2025-09-15,DOH,CDG,UK,Y,3,692.74
2025-09-15,DOH,DXB,AE,Y,4,825.15
2025-09-15,DOH,JFK,AE,W,3,910.61
2025-09-15,DOH,DXB,UK,F,5,4430.43
2025-09-15,DOH,LHR,FR,W,6,825.28
2025-09-15,DOH,DXB,QA,F,3,4086.17
2025-09-15,DOH,JFK,FR,W,5,1099.93
2025-09-15,DOH,LHR,FR,J,3,2876.57
2025-09-15,DOH,LHR,AE,W,1,1172.96
2025-09-15,DOH,DXB,AE,J,4,1839.5
2025-09-15,DOH,CDG,AE,F,1,3877.99
2025-09-15,DOH,CDG,FR,J,4,1934.61
2025-09-15,DOH,CDG,QA,W,1,1040.46
2025-09-15,DOH,DXB,US,J,3,3090.17
2025-09-15,DOH,LHR,FR,F,3,5193.65
2025-09-15,DOH,LHR,QA,W,3,1131.76
2025-09-15,DOH,LHR,AE,Y,3,862.05
2025-09-15,DOH,LHR,AE,W,2,1109.11
2025-09-15,DOH,DXB,UK,Y,4,748.04
2025-09-15,DOH,JFK,AE,F,2,5033.24
2025-09-15,DOH,LHR,US,W,3,862.38
2025-09-15,DOH,DXB,AE,J,3,1944.94
2025-09-15,DOH,CDG,AE,Y,1,596.96
2025-09-15,DOH,LHR,FR,Y,2,557.68
2025-09-15,DOH,JFK,US,Y,2,648.78
2025-09-15,DOH,LHR,AE,F,3,4455.81
2025-09-15,DOH,LHR,FR,Y,3,718.2
2025-09-15,DOH,CDG,AE,J,3,2435.63
2025-09-15,DOH,JFK,AE,J,3,2157.84
2025-09-15,DOH,JFK,AE,F,1,5081.84
2025-09-15,DOH,JFK,FR,Y,5,526.18
2025-09-15,DOH,CDG,FR,F,2,3905.51
2025-09-15,DOH,CDG,FR,J,3,3077.97
2025-09-15,DOH,CDG,UK,Y,7,516.75
2025-09-15,DOH,LHR,UK,W,5,937.17
2025-09-15,DOH,DXB,AE,J,4,1837.14
2025-09-15,DOH,LHR,UK,J,4,2977.32
2025-09-15,DOH,LHR,US,J,1,3083.0
2025-09-15,DOH,DXB,AE,Y,6,888.83
2025-09-15,DOH,JFK,AE,J,1,2561.5
2025-09-15,DOH,DXB,AE,F,6,3981.26
2025-09-15,DOH,LHR,AE,Y,4,885.24
2025-09-15,DOH,DXB,QA,Y,6,586.66
2025-09-15,DOH,LHR,QA,W,4,1057.58
2025-09-15,DOH,DXB,US,Y,4,530.56
2025-09-15,DOH,JFK,US,W,2,961.98
2025-09-15,DOH,JFK,US,F,6,4490.65
2025-09-15,DOH,JFK,FR,J,1,2148.24
2025-09-15,DOH,DXB,AE,W,4,1180.42
2025-09-16,DOH,LHR,FR,J,1,1902.33
2025-09-16,DOH,LHR,US,J,1,2141.26
2025-09-16,DOH,DXB,UK,F,5,4927.38
2025-09-16,DOH,DXB,FR,F,4,4235.71
2025-09-16,DOH,CDG,FR,Y,1,670.94
2025-09-16,DOH,LHR,UK,W,3,1088.58
2025-09-16,DOH,CDG,UK,F,3,5311.66
2025-09-16,DOH,LHR,US,W,4,947.01
2025-09-16,DOH,DXB,AE,W,2,837.4
2025-09-16,DOH,JFK,QA,W,5,1011.03
2025-09-16,DOH,JFK,AE,W,2,921.11
2025-09-16,DOH,DXB,AE,W,3,949.58
2025-09-16,DOH,LHR,UK,J,2,2664.38
2025-09-16,DOH,CDG,QA,W,4,894.35
2025-09-16,DOH,JFK,US,F,5,3674.36
2025-09-16,DOH,DXB,FR,F,3,5148.87
2025-09-16,DOH,DXB,QA,F,3,5007.81
2025-09-16,DOH,JFK,QA,F,1,4716.47
2025-09-16,DOH,CDG,AE,J,3,2572.42
2025-09-16,DOH,CDG,UK,Y,3,673.46
2025-09-16,DOH,LHR,FR,W,5,816.31
2025-09-16,DOH,CDG,FR,Y,6,600.04
2025-09-16,DOH,LHR,AE,F,3,4380.28
2025-09-16,DOH,JFK,FR,W,7,1178.49
2025-09-16,DOH,LHR,UK,W,2,994.31
2025-09-16,DOH,LHR,US,Y,5,708.79
2025-09-16,DOH,JFK,AE,W,3,944.34
2025-09-16,DOH,LHR,UK,W,5,962.38
2025-09-16,DOH,JFK,FR,J,6,1927.07
2025-09-16,DOH,DXB,AE,W,4,1165.54
2025-09-16,DOH,LHR,US,W,2,890.63
2025-09-16,DOH,JFK,QA,F,4,4404.42
2025-09-16,DOH,JFK,AE,F,5,3941.31
2025-09-16,DOH,DXB,US,W,3,915.58
2025-09-16,DOH,CDG,AE,J,3,2608.81
2025-09-16,DOH,JFK,AE,F,3,4266.03
2025-09-16,DOH,LHR,UK,F,5,4991.72
2025-09-16,DOH,LHR,AE,W,2,1076.85
2025-09-16,DOH,CDG,UK,J,2,2871.93
2025-09-16,DOH,LHR,US,Y,1,557.7
2025-09-16,DOH,CDG,AE,Y,2,520.15
2025-09-16,DOH,JFK,UK,W,3,1162.59
2025-09-16,DOH,JFK,QA,W,3,874.21
2025-09-16,DOH,CDG,FR,W,3,1163.38
2025-09-16,DOH,CDG,US,Y,5,578.67
2025-09-16,DOH,CDG,UK,F,5,4995.75
2025-09-16,DOH,DXB,QA,Y,7,506.45
2025-09-16,DOH,LHR,QA,F,4,3671.5
2025-09-16,DOH,JFK,QA,W,5,1008.38
2025-09-16,DOH,JFK,AE,Y,3,873.67
2025-09-16,DOH,JFK,FR,W,1,819.87
2025-09-16,DOH,DXB,UK,Y,1,572.77
2025-09-16,DOH,JFK,AE,J,1,3172.69
2025-09-16,DOH,JFK,AE,J,3,1982.27
2025-09-16,DOH,DXB,UK,F,3,5482.21
2025-09-16,DOH,DXB,AE,J,6,2202.19
2025-09-16,DOH,JFK,US,W,3,1167.0
2025-09-16,DOH,CDG,QA,J,3,1938.91
2025-09-16,DOH,CDG,AE,F,2,4846.88
2025-09-16,DOH,DXB,QA,Y,3,730.41
2025-09-17,DOH,LHR,QA,J,3,2387.17
2025-09-17,DOH,DXB,US,F,5,3509.76
2025-09-17,DOH,CDG,QA,F,2,4256.23
2025-09-17,DOH,JFK,AE,F,5,5299.65
2025-09-17,DOH,LHR,UK,J,1,3057.61
2025-09-17,DOH,DXB,FR,F,4,4772.74
2025-09-17,DOH,LHR,FR,J,3,1820.12
2025-09-17,DOH,CDG,QA,Y,2,760.47
2025-09-17,DOH,CDG,FR,W,4,1133.38
2025-09-17,DOH,DXB,UK,J,7,2249.39
2025-09-17,DOH,DXB,AE,W,4,821.39
2025-09-17,DOH,CDG,UK,W,3,884.44
2025-09-17,DOH,CDG,QA,Y,2,713.26
2025-09-17,DOH,DXB,US,W,3,1089.48
2025-09-17,DOH,CDG,AE,Y,4,614.47
2025-09-17,DOH,CDG,QA,F,3,4094.17
2025-09-17,DOH,JFK,QA,J,4,2549.24
2025-09-17,DOH,CDG,FR,F,3,5317.04
2025-09-17,DOH,CDG,AE,F,5,4260.84
2025-09-17,DOH,CDG,US,J,4,2785.25
2025-09-17,DOH,LHR,UK,W,5,890.36
2025-09-17,DOH,JFK,QA,J,4,2040.77
2025-09-17,DOH,LHR,UK,W,1,933.51
2025-09-17,DOH,JFK,UK,J,1,2452.2
2025-09-17,DOH,JFK,UK,J,3,2936.3
2025-09-17,DOH,JFK,UK,J,4,2946.02
2025-09-17,DOH,LHR,UK,J,3,3033.95
2025-09-17,DOH,DXB,AE,Y,5,763.05
2025-09-17,DOH,JFK,FR,W,4,1152.44
2025-09-17,DOH,LHR,UK,Y,5,719.18
2025-09-17,DOH,JFK,FR,Y,5,830.18
2025-09-17,DOH,LHR,UK,Y,2,874.39
2025-09-17,DOH,CDG,US,F,6,4333.61
2025-09-17,DOH,DXB,US,F,2,5391.98
2025-09-17,DOH,LHR,UK,J,2,2324.24
2025-09-17,DOH,JFK,UK,W,2,1011.2
2025-09-17,DOH,JFK,US,W,1,1030.67
2025-09-17,DOH,CDG,QA,Y,1,817.13
2025-09-17,DOH,LHR,FR,J,3,3160.09
2025-09-17,DOH,CDG,UK,F,4,4019.22
2025-09-17,DOH,DXB,FR,Y,3,845.89
2025-09-17,DOH,LHR,AE,J,3,2206.3
2025-09-17,DOH,CDG,FR,Y,1,798.18
2025-09-17,DOH,CDG,UK,J,3,2279.22
2025-09-17,DOH,LHR,US,J,3,2199.39
2025-09-17,DOH,LHR,FR,Y,2,595.89
2025-09-17,DOH,LHR,QA,Y,6,742.54
2025-09-17,DOH,DXB,FR,W,1,897.13
2025-09-17,DOH,DXB,QA,F,2,4516.52
2025-09-17,DOH,CDG,AE,W,2,1040.09
2025-09-17,DOH,LHR,US,F,2,4933.03
2025-09-17,DOH,LHR,FR,J,3,3090.33
2025-09-17,DOH,DXB,US,W,1,1194.15
2025-09-17,DOH,LHR,US,Y,6,819.43
2025-09-17,DOH,LHR,FR,F,1,4649.16
2025-09-17,DOH,CDG,QA,F,1,4696.56
2025-09-17,DOH,JFK,UK,W,2,935.8
2025-09-17,DOH,LHR,UK,F,4,5190.6
2025-09-17,DOH,LHR,FR,Y,7,549.47
2025-09-17,DOH,JFK,AE,Y,2,759.1
2025-09-18,DOH,CDG,UK,F,2,4128.32
2025-09-18,DOH,LHR,UK,Y,2,787.17
2025-09-18,DOH,LHR,UK,W,5,985.71
2025-09-18,DOH,LHR,US,W,4,1152.55
2025-09-18,DOH,JFK,UK,F,1,4027.42
2025-09-18,DOH,JFK,FR,Y,4,723.19
2025-09-18,DOH,LHR,QA,W,1,1106.55
2025-09-18,DOH,DXB,UK,F,4,4167.86
2025-09-18,DOH,DXB,FR,F,4,5297.81
2025-09-18,DOH,LHR,AE,F,2,3558.45
2025-09-18,DOH,JFK,FR,W,3,944.96
2025-09-18,DOH,LHR,UK,F,3,4489.53
2025-09-18,DOH,DXB,FR,J,2,3111.96
2025-09-18,DOH,LHR,US,F,4,3586.1
2025-09-18,DOH,DXB,UK,W,4,1112.77
2025-09-18,DOH,CDG,AE,J,4,2822.5
2025-09-18,DOH,LHR,QA,J,2,2119.95
2025-09-18,DOH,DXB,QA,J,1,3010.03
2025-09-18,DOH,LHR,UK,W,2,947.19
2025-09-18,DOH,CDG,US,W,2,842.99
2025-09-18,DOH,DXB,FR,J,3,2304.84
2025-09-18,DOH,LHR,QA,J,5,3135.78
2025-09-18,DOH,DXB,FR,Y,2,656.24
2025-09-18,DOH,DXB,FR,J,1,1891.19
2025-09-18,DOH,JFK,AE,J,3,3008.07
2025-09-18,DOH,CDG,FR,W,4,863.1
2025-09-18,DOH,CDG,AE,W,5,952.45
2025-09-18,DOH,LHR,FR,J,6,1948.4
2025-09-18,DOH,CDG,US,Y,5,618.9
2025-09-18,DOH,JFK,UK,W,1,1092.61
2025-09-18,DOH,CDG,US,F,1,3672.04
2025-09-18,DOH,JFK,US,F,3,3643.74
2025-09-18,DOH,JFK,FR,J,1,1911.94
2025-09-18,DOH,JFK,UK,Y,6,693.18
2025-09-18,DOH,CDG,QA,W,5,845.38
2025-09-18,DOH,LHR,US,Y,2,861.48
2025-09-18,DOH,CDG,FR,Y,3,692.25
2025-09-18,DOH,LHR,UK,Y,4,544.23
2025-09-18,DOH,DXB,AE,F,2,3551.99
2025-09-18,DOH,DXB,UK,F,2,4300.68
2025-09-18,DOH,LHR,FR,J,3,2037.33
2025-09-18,DOH,DXB,QA,Y,2,896.24
2025-09-18,DOH,LHR,FR,F,1,4199.45
2025-09-18,DOH,DXB,FR,J,4,2343.92
2025-09-18,DOH,JFK,AE,W,3,1119.3
2025-09-18,DOH,DXB,FR,J,1,3025.32
2025-09-18,DOH,DXB,FR,W,6,1166.19
2025-09-18,DOH,DXB,AE,Y,3,725.97
2025-09-18,DOH,LHR,AE,F,2,4611.21
2025-09-18,DOH,DXB,QA,W,2,1195.94
2025-09-18,DOH,DXB,US,F,2,5124.74
2025-09-18,DOH,JFK,AE,J,5,2141.53
2025-09-18,DOH,CDG,QA,Y,1,587.84
2025-09-18,DOH,JFK,US,J,2,1986.3
2025-09-18,DOH,JFK,QA,W,4,1069.01
2025-09-18,DOH,LHR,AE,F,8,3886.96
2025-09-18,DOH,LHR,QA,J,1,2394.46
2025-09-18,DOH,JFK,US,Y,4,542.98
2025-09-18,DOH,LHR,US,Y,4,753.21
2025-09-18,DOH,LHR,QA,J,1,2119.19
2025-09-19,DOH,CDG,US,Y,2,770.56
2025-09-19,DOH,CDG,US,Y,2,773.11
2025-09-19,DOH,CDG,UK,W,6,1162.74
2025-09-19,DOH,CDG,UK,F,2,4338.81
2025-09-19,DOH,JFK,AE,W,1,911.1
2025-09-19,DOH,DXB,UK,Y,4,562.47
2025-09-19,DOH,JFK,AE,W,2,956.47
2025-09-19,DOH,DXB,FR,F,6,5288.29
2025-09-19,DOH,JFK,FR,F,1,4148.39
2025-09-19,DOH,LHR,UK,J,3,2005.29
2025-09-19,DOH,JFK,US,W,2,922.34
2025-09-19,DOH,LHR,AE,Y,3,728.69
2025-09-19,DOH,LHR,UK,F,4,5391.54
2025-09-19,DOH,DXB,US,W,1,1172.26
2025-09-19,DOH,JFK,US,F,2,4401.03
2025-09-19,DOH,CDG,AE,W,1,1065.0
2025-09-19,DOH,JFK,US,Y,3,679.83
2025-09-19,DOH,LHR,AE,J,6,2316.75
2025-09-19,DOH,DXB,UK,W,4,1042.28
2025-09-19,DOH,JFK,FR,W,2,1074.11
2025-09-19,DOH,DXB,AE,J,5,2885.67
2025-09-19,DOH,DXB,QA,Y,7,629.33
2025-09-19,DOH,CDG,UK,J,2,3176.49
2025-09-19,DOH,LHR,US,F,1,3641.43
2025-09-19,DOH,JFK,QA,J,3,2116.91
2025-09-19,DOH,DXB,UK,F,3,5307.02
2025-09-19,DOH,CDG,UK,J,3,3003.63
2025-09-19,DOH,CDG,QA,F,2,4403.69
2025-09-19,DOH,CDG,FR,Y,5,569.65
2025-09-19,DOH,CDG,US,F,3,4033.88
2025-09-19,DOH,DXB,FR,F,3,4372.15
2025-09-19,DOH,LHR,UK,W,1,827.78
2025-09-19,DOH,DXB,AE,Y,4,737.61
2025-09-19,DOH,LHR,US,F,1,5423.27
2025-09-19,DOH,CDG,UK,F,2,4281.01
2025-09-19,DOH,JFK,US,F,7,4087.67
2025-09-19,DOH,CDG,US,Y,4,851.53
2025-09-19,DOH,LHR,US,F,1,5028.01
2025-09-19,DOH,JFK,QA,W,1,1052.95
2025-09-19,DOH,JFK,AE,Y,4,850.41
2025-09-19,DOH,JFK,US,J,4,3004.82
2025-09-19,DOH,JFK,US,W,2,812.39
2025-09-19,DOH,LHR,UK,Y,1,771.32
2025-09-19,DOH,CDG,FR,W,2,960.53
2025-09-19,DOH,LHR,UK,J,2,2167.37
2025-09-19,DOH,LHR,UK,J,2,3023.16
2025-09-19,DOH,JFK,AE,Y,3,759.26
2025-09-19,DOH,DXB,US,W,2,922.17
2025-09-19,DOH,LHR,US,F,6,5054.19
2025-09-19,DOH,DXB,US,J,2,2358.56
2025-09-19,DOH,LHR,US,F,1,4412.97
2025-09-19,DOH,LHR,QA,Y,3,880.38
2025-09-19,DOH,JFK,UK,W,3,843.28
2025-09-19,DOH,DXB,QA,Y,3,528.25
2025-09-19,DOH,JFK,FR,W,6,1056.44
2025-09-19,DOH,CDG,UK,Y,1,877.15
2025-09-19,DOH,JFK,UK,W,3,945.98
2025-09-19,DOH,DXB,US,W,1,989.24
2025-09-19,DOH,DXB,UK,W,4,1004.78
2025-09-19,DOH,JFK,FR,F,1,4820.46
2025-09-20,DOH,JFK,AE,F,3,4590.03
2025-09-20,DOH,CDG,QA,J,1,2661.85
2025-09-20,DOH,DXB,UK,J,1,2903.52
2025-09-20,DOH,JFK,US,J,5,2265.4
2025-09-20,DOH,LHR,QA,Y,5,717.49
2025-09-20,DOH,CDG,QA,Y,4,531.17
2025-09-20,DOH,JFK,FR,J,1,1936.36
2025-09-20,DOH,LHR,QA,Y,3,818.05
2025-09-20,DOH,CDG,FR,F,4,4337.61
2025-09-20,DOH,LHR,FR,F,1,4236.24
2025-09-20,DOH,LHR,AE,F,1,3611.43
2025-09-20,DOH,DXB,US,W,1,979.01
2025-09-20,DOH,JFK,US,Y,6,687.64
2025-09-20,DOH,DXB,UK,F,1,4983.06
2025-09-20,DOH,DXB,UK,J,2,2662.22
2025-09-20,DOH,LHR,QA,Y,4,581.01
2025-09-20,DOH,LHR,AE,Y,3,893.52
2025-09-20,DOH,DXB,AE,W,5,1128.29
2025-09-20,DOH,JFK,AE,W,2,1150.4
2025-09-20,DOH,DXB,US,Y,4,776.09
2025-09-20,DOH,JFK,QA,J,5,3196.88
2025-09-20,DOH,DXB,AE,J,2,3004.16
2025-09-20,DOH,CDG,FR,W,5,844.79
2025-09-20,DOH,DXB,FR,F,4,4857.32
2025-09-20,DOH,CDG,US,F,2,4456.12
2025-09-20,DOH,JFK,UK,Y,2,763.35
2025-09-20,DOH,JFK,FR,J,3,2522.95
2025-09-20,DOH,JFK,US,F,6,3510.19
2025-09-20,DOH,LHR,UK,F,2,4252.96
2025-09-20,DOH,LHR,UK,Y,3,578.03
2025-09-20,DOH,CDG,UK,W,2,902.78
2025-09-20,DOH,CDG,QA,F,4,4537.67
2025-09-20,DOH,CDG,FR,J,3,1977.7
2025-09-20,DOH,CDG,FR,J,2,3067.93
2025-09-20,DOH,DXB,FR,J,8,2434.08
2025-09-20,DOH,DXB,UK,Y,3,779.89
2025-09-20,DOH,LHR,US,Y,5,652.14
2025-09-20,DOH,JFK,UK,J,4,2763.89
2025-09-20,DOH,JFK,AE,W,2,1107.96
2025-09-20,DOH,LHR,UK,J,3,3050.11
2025-09-20,DOH,CDG,FR,Y,3,850.5
2025-09-20,DOH,JFK,UK,Y,2,788.71
2025-09-20,DOH,CDG,US,F,1,3605.81
2025-09-20,DOH,CDG,AE,Y,1,864.97
2025-09-20,DOH,DXB,FR,J,4,1828.12
2025-09-20,DOH,CDG,FR,J,4,2230.7
2025-09-20,DOH,LHR,AE,J,2,2074.76
2025-09-20,DOH,LHR,US,J,4,2971.92
2025-09-20,DOH,LHR,QA,W,2,1105.68
2025-09-20,DOH,DXB,FR,F,3,5069.11
2025-09-20,DOH,JFK,UK,J,4,2643.69
2025-09-20,DOH,CDG,US,W,1,868.91
2025-09-20,DOH,JFK,UK,Y,2,516.73
2025-09-20,DOH,CDG,FR,J,1,3084.53
2025-09-20,DOH,LHR,US,F,5,3779.53
2025-09-20,DOH,CDG,QA,J,1,2076.49
2025-09-20,DOH,DXB,AE,F,1,5457.34
2025-09-20,DOH,JFK,FR,W,3,963.04
2025-09-20,DOH,LHR,QA,W,4,867.27
2025-09-20,DOH,CDG,UK,J,1,2160.02
2025-09-21,DOH,CDG,UK,Y,3,590.29
2025-09-21,DOH,LHR,FR,Y,5,549.43
2025-09-21,DOH,CDG,QA,J,2,2424.45
2025-09-21,DOH,CDG,UK,J,2,2229.8
2025-09-21,DOH,CDG,UK,W,1,1106.13
2025-09-21,DOH,LHR,FR,J,1,2622.52
2025-09-21,DOH,JFK,US,Y,1,711.31
2025-09-21,DOH,CDG,QA,W,2,1194.28
2025-09-21,DOH,DXB,QA,J,2,1818.25
2025-09-21,DOH,JFK,US,F,3,4276.82
2025-09-21,DOH,LHR,FR,F,1,3893.07
2025-09-21,DOH,JFK,UK,Y,2,734.87
2025-09-21,DOH,DXB,UK,W,6,959.65
2025-09-21,DOH,JFK,QA,J,2,2310.3
2025-09-21,DOH,DXB,US,Y,2,825.84
2025-09-21,DOH,CDG,AE,W,4,1039.86
2025-09-21,DOH,JFK,QA,W,5,880.83
2025-09-21,DOH,LHR,QA,Y,2,848.77
2025-09-21,DOH,JFK,UK,W,2,945.68
2025-09-21,DOH,LHR,QA,J,1,1881.61
2025-09-21,DOH,DXB,US,Y,4,517.25
2025-09-21,DOH,DXB,UK,W,4,1021.11
2025-09-21,DOH,CDG,AE,F,1,5316.12
2025-09-21,DOH,CDG,QA,F,4,4315.23
2025-09-21,DOH,DXB,UK,F,1,3970.3
2025-09-21,DOH,DXB,AE,W,4,948.69
2025-09-21,DOH,LHR,UK,Y,3,883.63
2025-09-21,DOH,CDG,UK,Y,1,763.63
2025-09-21,DOH,CDG,QA,Y,5,539.0
2025-09-21,DOH,LHR,AE,Y,6,757.88
2025-09-21,DOH,LHR,UK,Y,1,824.02
2025-09-21,DOH,LHR,US,W,1,888.88
2025-09-21,DOH,JFK,QA,Y,3,729.65
2025-09-21,DOH,CDG,FR,J,3,1999.58
2025-09-21,DOH,JFK,AE,F,3,3963.63
2025-09-21,DOH,DXB,UK,F,5,4822.18
2025-09-21,DOH,CDG,US,Y,5,866.66
2025-09-21,DOH,DXB,US,W,2,821.79
2025-09-21,DOH,CDG,AE,Y,4,886.0
2025-09-21,DOH,CDG,AE,F,10,3916.81
2025-09-21,DOH,JFK,FR,Y,1,785.3
2025-09-21,DOH,JFK,AE,W,3,954.86
2025-09-21,DOH,JFK,QA,F,3,3852.63
2025-09-21,DOH,JFK,FR,Y,3,605.71
2025-09-21,DOH,LHR,UK,F,2,3787.41
2025-09-21,DOH,DXB,UK,Y,1,692.91
2025-09-21,DOH,LHR,QA,W,4,846.26
2025-09-21,DOH,LHR,US,J,2,2552.76
2025-09-21,DOH,LHR,QA,F,1,4074.83
2025-09-21,DOH,JFK,UK,Y,3,650.0
2025-09-21,DOH,CDG,AE,F,3,5263.8
2025-09-21,DOH,DXB,US,J,2,3080.61
2025-09-21,DOH,CDG,FR,J,2,3061.91
2025-09-21,DOH,CDG,FR,F,3,4942.77
2025-09-21,DOH,DXB,FR,J,5,2623.69
2025-09-21,DOH,JFK,US,Y,3,699.69
2025-09-21,DOH,LHR,FR,Y,1,894.85
2025-09-21,DOH,JFK,UK,J,2,3184.65
2025-09-21,DOH,JFK,UK,F,1,4838.06
2025-09-21,DOH,LHR,QA,F,4,3881.72
2025-09-22,DOH,DXB,US,J,5,3078.63
2025-09-22,DOH,JFK,QA,W,1,885.53
2025-09-22,DOH,CDG,UK,J,2,2764.82
2025-09-22,DOH,JFK,US,J,2,3050.52
2025-09-22,DOH,CDG,QA,Y,5,810.6
2025-09-22,DOH,JFK,UK,Y,1,594.7
2025-09-22,DOH,DXB,AE,W,1,947.74
2025-09-22,DOH,JFK,AE,F,5,3640.2
2025-09-22,DOH,DXB,QA,Y,4,774.96
2025-09-22,DOH,CDG,FR,F,2,4700.55
2025-09-22,DOH,DXB,US,J,3,1809.33
2025-09-22,DOH,CDG,FR,W,3,846.91
2025-09-22,DOH,CDG,AE,W,2,1079.99
2025-09-22,DOH,DXB,AE,J,4,1811.05
2025-09-22,DOH,LHR,UK,W,2,1098.83
2025-09-22,DOH,CDG,AE,J,3,2508.52
2025-09-22,DOH,DXB,QA,W,4,1193.9
2025-09-22,DOH,JFK,US,J,3,1944.27
2025-09-22,DOH,CDG,UK,J,3,2090.57
2025-09-22,DOH,LHR,US,Y,2,733.39
2025-09-22,DOH,CDG,QA,W,3,992.91
2025-09-22,DOH,JFK,AE,J,5,2945.03
2025-09-22,DOH,CDG,FR,F,1,5178.2
2025-09-22,DOH,CDG,QA,W,1,862.57
2025-09-22,DOH,DXB,UK,Y,1,615.67
2025-09-22,DOH,CDG,FR,J,3,2939.27
2025-09-22,DOH,CDG,QA,W,2,1173.4
2025-09-22,DOH,CDG,US,F,1,3776.27
2025-09-22,DOH,DXB,UK,W,2,851.1
2025-09-22,DOH,DXB,AE,Y,5,754.62
2025-09-22,DOH,LHR,US,F,2,5462.83
2025-09-22,DOH,CDG,FR,W,5,1056.35
2025-09-22,DOH,JFK,UK,F,2,4134.09
2025-09-22,DOH,DXB,QA,Y,5,646.78
2025-09-22,DOH,DXB,UK,F,1,5451.0
2025-09-22,DOH,JFK,QA,J,6,2321.7
2025-09-22,DOH,JFK,AE,W,1,1014.45
2025-09-22,DOH,DXB,AE,W,2,1007.06
2025-09-22,DOH,DXB,US,W,1,1097.09
2025-09-22,DOH,JFK,FR,W,6,880.57
2025-09-22,DOH,CDG,QA,J,3,2907.07
2025-09-22,DOH,CDG,UK,W,3,823.32
2025-09-22,DOH,JFK,QA,J,2,3025.8
2025-09-22,DOH,DXB,US,F,5,4066.84
2025-09-22,DOH,CDG,AE,F,3,3579.8
2025-09-22,DOH,JFK,US,J,3,2439.27
2025-09-22,DOH,DXB,FR,W,4,1003.17
2025-09-22,DOH,DXB,AE,W,3,890.33
2025-09-22,DOH,CDG,FR,F,3,5022.25
2025-09-22,DOH,CDG,UK,F,5,4927.12
2025-09-22,DOH,DXB,AE,Y,1,601.06
2025-09-22,DOH,LHR,US,J,2,2477.53
2025-09-22,DOH,CDG,AE,J,3,2345.37
2025-09-22,DOH,DXB,AE,W,2,1167.73
2025-09-22,DOH,LHR,UK,Y,4,822.19
2025-09-22,DOH,DXB,UK,F,1,5376.74
2025-09-22,DOH,DXB,US,Y,7,700.29
2025-09-22,DOH,JFK,US,F,1,3712.54
2025-09-22,DOH,CDG,QA,W,4,854.0
2025-09-22,DOH,CDG,FR,W,2,1038.19
2025-09-23,DOH,LHR,US,Y,2,503.52
2025-09-23,DOH,LHR,QA,Y,2,720.47
2025-09-23,DOH,DXB,QA,W,4,1185.16
2025-09-23,DOH,DXB,QA,W,4,1042.87
2025-09-23,DOH,CDG,US,Y,3,571.28
2025-09-23,DOH,DXB,US,W,4,835.02
2025-09-23,DOH,JFK,US,J,2,2127.55
2025-09-23,DOH,JFK,AE,Y,5,774.01
2025-09-23,DOH,CDG,AE,Y,6,630.76
2025-09-23,DOH,LHR,UK,Y,3,517.27
2025-09-23,DOH,JFK,US,W,2,981.05
2025-09-23,DOH,JFK,AE,F,4,3500.92
2025-09-23,DOH,LHR,FR,W,2,880.81
2025-09-23,DOH,CDG,FR,W,3,914.16
2025-09-23,DOH,LHR,FR,W,2,847.11
2025-09-23,DOH,DXB,FR,Y,2,596.79
2025-09-23,DOH,LHR,UK,Y,4,501.97
2025-09-23,DOH,JFK,UK,W,1,1122.94
2025-09-23,DOH,CDG,FR,Y,4,875.51
2025-09-23,DOH,JFK,QA,Y,1,562.37
2025-09-23,DOH,LHR,UK,F,1,4904.62
2025-09-23,DOH,CDG,AE,F,5,5491.86
2025-09-23,DOH,JFK,AE,Y,1,831.63
2025-09-23,DOH,LHR,US,W,1,1051.61
2025-09-23,DOH,DXB,FR,J,5,2486.52
2025-09-23,DOH,DXB,UK,Y,2,664.66
2025-09-23,DOH,CDG,US,J,1,2839.5
2025-09-23,DOH,LHR,QA,J,3,2070.1
2025-09-23,DOH,JFK,AE,Y,1,765.38
2025-09-23,DOH,JFK,UK,F,4,4224.19
2025-09-23,DOH,LHR,UK,J,4,2696.39
2025-09-23,DOH,LHR,FR,J,2,2737.78
2025-09-23,DOH,LHR,AE,W,1,1071.23
2025-09-23,DOH,CDG,FR,F,5,4176.82
2025-09-23,DOH,DXB,FR,J,5,2849.43
2025-09-23,DOH,CDG,QA,F,5,4038.38
2025-09-23,DOH,LHR,FR,Y,6,737.46
2025-09-23,DOH,CDG,AE,J,2,2738.13
2025-09-23,DOH,LHR,UK,Y,2,688.81
2025-09-23,DOH,CDG,FR,Y,2,530.42
2025-09-23,DOH,JFK,US,J,4,2912.43
2025-09-23,DOH,DXB,US,J,1,2641.72
2025-09-23,DOH,JFK,FR,F,4,4544.51
2025-09-23,DOH,JFK,UK,J,2,3032.25
2025-09-23,DOH,LHR,QA,J,3,3190.31
2025-09-23,DOH,JFK,US,W,8,938.07
2025-09-23,DOH,DXB,QA,W,2,1127.55
2025-09-23,DOH,LHR,AE,W,5,802.49
2025-09-23,DOH,DXB,UK,W,2,850.0
2025-09-23,DOH,CDG,FR,Y,2,760.06
2025-09-23,DOH,JFK,FR,J,5,2713.02
2025-09-23,DOH,CDG,QA,W,2,883.34
2025-09-23,DOH,DXB,UK,Y,2,655.13
2025-09-23,DOH,JFK,QA,W,1,880.55
2025-09-23,DOH,JFK,US,W,2,1017.09
2025-09-23,DOH,LHR,QA,F,3,4550.94
2025-09-23,DOH,CDG,AE,Y,2,773.55
2025-09-23,DOH,CDG,UK,Y,2,732.04
2025-09-23,DOH,LHR,QA,Y,3,859.47
2025-09-23,DOH,CDG,US,J,3,2249.35
2025-09-24,DOH,LHR,UK,F,3,5201.43
2025-09-24,DOH,DXB,FR,F,3,4328.84
2025-09-24,DOH,JFK,QA,Y,2,719.41
2025-09-24,DOH,CDG,QA,J,2,1931.79
2025-09-24,DOH,JFK,US,J,3,3164.52
2025-09-24,DOH,JFK,AE,W,2,969.13
2025-09-24,DOH,CDG,US,J,3,3057.26
2025-09-24,DOH,CDG,UK,F,6,4533.65
2025-09-24,DOH,JFK,QA,Y,1,810.62
2025-09-24,DOH,JFK,UK,W,4,846.75
2025-09-24,DOH,DXB,QA,W,1,885.08
2025-09-24,DOH,CDG,UK,J,4,2358.82
2025-09-24,DOH,DXB,FR,Y,1,882.0
2025-09-24,DOH,JFK,AE,F,3,4105.27
2025-09-24,DOH,JFK,US,J,3,3082.47
2025-09-24,DOH,JFK,QA,F,1,4284.8
2025-09-24,DOH,LHR,QA,Y,1,598.95
2025-09-24,DOH,LHR,US,J,5,2116.26
2025-09-24,DOH,JFK,FR,F,6,5342.06
2025-09-24,DOH,JFK,AE,J,2,2640.1
2025-09-24,DOH,LHR,US,F,4,4002.23
2025-09-24,DOH,CDG,FR,F,3,4807.24
2025-09-24,DOH,CDG,US,W,4,801.36
2025-09-24,DOH,LHR,UK,W,3,938.48
2025-09-24,DOH,DXB,FR,Y,5,500.2
2025-09-24,DOH,LHR,US,Y,2,677.57
2025-09-24,DOH,DXB,US,F,4,4875.68
2025-09-24,DOH,CDG,QA,W,3,871.84
2025-09-24,DOH,DXB,FR,W,2,1130.81
2025-09-24,DOH,JFK,UK,Y,3,805.43
2025-09-24,DOH,DXB,US,J,2,2616.71
2025-09-24,DOH,LHR,QA,W,4,879.87
2025-09-24,DOH,LHR,QA,W,9,1045.71
2025-09-24,DOH,LHR,US,W,5,877.1
2025-09-24,DOH,DXB,AE,J,3,2892.55
2025-09-24,DOH,LHR,AE,J,3,3133.88
2025-09-24,DOH,JFK,AE,F,5,3929.12
2025-09-24,DOH,DXB,US,F,3,4877.82
2025-09-24,DOH,DXB,US,Y,5,828.98
2025-09-24,DOH,LHR,FR,F,1,5035.4
2025-09-24,DOH,DXB,QA,J,4,2570.54
2025-09-24,DOH,JFK,FR,F,2,5143.57
2025-09-24,DOH,DXB,FR,W,1,872.18
2025-09-24,DOH,DXB,QA,J,3,3002.56
2025-09-24,DOH,LHR,QA,W,5,909.94
2025-09-24,DOH,CDG,QA,W,1,848.86
2025-09-24,DOH,DXB,UK,J,3,2754.56
2025-09-24,DOH,CDG,UK,J,2,2633.04
2025-09-24,DOH,JFK,UK,F,5,3949.76
2025-09-24,DOH,CDG,QA,Y,2,781.64
2025-09-24,DOH,JFK,UK,Y,6,593.23
2025-09-24,DOH,JFK,AE,Y,4,829.09
2025-09-24,DOH,DXB,QA,W,6,861.81
2025-09-24,DOH,CDG,FR,Y,2,563.24
2025-09-24,DOH,JFK,FR,J,4,2970.46
2025-09-24,DOH,CDG,AE,W,3,1114.28
2025-09-24,DOH,LHR,FR,J,1,2810.25
2025-09-24,DOH,DXB,AE,J,3,1930.77
2025-09-24,DOH,DXB,UK,J,3,3049.99
2025-09-24,DOH,JFK,UK,W,5,913.73
2025-09-25,DOH,JFK,US,Y,1,836.2
2025-09-25,DOH,LHR,US,F,1,4198.28
2025-09-25,DOH,DXB,FR,Y,2,736.75
2025-09-25,DOH,DXB,AE,W,1,1189.74
2025-09-25,DOH,JFK,UK,J,1,2137.4
2025-09-25,DOH,LHR,FR,W,2,1112.89
2025-09-25,DOH,DXB,QA,J,4,2537.0
2025-09-25,DOH,LHR,UK,W,4,931.53
2025-09-25,DOH,CDG,AE,Y,5,884.05
2025-09-25,DOH,LHR,AE,W,2,801.72
2025-09-25,DOH,CDG,FR,F,2,4655.21
2025-09-25,DOH,DXB,US,W,5,1145.47
2025-09-25,DOH,LHR,US,J,2,2848.0
2025-09-25,DOH,DXB,QA,F,3,4548.55
2025-09-25,DOH,CDG,QA,J,2,1921.06
2025-09-25,DOH,LHR,QA,F,2,4556.75
2025-09-25,DOH,LHR,QA,Y,4,556.36
2025-09-25,DOH,JFK,UK,Y,4,694.76
2025-09-25,DOH,DXB,AE,Y,6,845.42
2025-09-25,DOH,LHR,AE,W,3,1073.85
2025-09-25,DOH,CDG,AE,Y,8,818.62
2025-09-25,DOH,CDG,UK,W,4,1080.14
2025-09-25,DOH,JFK,US,Y,4,679.05
2025-09-25,DOH,JFK,AE,F,4,4378.06
2025-09-25,DOH,JFK,QA,J,6,3168.95
2025-09-25,DOH,CDG,AE,W,3,1129.33
2025-09-25,DOH,DXB,FR,F,3,3728.39
2025-09-25,DOH,JFK,UK,W,6,871.77
2025-09-25,DOH,DXB,US,Y,4,659.31
2025-09-25,DOH,CDG,AE,Y,3,744.71
2025-09-25,DOH,LHR,UK,J,2,2963.15
2025-09-25,DOH,CDG,AE,F,3,4307.67
2025-09-25,DOH,CDG,UK,J,3,3166.94
2025-09-25,DOH,JFK,QA,F,5,4898.94
2025-09-25,DOH,JFK,FR,F,3,3636.33
2025-09-25,DOH,LHR,QA,Y,2,730.12
2025-09-25,DOH,CDG,QA,Y,1,887.56
2025-09-25,DOH,LHR,US,J,6,2623.38
2025-09-25,DOH,JFK,AE,W,6,1153.39
2025-09-25,DOH,CDG,US,W,4,1129.59
2025-09-25,DOH,LHR,AE,J,3,2985.15
2025-09-25,DOH,DXB,UK,J,3,2805.11
2025-09-25,DOH,DXB,QA,W,3,1179.0
2025-09-25,DOH,DXB,US,F,7,4667.91
2025-09-25,DOH,JFK,FR,W,1,1129.7
2025-09-25,DOH,JFK,FR,J,2,2916.21
2025-09-25,DOH,LHR,UK,W,3,1087.71
2025-09-25,DOH,LHR,US,J,2,2076.09
2025-09-25,DOH,JFK,FR,F,4,3719.61
2025-09-25,DOH,CDG,FR,W,3,840.15
2025-09-25,DOH,DXB,UK,Y,2,809.49
2025-09-25,DOH,LHR,QA,Y,1,668.87
2025-09-25,DOH,LHR,FR,W,3,1187.1
2025-09-25,DOH,JFK,QA,W,4,891.61
2025-09-25,DOH,JFK,AE,J,2,1969.54
2025-09-25,DOH,DXB,AE,W,2,1198.08
2025-09-25,DOH,LHR,FR,J,3,3082.51
2025-09-25,DOH,JFK,AE,Y,5,586.4
2025-09-25,DOH,JFK,FR,F,1,5166.56
2025-09-25,DOH,LHR,FR,W,2,1006.44
2025-09-26,DOH,JFK,QA,J,3,2343.45
2025-09-26,DOH,DXB,FR,F,5,5376.46
2025-09-26,DOH,CDG,QA,Y,1,819.49
2025-09-26,DOH,CDG,AE,J,2,1848.75
2025-09-26,DOH,JFK,FR,J,2,2443.92
2025-09-26,DOH,JFK,QA,F,5,5261.61
2025-09-26,DOH,LHR,UK,F,2,4253.23
2025-09-26,DOH,LHR,UK,Y,4,657.43
2025-09-26,DOH,JFK,FR,W,4,979.71
2025-09-26,DOH,DXB,UK,F,3,3934.73
2025-09-26,DOH,DXB,US,F,8,3917.6
2025-09-26,DOH,DXB,US,Y,2,879.68
2025-09-26,DOH,CDG,AE,Y,1,614.17
2025-09-26,DOH,JFK,US,W,4,1073.62
2025-09-26,DOH,JFK,US,Y,1,646.63
2025-09-26,DOH,CDG,AE,F,1,3514.99
2025-09-26,DOH,LHR,AE,J,4,2225.69
2025-09-26,DOH,CDG,QA,F,1,4615.21
2025-09-26,DOH,DXB,FR,F,2,4289.76
2025-09-26,DOH,DXB,UK,J,2,2859.52
2025-09-26,DOH,CDG,FR,Y,3,580.13
2025-09-26,DOH,CDG,UK,Y,3,851.33
2025-09-26,DOH,LHR,FR,Y,3,896.97
2025-09-26,DOH,JFK,AE,W,6,1005.36
2025-09-26,DOH,JFK,FR,F,4,5035.97
2025-09-26,DOH,CDG,QA,W,3,985.22
2025-09-26,DOH,JFK,AE,F,1,3820.72
2025-09-26,DOH,LHR,QA,Y,1,749.9
2025-09-26,DOH,CDG,US,F,3,3632.91
2025-09-26,DOH,CDG,UK,W,3,1030.01
2025-09-26,DOH,DXB,FR,J,3,2127.01
2025-09-26,DOH,CDG,AE,Y,4,808.79
2025-09-26,DOH,DXB,FR,W,2,1142.49
2025-09-26,DOH,CDG,UK,F,4,3765.69
2025-09-26,DOH,CDG,US,W,4,913.57
2025-09-26,DOH,LHR,US,J,4,3158.96
2025-09-26,DOH,JFK,UK,J,1,2346.44
2025-09-26,DOH,DXB,US,W,1,1108.46
2025-09-26,DOH,LHR,AE,W,1,902.66
2025-09-26,DOH,JFK,FR,F,6,4924.15
2025-09-26,DOH,LHR,FR,W,2,876.81
2025-09-26,DOH,DXB,UK,Y,4,725.6
2025-09-26,DOH,LHR,AE,Y,2,817.61
2025-09-26,DOH,JFK,FR,J,1,2905.37
2025-09-26,DOH,JFK,UK,Y,3,701.78
2025-09-26,DOH,DXB,AE,F,3,5274.08
2025-09-26,DOH,DXB,UK,W,4,983.76
2025-09-26,DOH,DXB,FR,J,5,2900.44
2025-09-26,DOH,CDG,AE,W,3,1104.1
2025-09-26,DOH,DXB,UK,J,3,2110.19
2025-09-26,DOH,DXB,FR,F,3,3808.06
2025-09-26,DOH,JFK,QA,W,2,812.98
2025-09-26,DOH,DXB,FR,Y,1,871.11
2025-09-26,DOH,LHR,UK,J,4,2126.22
2025-09-26,DOH,DXB,QA,J,1,2402.73
2025-09-26,DOH,DXB,US,J,5,2716.8
2025-09-26,DOH,DXB,QA,Y,3,534.7
2025-09-26,DOH,CDG,AE,W,2,1022.6
2025-09-26,DOH,DXB,US,F,3,4244.64
2025-09-26,DOH,JFK,FR,J,2,2636.36
2025-09-27,DOH,LHR,US,J,3,2999.24
2025-09-27,DOH,LHR,FR,W,6,938.89
2025-09-27,DOH,CDG,US,J,3,2704.43
2025-09-27,DOH,LHR,US,W,2,859.01
2025-09-27,DOH,DXB,US,J,3,2399.65
2025-09-27,DOH,DXB,UK,F,1,3670.1
2025-09-27,DOH,DXB,QA,W,7,1003.14
2025-09-27,DOH,DXB,FR,Y,1,794.5
2025-09-27,DOH,CDG,FR,Y,2,660.22
2025-09-27,DOH,CDG,UK,F,2,3896.6
2025-09-27,DOH,JFK,FR,Y,2,622.91
2025-09-27,DOH,CDG,AE,W,4,847.96
2025-09-27,DOH,DXB,QA,F,1,5496.47
2025-09-27,DOH,JFK,FR,F,2,4901.84
2025-09-27,DOH,LHR,UK,W,5,1114.36
2025-09-27,DOH,DXB,UK,F,2,5120.37
2025-09-27,DOH,DXB,US,J,3,1889.42
2025-09-27,DOH,LHR,FR,J,3,1958.99
2025-09-27,DOH,DXB,FR,Y,2,589.94
2025-09-27,DOH,DXB,US,Y,5,509.0
2025-09-27,DOH,JFK,QA,F,2,4654.65
2025-09-27,DOH,DXB,US,F,4,3572.28
2025-09-27,DOH,DXB,UK,Y,2,527.49
2025-09-27,DOH,CDG,FR,Y,6,692.8
2025-09-27,DOH,DXB,QA,J,2,2852.96
2025-09-27,DOH,JFK,QA,F,1,5204.88
2025-09-27,DOH,DXB,UK,J,4,2780.79
2025-09-27,DOH,LHR,AE,W,2,1169.22
2025-09-27,DOH,DXB,US,Y,4,669.68
2025-09-27,DOH,JFK,FR,Y,2,590.26
2025-09-27,DOH,DXB,UK,Y,3,768.97
2025-09-27,DOH,JFK,AE,J,2,3188.71
2025-09-27,DOH,JFK,US,F,10,3814.87
2025-09-27,DOH,LHR,QA,W,4,1080.0
2025-09-27,DOH,JFK,UK,F,3,4535.78
2025-09-27,DOH,DXB,US,J,1,3063.68
2025-09-27,DOH,JFK,AE,J,4,2216.88
2025-09-27,DOH,JFK,US,W,1,1170.85
2025-09-27,DOH,JFK,US,J,4,3048.68
2025-09-27,DOH,JFK,US,W,4,1032.1
2025-09-27,DOH,JFK,US,J,1,2090.17
2025-09-27,DOH,JFK,AE,J,3,2852.02
2025-09-27,DOH,JFK,US,Y,2,615.86
2025-09-27,DOH,JFK,UK,J,5,2302.65
2025-09-27,DOH,CDG,UK,F,1,3685.25
2025-09-27,DOH,DXB,UK,Y,1,767.31
2025-09-27,DOH,CDG,AE,W,2,1093.88
2025-09-27,DOH,CDG,US,W,5,806.85
2025-09-27,DOH,CDG,US,Y,1,868.78
2025-09-27,DOH,DXB,FR,Y,1,728.73
2025-09-27,DOH,JFK,US,Y,3,581.29
2025-09-27,DOH,JFK,AE,Y,3,629.84
2025-09-27,DOH,DXB,QA,J,3,3143.17
2025-09-27,DOH,LHR,FR,Y,2,529.06
2025-09-27,DOH,DXB,US,Y,3,550.18
2025-09-27,DOH,DXB,QA,J,4,3060.27
2025-09-27,DOH,JFK,UK,F,5,5007.97
2025-09-27,DOH,DXB,US,Y,2,855.07
2025-09-27,DOH,JFK,AE,Y,6,523.9
2025-09-27,DOH,JFK,FR,W,2,1185.77
2025-09-28,DOH,CDG,UK,F,1,5004.77
2025-09-28,DOH,DXB,QA,F,7,4847.61
2025-09-28,DOH,DXB,UK,Y,5,617.01
2025-09-28,DOH,CDG,US,F,5,5054.14
2025-09-28,DOH,LHR,QA,J,2,2771.95
2025-09-28,DOH,LHR,AE,F,2,5192.97
2025-09-28,DOH,CDG,QA,F,2,3854.25
2025-09-28,DOH,CDG,UK,Y,2,550.62
2025-09-28,DOH,LHR,UK,J,5,2018.71
2025-09-28,DOH,LHR,US,J,1,2887.99
2025-09-28,DOH,DXB,UK,Y,6,868.52
2025-09-28,DOH,JFK,UK,W,2,990.39
2025-09-28,DOH,CDG,US,J,2,1838.49
2025-09-28,DOH,LHR,UK,W,3,1158.36
2025-09-28,DOH,JFK,UK,J,5,2765.18
2025-09-28,DOH,DXB,AE,Y,2,864.62
2025-09-28,DOH,CDG,QA,Y,3,716.78
2025-09-28,DOH,LHR,US,J,7,2282.1
2025-09-28,DOH,JFK,US,F,2,4145.96
2025-09-28,DOH,DXB,FR,J,1,3127.08
2025-09-28,DOH,JFK,AE,Y,5,868.38
2025-09-28,DOH,CDG,QA,F,1,3806.78
2025-09-28,DOH,DXB,QA,J,2,2427.96
2025-09-28,DOH,DXB,FR,J,1,2002.21
2025-09-28,DOH,LHR,UK,F,3,4390.78
2025-09-28,DOH,CDG,AE,Y,4,689.97
2025-09-28,DOH,DXB,UK,J,2,2425.95
2025-09-28,DOH,CDG,UK,W,2,873.12
2025-09-28,DOH,LHR,US,W,1,829.45
2025-09-28,DOH,JFK,UK,W,5,1131.52
2025-09-28,DOH,JFK,US,F,4,5374.54
2025-09-28,DOH,DXB,AE,Y,2,846.51
2025-09-28,DOH,LHR,US,W,2,1104.01
2025-09-28,DOH,JFK,AE,W,2,1039.76
2025-09-28,DOH,LHR,QA,W,4,972.08
2025-09-28,DOH,DXB,QA,Y,1,534.55
2025-09-28,DOH,CDG,UK,Y,9,663.92
2025-09-28,DOH,LHR,US,Y,2,667.92
2025-09-28,DOH,JFK,AE,J,3,2115.19
2025-09-28,DOH,DXB,US,J,2,2786.56
2025-09-28,DOH,JFK,US,J,2,2513.74
2025-09-28,DOH,DXB,UK,W,3,1181.16
2025-09-28,DOH,CDG,UK,F,2,5390.9
2025-09-28,DOH,CDG,FR,Y,3,550.48
2025-09-28,DOH,DXB,UK,W,5,1025.56
2025-09-28,DOH,CDG,AE,W,1,909.1
2025-09-28,DOH,JFK,US,Y,2,837.46
2025-09-28,DOH,LHR,AE,W,3,1107.39
2025-09-28,DOH,JFK,AE,J,6,1844.44
2025-09-28,DOH,JFK,UK,J,2,2427.29
2025-09-28,DOH,LHR,UK,W,2,1036.98
2025-09-28,DOH,DXB,AE,W,3,883.48
2025-09-28,DOH,LHR,AE,Y,1,813.63
2025-09-28,DOH,CDG,QA,Y,2,718.68
2025-09-28,DOH,JFK,US,F,1,4266.22
2025-09-28,DOH,CDG,AE,J,2,1836.74
2025-09-28,DOH,JFK,US,F,1,4873.78
2025-09-28,DOH,JFK,UK,J,2,2604.26
2025-09-28,DOH,DXB,FR,W,4,1108.23
2025-09-28,DOH,LHR,US,W,5,890.22
2025-09-29,DOH,LHR,US,F,3,3678.19
2025-09-29,DOH,JFK,FR,Y,4,643.45
2025-09-29,DOH,JFK,AE,J,4,1992.9
2025-09-29,DOH,JFK,AE,F,4,5417.87
2025-09-29,DOH,LHR,FR,F,4,5316.09
2025-09-29,DOH,LHR,US,W,4,1014.96
2025-09-29,DOH,LHR,UK,W,5,1068.06
2025-09-29,DOH,JFK,UK,J,3,1813.44
2025-09-29,DOH,DXB,QA,F,1,4650.63
2025-09-29,DOH,CDG,US,W,3,952.74
2025-09-29,DOH,JFK,UK,W,4,1157.47
2025-09-29,DOH,JFK,US,W,2,829.53
2025-09-29,DOH,LHR,QA,Y,3,613.59
2025-09-29,DOH,CDG,AE,Y,2,823.4
2025-09-29,DOH,CDG,US,J,4,2286.84
2025-09-29,DOH,LHR,US,Y,3,794.8
2025-09-29,DOH,CDG,US,Y,3,593.41
2025-09-29,DOH,JFK,UK,J,2,1929.78
2025-09-29,DOH,CDG,AE,F,2,5220.65
2025-09-29,DOH,LHR,US,F,2,5441.78
2025-09-29,DOH,JFK,FR,Y,3,560.37
2025-09-29,DOH,CDG,US,W,8,1096.04
2025-09-29,DOH,CDG,AE,J,6,3052.47
2025-09-29,DOH,LHR,US,J,3,2876.71
2025-09-29,DOH,DXB,UK,F,1,3549.98
2025-09-29,DOH,CDG,QA,F,2,5476.49
2025-09-29,DOH,JFK,US,F,8,4106.49
2025-09-29,DOH,DXB,US,J,3,2261.32
2025-09-29,DOH,JFK,AE,J,1,2968.38
2025-09-29,DOH,CDG,AE,Y,7,582.63
2025-09-29,DOH,CDG,QA,J,1,2724.74
2025-09-29,DOH,CDG,FR,F,3,4083.93
2025-09-29,DOH,JFK,UK,J,1,2634.97
2025-09-29,DOH,CDG,QA,F,2,4003.47
2025-09-29,DOH,DXB,US,J,3,2160.78
2025-09-29,DOH,DXB,FR,F,5,4363.04
2025-09-29,DOH,DXB,UK,W,1,1019.47
2025-09-29,DOH,DXB,AE,W,8,1076.11
2025-09-29,DOH,DXB,AE,Y,1,731.71
2025-09-29,DOH,DXB,FR,F,3,3789.47
2025-09-29,DOH,DXB,AE,W,3,890.48
2025-09-29,DOH,JFK,AE,J,3,2294.66
2025-09-29,DOH,DXB,FR,Y,6,623.8
2025-09-29,DOH,JFK,UK,J,3,2432.22
2025-09-29,DOH,CDG,UK,J,1,3093.78
2025-09-29,DOH,CDG,QA,W,2,1067.12
2025-09-29,DOH,LHR,US,Y,6,764.22
2025-09-29,DOH,DXB,UK,J,5,1808.49
2025-09-29,DOH,JFK,UK,F,4,4908.5
2025-09-29,DOH,LHR,AE,J,4,2318.76
2025-09-29,DOH,DXB,US,Y,4,658.24
2025-09-29,DOH,JFK,UK,J,3,2723.67
2025-09-29,DOH,CDG,AE,Y,1,822.61
2025-09-29,DOH,DXB,AE,Y,4,531.0
2025-09-29,DOH,DXB,QA,Y,1,837.02
2025-09-29,DOH,CDG,UK,Y,5,843.39
2025-09-29,DOH,DXB,US,J,1,2169.46
2025-09-29,DOH,CDG,UK,J,3,2254.22
2025-09-29,DOH,JFK,QA,W,4,908.36
2025-09-29,DOH,DXB,US,J,2,3055.7
2025-09-30,DOH,JFK,US,Y,3,811.03
2025-09-30,DOH,CDG,UK,Y,5,642.95
2025-09-30,DOH,LHR,UK,J,2,2269.95
2025-09-30,DOH,JFK,QA,Y,6,721.47
2025-09-30,DOH,CDG,QA,Y,2,563.9
2025-09-30,DOH,CDG,FR,Y,1,771.38
2025-09-30,DOH,DXB,AE,F,2,4409.77
2025-09-30,DOH,JFK,FR,J,3,3197.15
2025-09-30,DOH,DXB,FR,Y,3,691.82
2025-09-30,DOH,CDG,AE,J,1,2135.68
2025-09-30,DOH,DXB,UK,J,1,2819.12
2025-09-30,DOH,DXB,US,W,2,1060.85
2025-09-30,DOH,JFK,AE,F,2,3752.18
2025-09-30,DOH,DXB,AE,J,2,2271.62
2025-09-30,DOH,JFK,QA,W,1,1182.02
2025-09-30,DOH,DXB,AE,Y,3,756.85
2025-09-30,DOH,DXB,FR,W,4,1078.35
2025-09-30,DOH,DXB,UK,W,3,1172.37
2025-09-30,DOH,CDG,FR,J,6,2795.57
2025-09-30,DOH,LHR,US,J,3,2733.34
2025-09-30,DOH,DXB,US,Y,4,839.48
2025-09-30,DOH,JFK,FR,Y,3,766.28
2025-09-30,DOH,JFK,FR,W,4,875.73
2025-09-30,DOH,LHR,US,F,2,4421.6
2025-09-30,DOH,CDG,FR,Y,3,675.11
2025-09-30,DOH,CDG,FR,Y,2,802.34
2025-09-30,DOH,LHR,UK,J,1,2731.73
2025-09-30,DOH,JFK,AE,F,6,3799.01
2025-09-30,DOH,LHR,QA,W,4,827.06
2025-09-30,DOH,JFK,QA,F,3,3592.94
2025-09-30,DOH,DXB,UK,Y,2,891.53
2025-09-30,DOH,JFK,FR,Y,3,601.89
2025-09-30,DOH,CDG,QA,Y,3,505.75
2025-09-30,DOH,CDG,US,Y,2,630.19
2025-09-30,DOH,DXB,FR,W,1,1172.66
2025-09-30,DOH,LHR,FR,W,3,1021.46
2025-09-30,DOH,JFK,US,J,3,2356.73
2025-09-30,DOH,DXB,UK,J,2,2474.98
2025-09-30,DOH,DXB,US,J,3,2856.07
2025-09-30,DOH,LHR,QA,F,2,3632.66
2025-09-30,DOH,LHR,AE,J,4,2924.86
2025-09-30,DOH,DXB,UK,W,1,1016.16
2025-09-30,DOH,CDG,US,J,5,2227.25
2025-09-30,DOH,DXB,QA,Y,6,780.26
2025-09-30,DOH,JFK,FR,F,5,4545.67
2025-09-30,DOH,DXB,AE,J,4,2234.35
2025-09-30,DOH,JFK,UK,J,2,2653.75
2025-09-30,DOH,CDG,US,W,4,1158.03
2025-09-30,DOH,LHR,FR,Y,2,728.62
2025-09-30,DOH,CDG,FR,W,1,887.27
2025-09-30,DOH,JFK,US,J,6,3003.76
2025-09-30,DOH,CDG,AE,Y,1,833.5
2025-09-30,DOH,DXB,AE,W,4,840.45
2025-09-30,DOH,LHR,AE,J,3,2645.91
2025-09-30,DOH,CDG,AE,W,4,1178.51
2025-09-30,DOH,JFK,UK,F,2,3767.41
2025-09-30,DOH,DXB,US,F,5,4487.27
2025-09-30,DOH,CDG,AE,W,1,1054.34
2025-09-30,DOH,CDG,FR,W,4,1032.37
2025-09-30,DOH,CDG,AE,W,2,1020.7
2025-10-01,DOH,LHR,US,Y,4,712.2
2025-10-01,DOH,CDG,AE,Y,5,627.78
2025-10-01,DOH,DXB,FR,W,1,962.75
2025-10-01,DOH,DXB,AE,Y,4,826.9
2025-10-01,DOH,JFK,QA,Y,2,628.54
2025-10-01,DOH,DXB,US,W,6,1188.21
2025-10-01,DOH,CDG,AE,Y,1,530.26
2025-10-01,DOH,CDG,FR,Y,6,881.74
2025-10-01,DOH,CDG,US,Y,4,819.64
2025-10-01,DOH,LHR,QA,J,2,1942.92
2025-10-01,DOH,DXB,QA,Y,3,688.0
2025-10-01,DOH,DXB,QA,F,1,5275.0
2025-10-01,DOH,LHR,AE,F,4,4577.71
2025-10-01,DOH,LHR,QA,W,4,944.14
2025-10-01,DOH,DXB,AE,Y,3,784.54
2025-10-01,DOH,LHR,QA,F,3,3516.48
2025-10-01,DOH,CDG,QA,W,1,917.99
2025-10-01,DOH,JFK,UK,J,1,2550.88
2025-10-01,DOH,LHR,QA,W,2,1191.9
2025-10-01,DOH,DXB,FR,Y,1,570.28
2025-10-01,DOH,CDG,QA,W,8,1196.34
2025-10-01,DOH,LHR,US,Y,3,745.41
2025-10-01,DOH,JFK,QA,Y,1,573.9
2025-10-01,DOH,JFK,US,J,3,2235.32
2025-10-01,DOH,CDG,AE,W,4,802.73
2025-10-01,DOH,CDG,FR,Y,1,540.61
2025-10-01,DOH,CDG,QA,Y,4,786.88
2025-10-01,DOH,LHR,AE,W,5,1080.58
2025-10-01,DOH,LHR,AE,W,2,835.38
2025-10-01,DOH,CDG,AE,J,9,2954.59
2025-10-01,DOH,CDG,FR,Y,4,514.17
2025-10-01,DOH,CDG,FR,W,1,803.47
2025-10-01,DOH,LHR,AE,Y,1,884.85
2025-10-01,DOH,DXB,UK,J,3,2469.73
2025-10-01,DOH,DXB,AE,F,2,5002.08
2025-10-01,DOH,JFK,QA,W,3,949.41
2025-10-01,DOH,DXB,FR,F,1,4523.11
2025-10-01,DOH,DXB,US,Y,2,736.89
2025-10-01,DOH,LHR,UK,F,1,4660.08
2025-10-01,DOH,JFK,QA,F,3,3607.19
2025-10-01,DOH,LHR,QA,W,4,868.03
2025-10-01,DOH,LHR,FR,J,4,2176.79
2025-10-01,DOH,DXB,QA,J,7,2661.38
2025-10-01,DOH,CDG,FR,W,1,997.42
2025-10-01,DOH,DXB,QA,Y,3,530.75
2025-10-01,DOH,JFK,QA,W,5,864.68
2025-10-01,DOH,DXB,AE,Y,2,614.15
2025-10-01,DOH,DXB,FR,J,2,2729.43
2025-10-01,DOH,JFK,UK,F,1,3710.23
2025-10-01,DOH,CDG,AE,J,1,2864.07
2025-10-01,DOH,JFK,AE,J,7,1885.81
2025-10-01,DOH,JFK,FR,Y,1,787.33
2025-10-01,DOH,LHR,AE,W,3,936.51
2025-10-01,DOH,JFK,QA,F,2,4327.02
2025-10-01,DOH,DXB,UK,Y,6,736.3
2025-10-01,DOH,LHR,US,J,2,3190.02
2025-10-01,DOH,DXB,UK,Y,2,832.27
2025-10-01,DOH,JFK,US,W,4,1035.33
2025-10-01,DOH,JFK,AE,Y,6,786.81
2025-10-01,DOH,JFK,QA,Y,5,585.6
2025-10-02,DOH,DXB,QA,W,5,920.13
2025-10-02,DOH,CDG,US,Y,4,676.78
2025-10-02,DOH,CDG,QA,J,3,1981.32
2025-10-02,DOH,LHR,FR,W,5,857.86
2025-10-02,DOH,LHR,FR,Y,2,766.44
2025-10-02,DOH,LHR,UK,J,3,1817.21
2025-10-02,DOH,LHR,AE,W,2,1114.39
2025-10-02,DOH,CDG,US,Y,1,728.17
2025-10-02,DOH,DXB,FR,F,4,4452.81
2025-10-02,DOH,CDG,AE,J,3,2659.55
2025-10-02,DOH,LHR,US,J,2,2352.82
2025-10-02,DOH,JFK,UK,W,1,1084.81
2025-10-02,DOH,CDG,AE,F,3,3876.36
2025-10-02,DOH,CDG,QA,J,2,3072.73
2025-10-02,DOH,LHR,FR,W,5,866.41
2025-10-02,DOH,DXB,US,J,1,2848.93
2025-10-02,DOH,JFK,UK,J,2,2594.3
2025-10-02,DOH,CDG,US,J,4,2945.48
2025-10-02,DOH,CDG,US,Y,1,676.65
2025-10-02,DOH,LHR,QA,Y,2,661.51
2025-10-02,DOH,DXB,AE,Y,3,865.32
2025-10-02,DOH,LHR,FR,J,3,2957.43
2025-10-02,DOH,LHR,UK,J,4,1861.56
2025-10-02,DOH,DXB,UK,W,2,1127.79
2025-10-02,DOH,JFK,QA,J,1,1887.08
2025-10-02,DOH,JFK,US,Y,3,759.82
2025-10-02,DOH,CDG,UK,F,4,4692.35
2025-10-02,DOH,DXB,AE,F,3,3806.45
2025-10-02,DOH,DXB,US,J,3,2904.48
2025-10-02,DOH,LHR,QA,J,2,2489.4
2025-10-02,DOH,DXB,QA,W,3,855.46
2025-10-02,DOH,CDG,US,Y,4,874.64
2025-10-02,DOH,DXB,FR,F,6,4049.97
2025-10-02,DOH,CDG,US,J,2,2222.65
2025-10-02,DOH,JFK,UK,F,4,5359.29
2025-10-02,DOH,DXB,AE,F,4,3651.02
2025-10-02,DOH,JFK,QA,F,1,5482.17
2025-10-02,DOH,LHR,UK,Y,3,732.73
2025-10-02,DOH,JFK,US,Y,4,868.69
2025-10-02,DOH,DXB,UK,W,1,898.08
2025-10-02,DOH,JFK,FR,F,3,4886.77
2025-10-02,DOH,LHR,AE,Y,1,856.37
2025-10-02,DOH,JFK,US,W,8,802.19
2025-10-02,DOH,CDG,US,J,6,2994.18
2025-10-02,DOH,LHR,FR,W,3,875.07
2025-10-02,DOH,CDG,QA,W,1,1088.14
2025-10-02,DOH,LHR,UK,Y,2,600.45
2025-10-02,DOH,DXB,FR,W,1,1140.87
2025-10-02,DOH,JFK,US,J,1,2527.35
2025-10-02,DOH,LHR,QA,W,7,952.78
2025-10-02,DOH,LHR,UK,J,1,2204.74
2025-10-02,DOH,DXB,FR,J,2,2238.39
2025-10-02,DOH,DXB,FR,J,2,1950.99
2025-10-02,DOH,CDG,QA,F,3,3734.53
2025-10-02,DOH,JFK,FR,W,2,868.51
2025-10-02,DOH,LHR,AE,J,3,1821.6
2025-10-02,DOH,CDG,QA,J,5,2129.81
2025-10-02,DOH,LHR,AE,Y,2,662.02
2025-10-02,DOH,JFK,AE,J,1,2171.42
2025-10-02,DOH,DXB,US,F,4,5488.7
2025-10-03,DOH,JFK,UK,J,2,3099.53
2025-10-03,DOH,JFK,FR,W,1,1007.06
2025-10-03,DOH,JFK,US,J,2,1969.41
2025-10-03,DOH,JFK,UK,W,3,962.3
2025-10-03,DOH,JFK,US,W,6,912.02
2025-10-03,DOH,DXB,QA,W,3,1032.8
2025-10-03,DOH,CDG,QA,F,2,4071.9
2025-10-03,DOH,DXB,AE,W,2,1026.74
2025-10-03,DOH,JFK,US,W,3,1168.63
2025-10-03,DOH,CDG,QA,F,1,4584.69
2025-10-03,DOH,LHR,UK,Y,1,640.94
2025-10-03,DOH,JFK,UK,J,1,3092.12
2025-10-03,DOH,JFK,US,W,7,966.72
2025-10-03,DOH,JFK,QA,J,3,3039.04
2025-10-03,DOH,DXB,QA,W,6,800.14
2025-10-03,DOH,JFK,QA,F,3,3549.85
2025-10-03,DOH,JFK,AE,F,2,4207.98
2025-10-03,DOH,CDG,UK,F,4,4920.44
2025-10-03,DOH,JFK,QA,J,3,3190.57
2025-10-03,DOH,JFK,AE,W,2,1065.84
2025-10-03,DOH,JFK,FR,F,4,4893.07
2025-10-03,DOH,JFK,AE,F,3,4570.17
2025-10-03,DOH,DXB,QA,J,1,2381.33
2025-10-03,DOH,JFK,QA,W,2,882.38
2025-10-03,DOH,LHR,UK,W,2,946.28
2025-10-03,DOH,CDG,QA,J,3,1964.03
2025-10-03,DOH,CDG,US,J,2,3172.28
2025-10-03,DOH,JFK,QA,J,5,2803.82
2025-10-03,DOH,JFK,US,F,2,3662.8
2025-10-03,DOH,LHR,QA,Y,2,793.88
2025-10-03,DOH,DXB,FR,J,2,2405.85
2025-10-03,DOH,JFK,AE,J,4,2995.81
2025-10-03,DOH,LHR,AE,J,5,2288.54
2025-10-03,DOH,CDG,QA,F,2,4502.68
2025-10-03,DOH,JFK,QA,J,1,2055.52
2025-10-03,DOH,JFK,UK,J,2,2882.29
2025-10-03,DOH,DXB,AE,Y,3,621.81
2025-10-03,DOH,CDG,UK,W,1,891.74
2025-10-03,DOH,JFK,UK,J,2,3185.53
2025-10-03,DOH,LHR,UK,Y,1,712.51
2025-10-03,DOH,CDG,FR,F,8,5374.62
2025-10-03,DOH,LHR,AE,F,8,4366.26
2025-10-03,DOH,DXB,UK,W,2,885.67
2025-10-03,DOH,DXB,UK,Y,3,761.38
2025-10-03,DOH,DXB,UK,F,2,5050.69
2025-10-03,DOH,DXB,UK,W,1,841.8
2025-10-03,DOH,LHR,AE,Y,1,832.82
2025-10-03,DOH,LHR,US,Y,1,713.53
2025-10-03,DOH,DXB,US,W,5,1183.85
2025-10-03,DOH,LHR,UK,W,7,927.38
2025-10-03,DOH,DXB,QA,J,1,2123.51
2025-10-03,DOH,CDG,FR,F,1,4047.33
2025-10-03,DOH,LHR,US,Y,2,620.78
2025-10-03,DOH,DXB,QA,W,2,1017.53
2025-10-03,DOH,LHR,UK,Y,8,736.7
2025-10-03,DOH,CDG,AE,J,3,2737.09
2025-10-03,DOH,LHR,UK,F,5,3851.28
2025-10-03,DOH,LHR,UK,J,4,2535.23
2025-10-03,DOH,LHR,FR,W,4,969.3
2025-10-03,DOH,CDG,QA,J,3,2433.96
2025-10-04,DOH,JFK,UK,F,4,3506.9
2025-10-04,DOH,CDG,FR,W,5,1078.06
2025-10-04,DOH,CDG,US,F,3,3923.87
2025-10-04,DOH,CDG,US,F,2,4725.9
2025-10-04,DOH,JFK,FR,F,4,5214.22
2025-10-04,DOH,DXB,US,W,2,872.69
2025-10-04,DOH,JFK,UK,W,5,1005.21
2025-10-04,DOH,LHR,FR,Y,4,586.99
2025-10-04,DOH,LHR,QA,W,5,947.25
2025-10-04,DOH,DXB,QA,Y,2,699.55
2025-10-04,DOH,CDG,FR,J,4,1930.95
2025-10-04,DOH,CDG,FR,Y,4,832.81
2025-10-04,DOH,DXB,QA,F,2,4964.97
2025-10-04,DOH,DXB,AE,W,6,856.1
2025-10-04,DOH,CDG,AE,Y,3,581.85
2025-10-04,DOH,CDG,US,W,1,899.52
2025-10-04,DOH,DXB,QA,F,4,4914.02
2025-10-04,DOH,JFK,QA,J,5,2399.87
2025-10-04,DOH,CDG,FR,J,10,2538.48
2025-10-04,DOH,LHR,QA,F,3,4847.68
2025-10-04,DOH,JFK,FR,J,6,3112.08
2025-10-04,DOH,DXB,US,J,4,2164.17
2025-10-04,DOH,DXB,FR,Y,3,873.86
2025-10-04,DOH,DXB,FR,W,4,1080.13
2025-10-04,DOH,DXB,AE,F,3,3949.98
2025-10-04,DOH,CDG,QA,Y,2,672.79
2025-10-04,DOH,CDG,US,F,8,3598.04
2025-10-04,DOH,LHR,FR,F,2,3532.57
2025-10-04,DOH,DXB,US,W,5,1173.13
2025-10-04,DOH,JFK,US,W,3,807.61
2025-10-04,DOH,CDG,UK,J,4,1887.79
2025-10-04,DOH,LHR,US,W,4,979.8
2025-10-04,DOH,CDG,FR,F,3,4625.0
2025-10-04,DOH,JFK,US,W,4,1178.94
2025-10-04,DOH,DXB,QA,W,3,875.55
2025-10-04,DOH,DXB,US,Y,6,532.56
2025-10-04,DOH,JFK,US,J,1,2059.53
2025-10-04,DOH,CDG,AE,J,1,3144.01
2025-10-04,DOH,DXB,AE,Y,1,520.91
2025-10-04,DOH,LHR,FR,J,3,2188.37
2025-10-04,DOH,CDG,QA,F,5,5425.49
2025-10-04,DOH,DXB,UK,Y,2,841.87
2025-10-04,DOH,CDG,QA,F,2,4427.23
2025-10-04,DOH,JFK,UK,Y,3,506.04
2025-10-04,DOH,LHR,FR,W,3,876.67
2025-10-04,DOH,JFK,AE,W,4,800.72
2025-10-04,DOH,LHR,UK,Y,5,751.35
2025-10-04,DOH,LHR,US,W,3,967.63
2025-10-04,DOH,JFK,UK,W,3,845.41
2025-10-04,DOH,LHR,AE,W,2,1094.33
2025-10-04,DOH,CDG,FR,W,2,809.2
2025-10-04,DOH,JFK,AE,Y,2,503.17
2025-10-04,DOH,DXB,FR,J,4,2896.84
2025-10-04,DOH,LHR,AE,J,2,1990.43
2025-10-04,DOH,CDG,QA,Y,4,772.96
2025-10-04,DOH,JFK,AE,J,2,2950.24
2025-10-04,DOH,CDG,UK,W,4,1014.11
2025-10-04,DOH,LHR,UK,F,5,5116.97
2025-10-04,DOH,JFK,UK,F,5,5436.83
2025-10-04,DOH,DXB,US,W,5,1190.58
2025-10-05,DOH,LHR,UK,F,2,4348.9
2025-10-05,DOH,CDG,US,W,8,995.66
2025-10-05,DOH,LHR,AE,Y,2,898.43
2025-10-05,DOH,DXB,QA,F,6,4594.76
2025-10-05,DOH,LHR,US,Y,4,572.87
2025-10-05,DOH,CDG,QA,J,4,1980.5
2025-10-05,DOH,CDG,US,J,1,2132.06
2025-10-05,DOH,JFK,AE,J,1,2838.1
2025-10-05,DOH,LHR,US,W,3,1112.35
2025-10-05,DOH,LHR,FR,J,1,1992.71
2025-10-05,DOH,CDG,US,W,4,985.95
2025-10-05,DOH,JFK,UK,F,3,4302.24
2025-10-05,DOH,JFK,US,F,6,5286.0
2025-10-05,DOH,LHR,QA,F,4,4078.05
2025-10-05,DOH,JFK,AE,F,3,3774.8
2025-10-05,DOH,CDG,QA,Y,5,766.25
2025-10-05,DOH,DXB,AE,J,4,3152.96
2025-10-05,DOH,JFK,QA,J,2,1930.8
2025-10-05,DOH,JFK,US,W,3,1161.24
2025-10-05,DOH,DXB,FR,Y,8,895.28
2025-10-05,DOH,JFK,FR,F,2,4560.57
2025-10-05,DOH,LHR,UK,J,4,2562.09
2025-10-05,DOH,LHR,AE,F,5,4609.34
2025-10-05,DOH,CDG,QA,Y,4,856.63
2025-10-05,DOH,JFK,AE,W,4,868.42
2025-10-05,DOH,DXB,UK,F,4,4862.52
2025-10-05,DOH,LHR,AE,Y,3,585.86
2025-10-05,DOH,CDG,AE,F,1,4529.69
2025-10-05,DOH,JFK,QA,Y,5,690.2
2025-10-05,DOH,DXB,FR,W,2,841.68
2025-10-05,DOH,LHR,QA,J,2,2535.6
2025-10-05,DOH,DXB,FR,W,5,1146.69
2025-10-05,DOH,CDG,AE,W,2,988.41
2025-10-05,DOH,LHR,QA,Y,6,789.33
2025-10-05,DOH,CDG,FR,F,2,4726.02
2025-10-05,DOH,LHR,QA,J,5,2408.0
2025-10-05,DOH,CDG,US,J,1,3004.75
2025-10-05,DOH,JFK,US,J,2,2219.32
2025-10-05,DOH,JFK,US,J,2,3147.36
2025-10-05,DOH,JFK,FR,W,7,1081.77
2025-10-05,DOH,CDG,QA,Y,1,568.84
2025-10-05,DOH,LHR,UK,W,3,802.31
2025-10-05,DOH,LHR,US,W,1,866.0
2025-10-05,DOH,LHR,FR,J,2,1989.98
2025-10-05,DOH,JFK,FR,F,4,3767.22
2025-10-05,DOH,DXB,AE,W,5,952.67
2025-10-05,DOH,JFK,QA,Y,4,715.87
2025-10-05,DOH,CDG,QA,F,2,3863.65
2025-10-05,DOH,JFK,UK,J,3,2468.84
2025-10-05,DOH,LHR,UK,Y,2,528.09
2025-10-05,DOH,JFK,AE,Y,5,558.86
2025-10-05,DOH,DXB,AE,W,3,1013.62
2025-10-05,DOH,LHR,AE,Y,3,585.04
2025-10-05,DOH,DXB,AE,F,4,5000.32
2025-10-05,DOH,LHR,UK,J,6,2361.33
2025-10-05,DOH,DXB,UK,J,2,3175.12
2025-10-05,DOH,CDG,AE,Y,3,800.57
2025-10-05,DOH,CDG,US,W,3,991.99
2025-10-05,DOH,JFK,US,J,4,2426.39
2025-10-05,DOH,DXB,FR,Y,4,618.97
2025-10-06,DOH,LHR,FR,Y,6,898.89
2025-10-06,DOH,LHR,UK,W,6,1036.55
2025-10-06,DOH,LHR,UK,J,4,3031.5
2025-10-06,DOH,CDG,FR,J,3,2800.32
2025-10-06,DOH,DXB,QA,F,2,5075.6
2025-10-06,DOH,JFK,QA,F,2,5444.1
2025-10-06,DOH,DXB,FR,F,6,5388.42
2025-10-06,DOH,CDG,QA,J,1,2589.44
2025-10-06,DOH,JFK,US,F,1,5102.74
2025-10-06,DOH,LHR,AE,W,3,1057.19
2025-10-06,DOH,JFK,AE,F,4,3646.03
2025-10-06,DOH,LHR,FR,Y,4,743.79
2025-10-06,DOH,CDG,AE,Y,2,566.49
2025-10-06,DOH,LHR,AE,F,5,5454.18
2025-10-06,DOH,LHR,UK,J,4,2652.68
2025-10-06,DOH,DXB,QA,F,4,3956.36
2025-10-06,DOH,CDG,UK,Y,4,709.2
2025-10-06,DOH,JFK,FR,F,2,4647.57
2025-10-06,DOH,LHR,FR,F,2,4965.38
2025-10-06,DOH,JFK,QA,W,5,844.61
2025-10-06,DOH,DXB,US,W,1,979.25
2025-10-06,DOH,LHR,US,W,1,886.96
2025-10-06,DOH,DXB,UK,F,1,4504.96
2025-10-06,DOH,LHR,QA,Y,5,777.7
2025-10-06,DOH,LHR,UK,Y,7,885.41
2025-10-06,DOH,DXB,FR,J,5,1927.65
2025-10-06,DOH,CDG,QA,W,3,1142.13
2025-10-06,DOH,JFK,US,J,2,2485.16
2025-10-06,DOH,JFK,UK,Y,2,781.48
2025-10-06,DOH,CDG,US,J,4,3008.13
2025-10-06,DOH,CDG,UK,J,1,1883.22
2025-10-06,DOH,DXB,QA,W,1,823.29
2025-10-06,DOH,DXB,AE,W,4,1182.49
2025-10-06,DOH,LHR,AE,W,3,1166.89
2025-10-06,DOH,LHR,US,Y,3,880.91
2025-10-06,DOH,CDG,US,F,1,4544.56
2025-10-06,DOH,LHR,AE,J,4,1937.95
2025-10-06,DOH,CDG,US,F,2,5281.38
2025-10-06,DOH,DXB,FR,W,2,995.99
2025-10-06,DOH,JFK,AE,Y,3,891.05
2025-10-06,DOH,LHR,FR,W,1,897.41
2025-10-06,DOH,JFK,AE,J,2,2260.08
2025-10-06,DOH,CDG,UK,J,6,1887.29
2025-10-06,DOH,LHR,QA,Y,4,659.08
2025-10-06,DOH,LHR,QA,J,1,3068.29
2025-10-06,DOH,JFK,FR,F,2,3548.96
2025-10-06,DOH,DXB,AE,W,3,1156.58
2025-10-06,DOH,CDG,AE,J,3,2853.82
2025-10-06,DOH,CDG,UK,J,2,2908.7
2025-10-06,DOH,LHR,UK,W,5,836.72
2025-10-06,DOH,LHR,UK,W,1,1085.34
2025-10-06,DOH,LHR,QA,J,6,2372.09
2025-10-06,DOH,CDG,FR,F,1,4213.03
2025-10-06,DOH,CDG,FR,J,1,2095.61
2025-10-06,DOH,JFK,QA,W,5,833.85
2025-10-06,DOH,JFK,US,W,4,1184.32
2025-10-06,DOH,JFK,QA,J,1,3198.31
2025-10-06,DOH,LHR,FR,W,6,1097.07
2025-10-06,DOH,DXB,FR,F,4,4457.71
2025-10-06,DOH,DXB,FR,J,4,2774.98
2025-10-07,DOH,CDG,AE,W,1,931.85
2025-10-07,DOH,CDG,AE,W,5,1140.56
2025-10-07,DOH,LHR,US,J,1,2444.92
2025-10-07,DOH,CDG,QA,Y,2,538.76
2025-10-07,DOH,LHR,AE,J,1,2676.0
2025-10-07,DOH,DXB,FR,W,2,842.29
2025-10-07,DOH,DXB,FR,F,2,3858.18
2025-10-07,DOH,LHR,QA,J,2,2567.03
2025-10-07,DOH,JFK,UK,F,2,3902.7
2025-10-07,DOH,DXB,UK,W,4,962.06
2025-10-07,DOH,CDG,UK,Y,2,730.69
2025-10-07,DOH,JFK,US,F,3,3621.47
2025-10-07,DOH,LHR,UK,W,3,1142.87
2025-10-07,DOH,JFK,QA,J,5,2361.89
2025-10-07,DOH,JFK,AE,F,8,3865.24
2025-10-07,DOH,DXB,UK,W,4,1122.59
2025-10-07,DOH,CDG,UK,Y,6,780.62
2025-10-07,DOH,JFK,US,Y,3,645.83
2025-10-07,DOH,LHR,QA,Y,3,588.61
2025-10-07,DOH,DXB,UK,W,2,1003.39
2025-10-07,DOH,JFK,US,W,6,978.46
2025-10-07,DOH,DXB,QA,J,3,2273.7
2025-10-07,DOH,JFK,AE,F,2,3866.04
2025-10-07,DOH,LHR,AE,Y,3,783.93
2025-10-07,DOH,DXB,AE,J,4,1956.69
2025-10-07,DOH,CDG,AE,F,2,3640.9
2025-10-07,DOH,JFK,QA,W,4,891.27
2025-10-07,DOH,JFK,UK,J,5,2392.98
2025-10-07,DOH,DXB,QA,Y,1,782.89
2025-10-07,DOH,DXB,FR,J,3,1888.42
2025-10-07,DOH,DXB,AE,Y,3,694.36
2025-10-07,DOH,LHR,UK,Y,4,571.89
2025-10-07,DOH,LHR,FR,Y,3,587.96
2025-10-07,DOH,CDG,US,Y,3,665.85
2025-10-07,DOH,CDG,AE,W,4,843.87
2025-10-07,DOH,JFK,FR,Y,2,521.89
2025-10-07,DOH,JFK,FR,F,4,3708.54
2025-10-07,DOH,JFK,AE,J,4,3121.46
2025-10-07,DOH,LHR,AE,J,1,1915.02
2025-10-07,DOH,JFK,FR,W,1,1119.35
2025-10-07,DOH,DXB,QA,W,3,843.89
2025-10-07,DOH,CDG,AE,Y,4,638.94
2025-10-07,DOH,CDG,QA,J,2,3000.16
2025-10-07,DOH,CDG,UK,W,4,1034.24
2025-10-07,DOH,CDG,QA,F,3,4451.6
2025-10-07,DOH,CDG,UK,Y,4,555.5
2025-10-07,DOH,JFK,US,Y,3,762.71
2025-10-07,DOH,DXB,UK,Y,3,662.41
2025-10-07,DOH,CDG,FR,W,4,1147.92
2025-10-07,DOH,CDG,FR,W,2,1157.64
2025-10-07,DOH,CDG,US,J,2,2159.23
2025-10-07,DOH,DXB,QA,Y,3,661.96
2025-10-07,DOH,CDG,UK,J,3,2029.77
2025-10-07,DOH,LHR,QA,F,1,3616.35
2025-10-07,DOH,LHR,UK,Y,1,673.59
2025-10-07,DOH,DXB,QA,W,1,812.9
2025-10-07,DOH,LHR,US,F,2,5121.56
2025-10-07,DOH,LHR,QA,W,2,1146.0
2025-10-07,DOH,LHR,US,F,3,4379.75
2025-10-07,DOH,JFK,QA,F,1,3510.26
2025-10-08,DOH,JFK,US,J,3,2055.9
2025-10-08,DOH,CDG,QA,Y,1,652.77
2025-10-08,DOH,LHR,QA,J,2,2124.48
2025-10-08,DOH,JFK,US,W,6,892.4
2025-10-08,DOH,JFK,US,J,3,2833.68
2025-10-08,DOH,DXB,FR,J,2,3038.74
2025-10-08,DOH,LHR,US,Y,3,634.83
2025-10-08,DOH,JFK,AE,F,6,4726.44
2025-10-08,DOH,CDG,UK,W,3,1014.17
2025-10-08,DOH,CDG,US,F,2,3839.43
2025-10-08,DOH,DXB,UK,J,3,1934.91
2025-10-08,DOH,DXB,FR,W,3,1081.28
2025-10-08,DOH,DXB,FR,J,1,2513.6
2025-10-08,DOH,JFK,UK,F,6,4516.18
2025-10-08,DOH,CDG,AE,J,2,2612.84
2025-10-08,DOH,JFK,QA,J,1,1948.05
2025-10-08,DOH,CDG,FR,F,1,5173.28
2025-10-08,DOH,JFK,UK,Y,6,891.44
2025-10-08,DOH,CDG,FR,J,2,2195.65
2025-10-08,DOH,LHR,QA,W,3,894.22
2025-10-08,DOH,JFK,UK,Y,3,531.66
2025-10-08,DOH,JFK,US,F,3,4580.36
2025-10-08,DOH,CDG,FR,W,4,861.01
2025-10-08,DOH,LHR,AE,J,1,2197.98
2025-10-08,DOH,JFK,QA,J,4,3026.22
2025-10-08,DOH,LHR,UK,W,6,1104.46
2025-10-08,DOH,CDG,US,W,4,910.29
2025-10-08,DOH,DXB,AE,F,1,4332.55
2025-10-08,DOH,CDG,US,W,3,840.26
2025-10-08,DOH,LHR,US,Y,2,764.93
2025-10-08,DOH,CDG,UK,F,3,3621.63
2025-10-08,DOH,LHR,UK,W,4,1181.91
2025-10-08,DOH,CDG,AE,W,1,853.88
2025-10-08,DOH,LHR,FR,W,5,1087.28
2025-10-08,DOH,CDG,AE,J,3,2131.2
2025-10-08,DOH,DXB,AE,F,1,5135.67
2025-10-08,DOH,CDG,US,F,4,3907.22
2025-10-08,DOH,LHR,FR,F,1,4446.29
2025-10-08,DOH,LHR,US,W,2,1162.56
2025-10-08,DOH,JFK,US,J,5,3089.23
2025-10-08,DOH,LHR,FR,W,2,1187.55
2025-10-08,DOH,DXB,FR,F,4,4671.54
2025-10-08,DOH,LHR,UK,W,3,868.81
2025-10-08,DOH,LHR,UK,J,3,2905.4
2025-10-08,DOH,LHR,UK,J,4,2529.01
2025-10-08,DOH,JFK,FR,Y,3,682.9
2025-10-08,DOH,DXB,QA,Y,3,854.25
2025-10-08,DOH,LHR,AE,F,2,3817.06
2025-10-08,DOH,DXB,FR,J,5,2161.88
2025-10-08,DOH,LHR,US,J,1,2524.31
2025-10-08,DOH,JFK,US,Y,9,742.3
2025-10-08,DOH,LHR,AE,W,5,974.02
2025-10-08,DOH,CDG,US,F,1,4761.46
2025-10-08,DOH,CDG,FR,W,5,1035.54
2025-10-08,DOH,DXB,AE,W,3,899.19
2025-10-08,DOH,JFK,US,J,6,2933.56
2025-10-08,DOH,CDG,QA,F,1,3552.86
2025-10-08,DOH,CDG,UK,W,2,891.86
2025-10-08,DOH,JFK,UK,W,2,977.34
2025-10-08,DOH,LHR,QA,Y,2,512.92
2025-10-09,DOH,DXB,US,F,4,4065.81
2025-10-09,DOH,CDG,US,J,2,2268.05
2025-10-09,DOH,JFK,QA,F,4,3931.13
2025-10-09,DOH,CDG,FR,Y,1,793.75
2025-10-09,DOH,LHR,AE,Y,5,590.46
2025-10-09,DOH,JFK,UK,Y,3,688.69
2025-10-09,DOH,LHR,UK,Y,5,764.98
2025-10-09,DOH,LHR,UK,F,3,4010.58
2025-10-09,DOH,DXB,AE,Y,2,628.97
2025-10-09,DOH,JFK,UK,F,4,5094.65
2025-10-09,DOH,JFK,QA,Y,2,795.16
2025-10-09,DOH,DXB,FR,F,4,3536.23
2025-10-09,DOH,LHR,UK,J,5,1900.59
2025-10-09,DOH,LHR,FR,Y,3,670.36
2025-10-09,DOH,DXB,FR,J,5,2502.57
2025-10-09,DOH,DXB,UK,W,3,853.82
2025-10-09,DOH,JFK,FR,F,3,4386.07
2025-10-09,DOH,JFK,UK,J,4,3071.73
2025-10-09,DOH,JFK,UK,W,2,829.94
2025-10-09,DOH,DXB,FR,J,4,2080.57
2025-10-09,DOH,DXB,AE,F,2,3523.98
2025-10-09,DOH,LHR,UK,W,1,1095.25
2025-10-09,DOH,JFK,UK,F,4,3846.76
2025-10-09,DOH,CDG,QA,Y,4,824.53
2025-10-09,DOH,DXB,UK,W,4,905.0
2025-10-09,DOH,CDG,AE,J,4,2316.01
2025-10-09,DOH,CDG,FR,F,2,4261.38
2025-10-09,DOH,CDG,FR,Y,1,722.74
2025-10-09,DOH,LHR,AE,Y,2,779.16
2025-10-09,DOH,CDG,US,W,1,1014.51
2025-10-09,DOH,DXB,AE,W,4,998.68
2025-10-09,DOH,CDG,QA,W,1,1049.61
2025-10-09,DOH,JFK,FR,Y,3,615.65
2025-10-09,DOH,CDG,FR,W,2,1038.76
2025-10-09,DOH,CDG,QA,Y,4,584.48
2025-10-09,DOH,JFK,AE,Y,4,807.89
2025-10-09,DOH,CDG,AE,J,3,1975.39
2025-10-09,DOH,CDG,UK,Y,1,738.55
2025-10-09,DOH,CDG,AE,Y,2,637.11
2025-10-09,DOH,CDG,UK,Y,1,656.34
2025-10-09,DOH,DXB,AE,F,4,4975.23
2025-10-09,DOH,LHR,QA,F,6,3651.25
2025-10-09,DOH,LHR,FR,F,5,4046.91
2025-10-09,DOH,DXB,AE,J,1,1987.51
2025-10-09,DOH,CDG,AE,J,1,2030.08
2025-10-09,DOH,LHR,US,J,4,2915.77
2025-10-09,DOH,LHR,QA,Y,2,843.85
2025-10-09,DOH,DXB,AE,W,1,830.65
2025-10-09,DOH,CDG,US,F,3,4450.48
2025-10-09,DOH,LHR,QA,F,4,3921.5
2025-10-09,DOH,DXB,AE,W,4,881.67
2025-10-09,DOH,LHR,AE,F,4,3585.71
2025-10-09,DOH,LHR,FR,F,2,4754.29
2025-10-09,DOH,CDG,US,Y,1,867.28
2025-10-09,DOH,LHR,QA,Y,1,711.06
2025-10-09,DOH,JFK,FR,Y,4,874.14
2025-10-09,DOH,DXB,FR,J,2,2654.31
2025-10-09,DOH,JFK,AE,W,3,1072.66
2025-10-09,DOH,LHR,UK,Y,3,590.44
2025-10-09,DOH,LHR,AE,W,1,998.72
2025-10-10,DOH,DXB,FR,Y,3,601.71
2025-10-10,DOH,JFK,AE,W,4,1158.36
2025-10-10,DOH,DXB,QA,Y,2,535.73
2025-10-10,DOH,DXB,FR,Y,2,712.75
2025-10-10,DOH,CDG,FR,F,1,5245.31
2025-10-10,DOH,JFK,FR,W,5,887.12
2025-10-10,DOH,CDG,FR,Y,3,828.67
2025-10-10,DOH,JFK,QA,Y,4,626.6
2025-10-10,DOH,LHR,QA,W,1,1196.62
2025-10-10,DOH,LHR,US,W,3,852.43
2025-10-10,DOH,DXB,UK,W,7,866.85
2025-10-10,DOH,CDG,US,J,2,2466.8
2025-10-10,DOH,JFK,QA,F,4,5139.54
2025-10-10,DOH,JFK,QA,F,6,4249.74
2025-10-10,DOH,CDG,UK,F,2,4253.58
2025-10-10,DOH,DXB,FR,Y,2,741.66
2025-10-10,DOH,CDG,US,Y,4,596.34
2025-10-10,DOH,DXB,FR,W,4,871.35
2025-10-10,DOH,DXB,FR,F,3,4761.92
2025-10-10,DOH,LHR,AE,W,2,1137.09
2025-10-10,DOH,LHR,US,Y,6,548.21
2025-10-10,DOH,DXB,US,W,4,1052.18
2025-10-10,DOH,DXB,AE,F,3,4912.05
2025-10-10,DOH,CDG,FR,J,2,1987.28
2025-10-10,DOH,LHR,AE,Y,1,809.99
2025-10-10,DOH,JFK,UK,F,3,5203.18
2025-10-10,DOH,JFK,US,W,3,1012.89
2025-10-10,DOH,CDG,FR,W,5,1149.98
2025-10-10,DOH,LHR,QA,W,5,992.73
2025-10-10,DOH,DXB,AE,J,2,2422.47
2025-10-10,DOH,DXB,UK,J,4,1949.94
2025-10-10,DOH,JFK,US,F,2,5416.31
2025-10-10,DOH,DXB,UK,W,4,1177.33
2025-10-10,DOH,LHR,UK,Y,2,740.32
2025-10-10,DOH,CDG,QA,F,4,4320.68
2025-10-10,DOH,CDG,QA,W,4,829.17
2025-10-10,DOH,JFK,AE,J,4,2852.73
2025-10-10,DOH,DXB,FR,J,3,2576.43
2025-10-10,DOH,JFK,UK,W,2,1161.55
2025-10-10,DOH,JFK,UK,Y,3,552.39
2025-10-10,DOH,CDG,AE,W,4,953.7
2025-10-10,DOH,LHR,AE,J,3,2059.36
2025-10-10,DOH,CDG,US,Y,1,740.9
2025-10-10,DOH,JFK,AE,W,3,1041.53
2025-10-10,DOH,CDG,FR,Y,1,674.99
2025-10-10,DOH,DXB,QA,Y,3,895.42
2025-10-10,DOH,DXB,AE,W,3,1155.14
2025-10-10,DOH,JFK,US,J,6,2303.8
2025-10-10,DOH,JFK,AE,Y,4,568.91
2025-10-10,DOH,JFK,FR,F,6,5424.26
2025-10-10,DOH,JFK,AE,F,1,4873.87
2025-10-10,DOH,CDG,FR,J,4,2992.34
2025-10-10,DOH,CDG,UK,J,3,2323.92
2025-10-10,DOH,LHR,FR,Y,2,564.1
2025-10-10,DOH,LHR,QA,Y,2,650.01
2025-10-10,DOH,LHR,QA,F,6,5242.31
2025-10-10,DOH,JFK,US,J,2,1950.54
2025-10-10,DOH,LHR,UK,W,1,1085.23
2025-10-10,DOH,JFK,UK,J,3,2065.25
2025-10-10,DOH,LHR,AE,F,6,4585.53
2025-10-11,DOH,JFK,US,Y,4,684.65
2025-10-11,DOH,LHR,FR,Y,1,691.73
2025-10-11,DOH,LHR,UK,W,4,1141.8
2025-10-11,DOH,JFK,US,W,5,1035.45
2025-10-11,DOH,DXB,UK,F,5,4162.61
2025-10-11,DOH,DXB,QA,Y,9,548.43
2025-10-11,DOH,LHR,US,F,1,4639.04
2025-10-11,DOH,JFK,QA,F,3,4618.02
2025-10-11,DOH,DXB,UK,Y,4,627.28
2025-10-11,DOH,CDG,UK,F,4,4451.44
2025-10-11,DOH,JFK,UK,Y,3,560.88
2025-10-11,DOH,DXB,QA,W,3,1013.7
2025-10-11,DOH,JFK,US,W,2,1063.45
2025-10-11,DOH,LHR,UK,F,5,3807.53
2025-10-11,DOH,LHR,UK,W,3,1073.1
2025-10-11,DOH,DXB,UK,J,8,2782.72
2025-10-11,DOH,JFK,UK,W,7,1099.12
2025-10-11,DOH,DXB,AE,W,1,826.53
2025-10-11,DOH,DXB,US,W,3,1038.92
2025-10-11,DOH,CDG,US,F,2,4105.99
2025-10-11,DOH,DXB,QA,W,3,1068.48
2025-10-11,DOH,JFK,FR,Y,6,763.07
2025-10-11,DOH,DXB,AE,J,4,2986.32
2025-10-11,DOH,JFK,US,W,1,812.49
2025-10-11,DOH,DXB,FR,Y,4,892.23
2025-10-11,DOH,CDG,AE,F,1,5436.16
2025-10-11,DOH,LHR,AE,W,2,1116.2
2025-10-11,DOH,LHR,UK,W,2,1060.1
2025-10-11,DOH,JFK,UK,J,5,2423.07
2025-10-11,DOH,DXB,UK,F,2,4460.45
2025-10-11,DOH,LHR,QA,W,5,1069.19
2025-10-11,DOH,CDG,FR,W,3,1192.62
2025-10-11,DOH,DXB,QA,J,3,1962.57
2025-10-11,DOH,CDG,AE,W,3,1053.68
2025-10-11,DOH,CDG,FR,J,5,3111.3
2025-10-11,DOH,DXB,FR,J,3,2500.26
2025-10-11,DOH,CDG,FR,F,3,3912.91
2025-10-11,DOH,JFK,FR,F,4,4734.81
2025-10-11,DOH,DXB,UK,J,2,2785.89
2025-10-11,DOH,LHR,UK,W,1,962.74
2025-10-11,DOH,LHR,US,W,3,886.29
2025-10-11,DOH,CDG,AE,Y,2,750.02
2025-10-11,DOH,CDG,AE,J,2,2778.61
2025-10-11,DOH,LHR,AE,J,5,2086.69
2025-10-11,DOH,DXB,AE,F,1,5007.8
2025-10-11,DOH,DXB,UK,Y,2,503.52
2025-10-11,DOH,JFK,AE,W,1,918.22
2025-10-11,DOH,JFK,QA,F,4,3930.34
2025-10-11,DOH,CDG,QA,Y,1,807.63
2025-10-11,DOH,DXB,QA,F,3,3947.34
2025-10-11,DOH,DXB,US,W,3,862.47
2025-10-11,DOH,LHR,AE,W,3,916.47
2025-10-11,DOH,JFK,AE,W,8,1158.7
2025-10-11,DOH,DXB,QA,W,1,805.12
2025-10-11,DOH,JFK,FR,J,5,2623.96
2025-10-11,DOH,JFK,QA,Y,4,600.75
2025-10-11,DOH,JFK,QA,J,2,2104.1
2025-10-11,DOH,DXB,QA,J,2,2502.07
2025-10-11,DOH,JFK,AE,F,4,3873.78
2025-10-11,DOH,CDG,FR,J,7,2164.78
2025-10-12,DOH,DXB,UK,F,4,4159.19
2025-10-12,DOH,DXB,US,W,2,1024.74
2025-10-12,DOH,CDG,UK,W,5,1148.6
2025-10-12,DOH,LHR,US,J,8,3181.99
2025-10-12,DOH,LHR,AE,F,1,4018.32
2025-10-12,DOH,CDG,US,F,3,4257.86
2025-10-12,DOH,DXB,UK,J,1,2617.31
2025-10-12,DOH,DXB,UK,Y,4,876.07
2025-10-12,DOH,DXB,US,J,1,2859.05
2025-10-12,DOH,CDG,AE,Y,2,802.6
2025-10-12,DOH,JFK,QA,Y,4,750.4
2025-10-12,DOH,JFK,AE,J,2,2685.05
2025-10-12,DOH,CDG,AE,W,3,832.37
2025-10-12,DOH,JFK,QA,W,8,1025.92
2025-10-12,DOH,JFK,UK,F,4,3996.82
2025-10-12,DOH,LHR,FR,J,3,2484.23
2025-10-12,DOH,JFK,FR,W,3,1129.98
2025-10-12,DOH,CDG,UK,W,5,983.47
2025-10-12,DOH,CDG,UK,F,7,3961.51
2025-10-12,DOH,JFK,FR,J,1,2573.23
2025-10-12,DOH,JFK,FR,F,1,5000.18
2025-10-12,DOH,DXB,FR,W,6,1129.58
2025-10-12,DOH,DXB,FR,Y,5,731.44
2025-10-12,DOH,CDG,US,F,5,4253.68
2025-10-12,DOH,CDG,AE,J,2,2471.73
2025-10-12,DOH,DXB,FR,F,3,4193.48
2025-10-12,DOH,DXB,AE,W,1,823.32
2025-10-12,DOH,LHR,UK,F,3,5386.38
2025-10-12,DOH,JFK,FR,W,4,1146.88
2025-10-12,DOH,LHR,US,J,6,2638.47
2025-10-12,DOH,CDG,UK,W,3,1180.41
2025-10-12,DOH,JFK,UK,W,2,916.21
2025-10-12,DOH,LHR,AE,F,1,4172.22
2025-10-12,DOH,JFK,FR,Y,3,557.52
2025-10-12,DOH,JFK,FR,F,2,3987.07
2025-10-12,DOH,DXB,US,J,3,2127.89
2025-10-12,DOH,CDG,FR,W,3,1081.72
2025-10-12,DOH,LHR,QA,Y,3,810.79
2025-10-12,DOH,JFK,US,J,1,2370.97
2025-10-12,DOH,LHR,US,Y,1,611.14
2025-10-12,DOH,LHR,AE,J,2,3107.21
2025-10-12,DOH,DXB,AE,F,2,4115.34
2025-10-12,DOH,JFK,UK,Y,4,813.01
2025-10-12,DOH,CDG,US,Y,3,679.76
2025-10-12,DOH,JFK,QA,W,3,842.65
2025-10-12,DOH,JFK,AE,J,4,2478.89
2025-10-12,DOH,DXB,AE,Y,4,673.21
2025-10-12,DOH,LHR,US,W,5,1112.56
2025-10-12,DOH,DXB,US,W,2,997.47
2025-10-12,DOH,DXB,AE,F,1,4542.46
2025-10-12,DOH,CDG,UK,F,4,5095.2
2025-10-12,DOH,CDG,US,F,5,3574.19
2025-10-12,DOH,CDG,UK,W,2,1153.6
2025-10-12,DOH,CDG,QA,W,2,945.0
2025-10-12,DOH,JFK,FR,Y,2,710.78
2025-10-12,DOH,JFK,QA,F,1,3728.56
2025-10-12,DOH,JFK,FR,W,3,1011.93
2025-10-12,DOH,LHR,UK,F,3,4799.03
2025-10-12,DOH,CDG,US,Y,3,882.74
2025-10-12,DOH,DXB,FR,Y,4,572.5
2025-10-13,DOH,JFK,QA,F,1,3615.76
2025-10-13,DOH,LHR,FR,Y,5,840.87
2025-10-13,DOH,JFK,US,J,3,2639.11
2025-10-13,DOH,DXB,US,W,4,800.73
2025-10-13,DOH,DXB,AE,F,2,4542.87
2025-10-13,DOH,JFK,AE,W,4,856.5
2025-10-13,DOH,DXB,FR,F,1,3580.08
2025-10-13,DOH,CDG,QA,J,4,2481.32
2025-10-13,DOH,CDG,US,J,3,3142.54
2025-10-13,DOH,CDG,FR,Y,4,799.15
2025-10-13,DOH,LHR,AE,W,1,1005.63
2025-10-13,DOH,DXB,AE,F,2,5395.37
2025-10-13,DOH,CDG,AE,Y,6,672.47
2025-10-13,DOH,DXB,US,W,3,1153.84
2025-10-13,DOH,CDG,FR,F,3,5054.97
2025-10-13,DOH,JFK,US,J,5,2829.75
2025-10-13,DOH,DXB,UK,W,6,1107.37
2025-10-13,DOH,JFK,FR,F,3,3543.06
2025-10-13,DOH,DXB,AE,F,2,5229.59
2025-10-13,DOH,DXB,QA,W,1,879.0
2025-10-13,DOH,LHR,US,J,5,1928.9
2025-10-13,DOH,CDG,FR,F,6,5024.95
2025-10-13,DOH,JFK,US,Y,1,651.55
2025-10-13,DOH,DXB,QA,F,3,4742.97
2025-10-13,DOH,DXB,FR,J,5,2359.45
2025-10-13,DOH,JFK,AE,W,1,1192.02
2025-10-13,DOH,DXB,US,J,4,2685.78
2025-10-13,DOH,DXB,US,W,1,886.65
2025-10-13,DOH,JFK,US,Y,4,530.06
2025-10-13,DOH,JFK,QA,F,5,3751.23
2025-10-13,DOH,DXB,QA,W,2,824.79
2025-10-13,DOH,LHR,FR,Y,1,575.72
2025-10-13,DOH,JFK,UK,F,4,4291.06
2025-10-13,DOH,DXB,QA,F,4,4495.09
2025-10-13,DOH,LHR,AE,F,1,5322.76
2025-10-13,DOH,JFK,QA,Y,6,594.19
2025-10-13,DOH,DXB,US,F,1,3568.6
2025-10-13,DOH,DXB,AE,Y,2,631.79
2025-10-13,DOH,JFK,QA,J,3,2506.97
2025-10-13,DOH,JFK,US,Y,1,663.05
2025-10-13,DOH,LHR,AE,Y,4,899.47
2025-10-13,DOH,CDG,UK,F,3,3695.76
2025-10-13,DOH,LHR,AE,Y,3,507.17
2025-10-13,DOH,DXB,QA,Y,2,824.78
2025-10-13,DOH,LHR,US,Y,4,576.49
2025-10-13,DOH,LHR,FR,F,3,4121.64
2025-10-13,DOH,DXB,QA,F,3,4930.93
2025-10-13,DOH,DXB,QA,Y,2,822.28
2025-10-13,DOH,LHR,UK,J,4,1816.44
2025-10-13,DOH,CDG,US,Y,5,578.25
2025-10-13,DOH,JFK,QA,W,5,886.13
2025-10-13,DOH,LHR,QA,W,2,881.23
2025-10-13,DOH,DXB,UK,Y,2,673.82
2025-10-13,DOH,JFK,UK,J,2,2181.6
2025-10-13,DOH,LHR,FR,W,2,1055.0
2025-10-13,DOH,LHR,AE,W,1,983.15
2025-10-13,DOH,LHR,US,J,5,3099.95
2025-10-13,DOH,JFK,UK,F,2,5088.26
2025-10-13,DOH,JFK,FR,J,1,2735.78
2025-10-13,DOH,LHR,FR,W,1,1190.44
2025-10-14,DOH,DXB,AE,F,7,5406.79
2025-10-14,DOH,CDG,US,J,3,2067.68
2025-10-14,DOH,JFK,UK,W,2,909.13
2025-10-14,DOH,LHR,UK,J,1,2901.63
2025-10-14,DOH,DXB,QA,F,2,4954.99
2025-10-14,DOH,JFK,QA,J,2,2725.9
2025-10-14,DOH,CDG,US,F,1,3989.19
2025-10-14,DOH,LHR,AE,W,5,1139.36
2025-10-14,DOH,DXB,UK,J,2,2994.78
2025-10-14,DOH,JFK,UK,F,5,3610.34
2025-10-14,DOH,JFK,AE,W,5,852.94
2025-10-14,DOH,LHR,UK,J,1,2340.5
2025-10-14,DOH,DXB,QA,F,1,4925.65
2025-10-14,DOH,CDG,FR,Y,2,514.31
2025-10-14,DOH,LHR,QA,J,1,1936.12
2025-10-14,DOH,LHR,US,Y,3,585.98
2025-10-14,DOH,JFK,AE,J,2,2984.81
2025-10-14,DOH,LHR,UK,W,2,1118.42
2025-10-14,DOH,DXB,FR,Y,5,775.65
2025-10-14,DOH,CDG,AE,W,5,1156.43
2025-10-14,DOH,CDG,US,Y,5,673.54
2025-10-14,DOH,CDG,FR,F,3,4141.28
2025-10-14,DOH,CDG,UK,J,4,2883.94
2025-10-14,DOH,DXB,US,Y,2,591.58
2025-10-14,DOH,LHR,QA,W,1,1133.1
2025-10-14,DOH,JFK,US,J,2,2759.87
2025-10-14,DOH,JFK,QA,W,6,1045.3
2025-10-14,DOH,JFK,FR,F,8,3739.64
2025-10-14,DOH,LHR,US,Y,1,844.34
2025-10-14,DOH,LHR,QA,F,5,3722.69
2025-10-14,DOH,LHR,FR,W,2,1061.38
2025-10-14,DOH,DXB,AE,W,1,1136.18
2025-10-14,DOH,JFK,UK,Y,6,502.73
2025-10-14,DOH,DXB,FR,W,6,970.57
2025-10-14,DOH,LHR,US,J,2,2072.1
2025-10-14,DOH,LHR,QA,W,1,1098.93
2025-10-14,DOH,CDG,FR,F,3,4431.82
2025-10-14,DOH,DXB,US,W,6,1193.53
2025-10-14,DOH,JFK,AE,Y,3,720.08
2025-10-14,DOH,JFK,FR,W,1,850.37
2025-10-14,DOH,LHR,US,Y,2,788.42
2025-10-14,DOH,LHR,UK,F,3,3887.46
2025-10-14,DOH,LHR,FR,W,1,887.41
2025-10-14,DOH,JFK,FR,Y,6,849.45
2025-10-14,DOH,JFK,AE,J,2,2941.8
2025-10-14,DOH,LHR,QA,Y,5,671.97
2025-10-14,DOH,LHR,FR,F,3,4572.68
2025-10-14,DOH,JFK,AE,J,5,2810.06
2025-10-14,DOH,CDG,FR,W,1,962.61
2025-10-14,DOH,CDG,US,W,2,811.86
2025-10-14,DOH,JFK,UK,Y,2,809.48
2025-10-14,DOH,DXB,AE,W,4,970.71
2025-10-14,DOH,CDG,UK,J,2,2480.08
2025-10-14,DOH,DXB,QA,Y,3,647.63
2025-10-14,DOH,CDG,FR,J,2,2112.31
2025-10-14,DOH,JFK,US,W,2,903.96
2025-10-14,DOH,JFK,US,J,3,2173.77
2025-10-14,DOH,DXB,AE,J,2,1943.22
2025-10-14,DOH,DXB,US,F,7,4764.16
2025-10-14,DOH,CDG,UK,W,2,1028.06
2025-10-15,DOH,CDG,UK,F,3,4971.5
2025-10-15,DOH,CDG,FR,F,5,5471.16
2025-10-15,DOH,DXB,FR,F,1,4504.87
2025-10-15,DOH,CDG,UK,J,4,3148.56
2025-10-15,DOH,DXB,AE,F,2,3995.86
2025-10-15,DOH,LHR,QA,F,4,5316.32
2025-10-15,DOH,CDG,QA,Y,2,569.7
2025-10-15,DOH,JFK,QA,J,1,2685.12
2025-10-15,DOH,CDG,FR,Y,2,514.56
2025-10-15,DOH,DXB,AE,J,3,2655.83
2025-10-15,DOH,JFK,AE,W,1,1049.42
2025-10-15,DOH,DXB,FR,J,2,2376.77
2025-10-15,DOH,CDG,UK,W,2,994.7
2025-10-15,DOH,LHR,FR,W,1,1165.77
2025-10-15,DOH,LHR,FR,F,3,3945.56
2025-10-15,DOH,LHR,UK,F,2,4912.46
2025-10-15,DOH,DXB,UK,Y,2,869.75
2025-10-15,DOH,LHR,AE,F,1,4944.19
2025-10-15,DOH,LHR,QA,W,4,944.76
2025-10-15,DOH,DXB,QA,J,3,1892.23
2025-10-15,DOH,JFK,FR,J,3,2539.08
2025-10-15,DOH,LHR,US,F,2,4993.51
2025-10-15,DOH,DXB,FR,Y,1,550.02
2025-10-15,DOH,LHR,FR,Y,2,580.4
2025-10-15,DOH,JFK,QA,Y,1,765.82
2025-10-15,DOH,JFK,US,W,3,804.44
2025-10-15,DOH,LHR,AE,W,3,1013.55
2025-10-15,DOH,DXB,UK,Y,5,615.84
2025-10-15,DOH,JFK,QA,Y,3,548.95
2025-10-15,DOH,JFK,AE,W,4,1192.47
2025-10-15,DOH,DXB,AE,J,1,2009.1
2025-10-15,DOH,DXB,FR,Y,1,782.57
2025-10-15,DOH,CDG,QA,J,4,1943.21
2025-10-15,DOH,CDG,QA,F,2,4876.2
2025-10-15,DOH,LHR,FR,F,1,5033.51
2025-10-15,DOH,CDG,FR,J,2,2494.29
2025-10-15,DOH,JFK,UK,F,2,4534.15
2025-10-15,DOH,DXB,UK,Y,3,614.66
2025-10-15,DOH,CDG,QA,J,2,1916.92
2025-10-15,DOH,JFK,AE,F,2,5387.34
2025-10-15,DOH,JFK,AE,Y,3,776.27
2025-10-15,DOH,CDG,US,W,7,987.72
2025-10-15,DOH,CDG,QA,J,2,2050.84
2025-10-15,DOH,CDG,UK,J,3,2844.07
2025-10-15,DOH,DXB,US,Y,2,669.78
2025-10-15,DOH,JFK,UK,F,2,3705.97
2025-10-15,DOH,LHR,QA,W,2,938.03
2025-10-15,DOH,JFK,AE,Y,3,560.96
2025-10-15,DOH,JFK,QA,J,1,3061.37
2025-10-15,DOH,DXB,AE,F,3,5130.96
2025-10-15,DOH,JFK,UK,J,3,3183.28
2025-10-15,DOH,CDG,UK,Y,5,731.7
2025-10-15,DOH,JFK,QA,W,1,869.07
2025-10-15,DOH,DXB,AE,W,1,1070.81
2025-10-15,DOH,LHR,FR,F,3,5168.31
2025-10-15,DOH,JFK,AE,F,6,5331.42
2025-10-15,DOH,LHR,FR,Y,2,741.14
2025-10-15,DOH,LHR,QA,Y,3,593.53
2025-10-15,DOH,CDG,UK,Y,4,803.85
2025-10-15,DOH,JFK,UK,W,2,881.84
2025-10-16,DOH,JFK,FR,F,4,4930.42
2025-10-16,DOH,JFK,FR,W,3,953.94
2025-10-16,DOH,JFK,US,F,2,4513.42
2025-10-16,DOH,LHR,QA,J,3,1828.25
2025-10-16,DOH,CDG,QA,W,4,1014.36
2025-10-16,DOH,DXB,QA,F,7,4214.37
2025-10-16,DOH,LHR,UK,F,2,4179.55
2025-10-16,DOH,CDG,FR,J,1,2268.7
2025-10-16,DOH,LHR,QA,F,1,5410.93
2025-10-16,DOH,JFK,UK,J,4,3117.94
2025-10-16,DOH,LHR,UK,F,3,4924.33
2025-10-16,DOH,DXB,FR,F,3,5270.65
2025-10-16,DOH,CDG,UK,F,3,5375.81
2025-10-16,DOH,DXB,FR,F,4,5156.59
2025-10-16,DOH,CDG,QA,F,6,4496.53
2025-10-16,DOH,DXB,AE,W,3,1064.19
2025-10-16,DOH,CDG,FR,W,2,886.22
2025-10-16,DOH,DXB,US,W,2,846.35
2025-10-16,DOH,CDG,FR,W,1,985.44
2025-10-16,DOH,DXB,QA,J,6,2044.82
2025-10-16,DOH,JFK,US,W,4,953.06
2025-10-16,DOH,DXB,FR,W,5,1047.25
2025-10-16,DOH,CDG,AE,W,1,917.82
2025-10-16,DOH,LHR,FR,F,3,5194.83
2025-10-16,DOH,JFK,AE,W,4,1053.47
2025-10-16,DOH,DXB,UK,Y,3,712.29
2025-10-16,DOH,LHR,AE,Y,3,731.91
2025-10-16,DOH,DXB,AE,W,2,971.42
2025-10-16,DOH,CDG,FR,W,5,990.09
2025-10-16,DOH,DXB,AE,J,2,2184.48
2025-10-16,DOH,LHR,QA,W,4,851.18
2025-10-16,DOH,JFK,UK,Y,1,786.17
2025-10-16,DOH,LHR,FR,W,2,1035.52
2025-10-16,DOH,JFK,US,Y,1,570.53
2025-10-16,DOH,CDG,QA,Y,4,555.32
2025-10-16,DOH,LHR,UK,J,3,2858.92
2025-10-16,DOH,JFK,AE,W,5,1154.71
2025-10-16,DOH,JFK,QA,W,3,864.08
2025-10-16,DOH,CDG,AE,F,3,5214.35
2025-10-16,DOH,JFK,UK,W,4,1049.85
2025-10-16,DOH,DXB,QA,W,4,815.24
2025-10-16,DOH,CDG,UK,J,1,2336.69
2025-10-16,DOH,LHR,US,J,1,2681.75
2025-10-16,DOH,LHR,AE,F,2,5118.36
2025-10-16,DOH,JFK,QA,W,4,846.48
2025-10-16,DOH,CDG,UK,Y,4,755.4
2025-10-16,DOH,CDG,QA,J,3,2241.47
2025-10-16,DOH,JFK,FR,J,5,3049.02
2025-10-16,DOH,LHR,US,J,1,2132.93
2025-10-16,DOH,DXB,AE,J,3,2561.27
2025-10-16,DOH,CDG,AE,W,5,1059.49
2025-10-16,DOH,JFK,UK,F,7,5254.42
2025-10-16,DOH,CDG,US,W,1,1065.03
2025-10-16,DOH,LHR,US,J,3,2815.56
2025-10-16,DOH,LHR,AE,Y,2,888.36
2025-10-16,DOH,JFK,QA,Y,2,674.91
2025-10-16,DOH,JFK,QA,Y,3,885.62
2025-10-16,DOH,DXB,US,F,3,3838.25
2025-10-16,DOH,CDG,AE,F,2,3549.64
2025-10-16,DOH,JFK,FR,W,3,883.92
2025-10-17,DOH,LHR,UK,F,3,5372.44
2025-10-17,DOH,LHR,QA,J,3,2055.76
2025-10-17,DOH,CDG,FR,J,10,1840.96
2025-10-17,DOH,CDG,QA,W,1,1112.92
2025-10-17,DOH,JFK,FR,W,4,1070.08
2025-10-17,DOH,DXB,AE,Y,3,609.93
2025-10-17,DOH,DXB,FR,Y,4,531.66
2025-10-17,DOH,LHR,QA,W,1,910.61
2025-10-17,DOH,CDG,FR,J,3,2517.57
2025-10-17,DOH,JFK,AE,F,3,4114.65
2025-10-17,DOH,DXB,QA,F,3,4540.63
2025-10-17,DOH,DXB,UK,J,3,2813.97
2025-10-17,DOH,CDG,US,Y,4,551.7
2025-10-17,DOH,LHR,QA,Y,6,838.42
2025-10-17,DOH,DXB,QA,F,4,4613.56
2025-10-17,DOH,LHR,QA,Y,5,626.1
2025-10-17,DOH,JFK,AE,Y,3,652.63
2025-10-17,DOH,CDG,AE,Y,5,828.12
2025-10-17,DOH,JFK,QA,W,7,981.96
2025-10-17,DOH,JFK,AE,W,5,898.23
2025-10-17,DOH,DXB,US,J,2,2190.32
2025-10-17,DOH,DXB,US,F,3,5080.41
2025-10-17,DOH,DXB,AE,W,2,1109.81
2025-10-17,DOH,JFK,FR,J,1,2813.98
2025-10-17,DOH,JFK,US,W,3,1049.38
2025-10-17,DOH,CDG,US,F,5,3639.2
2025-10-17,DOH,CDG,UK,Y,1,602.1
2025-10-17,DOH,CDG,FR,W,3,800.24
2025-10-17,DOH,CDG,AE,J,2,2148.08
2025-10-17,DOH,LHR,US,Y,6,863.14
2025-10-17,DOH,LHR,US,Y,1,869.14
2025-10-17,DOH,DXB,FR,W,3,1029.17
2025-10-17,DOH,LHR,FR,W,3,965.88
2025-10-17,DOH,JFK,AE,J,3,1888.9
2025-10-17,DOH,LHR,AE,W,2,842.57
2025-10-17,DOH,DXB,UK,F,3,4001.37
2025-10-17,DOH,LHR,QA,W,3,843.14
2025-10-17,DOH,CDG,UK,W,5,1115.15
2025-10-17,DOH,LHR,UK,W,3,931.22
2025-10-17,DOH,DXB,UK,J,5,2006.66
2025-10-17,DOH,LHR,QA,F,2,4864.97
2025-10-17,DOH,DXB,UK,Y,4,509.03
2025-10-17,DOH,LHR,QA,Y,2,649.54
2025-10-17,DOH,DXB,US,F,1,3538.81
2025-10-17,DOH,CDG,FR,W,1,872.83
2025-10-17,DOH,DXB,FR,J,6,3161.11
2025-10-17,DOH,JFK,AE,F,2,3803.14
2025-10-17,DOH,CDG,FR,F,1,4751.39
2025-10-17,DOH,JFK,UK,F,2,3670.29
2025-10-17,DOH,LHR,AE,W,5,995.7
2025-10-17,DOH,LHR,UK,J,3,2790.38
2025-10-17,DOH,LHR,UK,J,3,2014.53
2025-10-17,DOH,JFK,UK,W,5,887.47
2025-10-17,DOH,DXB,AE,J,4,2837.32
2025-10-17,DOH,CDG,QA,W,4,1064.82
2025-10-17,DOH,JFK,AE,W,2,1157.74
2025-10-17,DOH,DXB,QA,Y,5,894.39
2025-10-17,DOH,DXB,UK,W,2,1123.28
2025-10-17,DOH,JFK,FR,W,3,839.03
2025-10-17,DOH,JFK,UK,Y,2,753.65
2025-10-18,DOH,CDG,FR,J,5,2040.57
2025-10-18,DOH,LHR,US,J,2,2041.7
2025-10-18,DOH,DXB,US,F,6,4247.67
2025-10-18,DOH,DXB,FR,F,2,5111.33
2025-10-18,DOH,DXB,QA,F,5,3863.48
2025-10-18,DOH,DXB,AE,Y,3,669.06
2025-10-18,DOH,JFK,AE,F,5,5401.59
2025-10-18,DOH,LHR,UK,Y,7,640.39
2025-10-18,DOH,JFK,QA,Y,3,589.0
2025-10-18,DOH,DXB,QA,W,4,1033.15
2025-10-18,DOH,LHR,US,J,3,2861.88
2025-10-18,DOH,JFK,UK,Y,1,664.86
2025-10-18,DOH,CDG,QA,W,1,869.98
2025-10-18,DOH,LHR,QA,J,2,2015.62
2025-10-18,DOH,DXB,US,W,2,879.84
2025-10-18,DOH,JFK,UK,W,2,1077.03
2025-10-18,DOH,JFK,QA,J,3,2358.66
2025-10-18,DOH,CDG,UK,W,3,1040.04
2025-10-18,DOH,CDG,UK,F,1,4881.71
2025-10-18,DOH,DXB,QA,J,1,2267.11
2025-10-18,DOH,DXB,AE,J,4,2406.49
2025-10-18,DOH,DXB,FR,W,4,1144.2
2025-10-18,DOH,JFK,FR,F,3,4805.97
2025-10-18,DOH,JFK,AE,W,5,974.64
2025-10-18,DOH,JFK,FR,W,2,954.22
2025-10-18,DOH,DXB,QA,W,2,911.95
2025-10-18,DOH,LHR,AE,F,5,4998.95
2025-10-18,DOH,JFK,US,J,5,2665.36
2025-10-18,DOH,CDG,UK,W,2,954.5
2025-10-18,DOH,JFK,US,F,1,5496.27
2025-10-18,DOH,CDG,US,W,4,1126.85
2025-10-18,DOH,JFK,FR,Y,2,810.53
2025-10-18,DOH,CDG,US,Y,2,626.76
2025-10-18,DOH,LHR,UK,Y,1,552.09
2025-10-18,DOH,LHR,UK,W,3,839.39
2025-10-18,DOH,CDG,QA,W,1,998.97
2025-10-18,DOH,LHR,UK,W,3,824.24
2025-10-18,DOH,CDG,US,W,3,1095.11
2025-10-18,DOH,DXB,AE,F,5,3866.74
2025-10-18,DOH,DXB,FR,Y,3,892.01
2025-10-18,DOH,LHR,US,F,3,5232.58
2025-10-18,DOH,LHR,AE,J,1,2674.74
2025-10-18,DOH,DXB,US,F,6,3663.14
2025-10-18,DOH,DXB,FR,Y,1,804.78
2025-10-18,DOH,CDG,AE,W,3,981.69
2025-10-18,DOH,DXB,QA,J,1,2457.76
2025-10-18,DOH,LHR,UK,F,5,4000.22
2025-10-18,DOH,DXB,FR,J,2,2209.82
2025-10-18,DOH,CDG,QA,F,3,3782.7
2025-10-18,DOH,DXB,UK,F,5,5000.22
2025-10-18,DOH,DXB,QA,J,5,1871.25
2025-10-18,DOH,DXB,QA,J,4,3005.94
2025-10-18,DOH,DXB,US,Y,5,519.15
2025-10-18,DOH,JFK,UK,F,1,4744.19
2025-10-18,DOH,CDG,US,J,2,2349.26
2025-10-18,DOH,DXB,AE,F,4,3854.58
2025-10-18,DOH,CDG,AE,F,5,5380.99
2025-10-18,DOH,CDG,US,J,2,2450.77
2025-10-18,DOH,JFK,FR,Y,4,816.26
2025-10-18,DOH,DXB,AE,Y,3,698.36
2025-10-19,DOH,CDG,FR,F,3,4044.1
2025-10-19,DOH,CDG,UK,J,4,2136.43
2025-10-19,DOH,JFK,AE,F,1,4089.14
2025-10-19,DOH,DXB,AE,Y,3,739.62
2025-10-19,DOH,CDG,FR,F,2,5010.75
2025-10-19,DOH,LHR,US,Y,2,592.55
2025-10-19,DOH,DXB,AE,F,4,5395.72
2025-10-19,DOH,DXB,FR,F,3,3838.43
2025-10-19,DOH,CDG,FR,J,3,2173.32
2025-10-19,DOH,LHR,FR,Y,5,734.08
2025-10-19,DOH,CDG,AE,F,1,4281.61
2025-10-19,DOH,JFK,FR,W,1,1189.89
2025-10-19,DOH,JFK,FR,J,3,2688.72
2025-10-19,DOH,JFK,US,Y,3,735.88
2025-10-19,DOH,CDG,FR,J,1,2060.56
2025-10-19,DOH,DXB,FR,F,1,3789.01
2025-10-19,DOH,JFK,UK,Y,3,598.66
2025-10-19,DOH,JFK,FR,W,2,834.47
2025-10-19,DOH,DXB,QA,J,6,2145.37
2025-10-19,DOH,DXB,US,J,2,2185.0
2025-10-19,DOH,DXB,FR,W,1,923.03
2025-10-19,DOH,LHR,QA,F,3,4630.52
2025-10-19,DOH,LHR,UK,Y,6,501.22
2025-10-19,DOH,CDG,UK,W,5,831.69
2025-10-19,DOH,JFK,UK,W,2,914.22
2025-10-19,DOH,JFK,QA,F,3,4394.09
2025-10-19,DOH,JFK,FR,W,2,895.49
2025-10-19,DOH,CDG,AE,F,5,3899.21
2025-10-19,DOH,JFK,AE,Y,4,823.1
2025-10-19,DOH,DXB,AE,J,4,1980.6
2025-10-19,DOH,LHR,UK,F,2,3905.14
2025-10-19,DOH,JFK,QA,F,3,4105.34
2025-10-19,DOH,LHR,QA,J,2,2684.32
2025-10-19,DOH,JFK,FR,F,4,5313.31
2025-10-19,DOH,DXB,UK,Y,1,855.98
2025-10-19,DOH,DXB,FR,F,3,4463.66
2025-10-19,DOH,CDG,US,F,3,4446.08
2025-10-19,DOH,DXB,AE,W,3,988.99
2025-10-19,DOH,DXB,AE,W,1,856.12
2025-10-19,DOH,CDG,US,W,7,870.34
2025-10-19,DOH,JFK,US,J,2,1832.74
2025-10-19,DOH,JFK,UK,J,4,2094.51
2025-10-19,DOH,DXB,QA,J,2,2019.73
2025-10-19,DOH,LHR,UK,Y,3,882.49
2025-10-19,DOH,JFK,QA,F,3,3948.93
2025-10-19,DOH,JFK,FR,F,2,4595.85
2025-10-19,DOH,LHR,UK,F,1,3695.68
2025-10-19,DOH,LHR,UK,J,3,2633.65
2025-10-19,DOH,CDG,QA,J,3,2245.29
2025-10-19,DOH,DXB,AE,F,5,4274.92
2025-10-19,DOH,JFK,UK,J,1,3044.63
2025-10-19,DOH,JFK,AE,J,3,1972.03
2025-10-19,DOH,LHR,AE,W,3,1021.22
2025-10-19,DOH,DXB,AE,J,1,2174.22
2025-10-19,DOH,JFK,AE,F,1,3527.06
2025-10-19,DOH,DXB,FR,Y,2,784.76
2025-10-19,DOH,JFK,UK,W,6,903.59
2025-10-19,DOH,CDG,UK,F,5,3985.81
2025-10-19,DOH,DXB,US,F,1,3918.76
2025-10-19,DOH,CDG,FR,Y,1,855.87
2025-10-20,DOH,LHR,UK,Y,5,682.96
2025-10-20,DOH,JFK,AE,F,1,4984.21
2025-10-20,DOH,DXB,FR,Y,2,614.58
2025-10-20,DOH,JFK,FR,F,2,5082.95
2025-10-20,DOH,DXB,UK,W,1,847.76
2025-10-20,DOH,JFK,FR,J,2,3089.27
2025-10-20,DOH,DXB,AE,F,4,5430.83
2025-10-20,DOH,LHR,AE,Y,2,719.28
2025-10-20,DOH,JFK,QA,W,2,930.8
2025-10-20,DOH,CDG,FR,F,4,3873.43
2025-10-20,DOH,DXB,FR,F,3,3549.65
2025-10-20,DOH,LHR,FR,W,3,829.51
2025-10-20,DOH,JFK,QA,Y,3,659.83
2025-10-20,DOH,CDG,UK,J,2,2710.37
2025-10-20,DOH,CDG,UK,Y,2,704.95
2025-10-20,DOH,JFK,US,Y,7,530.75
2025-10-20,DOH,JFK,QA,F,4,4670.38
2025-10-20,DOH,JFK,AE,W,1,1054.38
2025-10-20,DOH,JFK,QA,Y,3,718.13
2025-10-20,DOH,DXB,US,F,3,5003.44
2025-10-20,DOH,JFK,AE,F,3,4406.03
2025-10-20,DOH,DXB,AE,F,4,4915.15
2025-10-20,DOH,LHR,AE,Y,1,610.02
2025-10-20,DOH,LHR,AE,Y,1,608.28
2025-10-20,DOH,CDG,QA,W,6,855.54
2025-10-20,DOH,CDG,FR,Y,5,612.61
2025-10-20,DOH,DXB,AE,Y,5,522.09
2025-10-20,DOH,DXB,FR,J,4,1877.65
2025-10-20,DOH,JFK,QA,J,1,2715.28
2025-10-20,DOH,CDG,UK,F,1,4834.5
2025-10-20,DOH,JFK,UK,F,4,5076.33
2025-10-20,DOH,CDG,US,Y,1,584.27
2025-10-20,DOH,CDG,FR,F,6,4661.82
2025-10-20,DOH,LHR,UK,W,2,918.35
2025-10-20,DOH,CDG,UK,W,2,1029.88
2025-10-20,DOH,JFK,AE,Y,1,632.79
2025-10-20,DOH,CDG,QA,J,5,1849.99
2025-10-20,DOH,LHR,AE,F,4,4021.6
2025-10-20,DOH,CDG,US,J,3,1984.99
2025-10-20,DOH,LHR,UK,Y,4,671.89
2025-10-20,DOH,JFK,FR,J,1,3098.34
2025-10-20,DOH,JFK,QA,Y,1,810.98
2025-10-20,DOH,LHR,FR,J,2,2367.73
2025-10-20,DOH,CDG,UK,F,1,4488.33
2025-10-20,DOH,DXB,US,Y,2,720.7
2025-10-20,DOH,LHR,US,F,1,3891.18
2025-10-20,DOH,LHR,UK,W,3,961.13
2025-10-20,DOH,CDG,US,J,4,1967.19
2025-10-20,DOH,CDG,UK,F,1,5199.98
2025-10-20,DOH,LHR,AE,J,3,3155.43
2025-10-20,DOH,CDG,UK,Y,1,559.71
2025-10-20,DOH,DXB,US,Y,1,660.39
2025-10-20,DOH,DXB,QA,W,1,912.74
2025-10-20,DOH,LHR,US,Y,5,870.06
2025-10-20,DOH,LHR,US,J,1,2424.14
2025-10-20,DOH,LHR,US,F,4,4994.18
2025-10-20,DOH,LHR,QA,Y,2,564.51
2025-10-20,DOH,LHR,US,W,3,963.99
2025-10-20,DOH,JFK,AE,W,4,994.89
2025-10-20,DOH,CDG,US,Y,4,571.46
2025-10-21,DOH,LHR,AE,W,2,961.11
2025-10-21,DOH,JFK,UK,Y,1,571.15
2025-10-21,DOH,LHR,FR,Y,1,525.94
2025-10-21,DOH,LHR,UK,F,5,5106.73
2025-10-21,DOH,JFK,US,W,5,820.74
2025-10-21,DOH,LHR,AE,Y,3,516.21
2025-10-21,DOH,DXB,FR,F,2,4935.49
2025-10-21,DOH,LHR,QA,Y,2,663.2
2025-10-21,DOH,JFK,AE,J,5,1830.78
2025-10-21,DOH,LHR,UK,Y,1,875.13
2025-10-21,DOH,CDG,UK,F,2,5436.67
2025-10-21,DOH,LHR,US,W,4,1159.28
2025-10-21,DOH,CDG,QA,W,2,1091.01
2025-10-21,DOH,LHR,AE,W,1,1175.09
2025-10-21,DOH,DXB,US,F,3,5139.19
2025-10-21,DOH,JFK,US,F,3,5021.55
2025-10-21,DOH,JFK,UK,W,3,951.93
2025-10-21,DOH,JFK,UK,W,6,1012.52
2025-10-21,DOH,DXB,UK,Y,3,837.13
2025-10-21,DOH,LHR,FR,W,2,1025.55
2025-10-21,DOH,DXB,FR,J,3,3045.97
2025-10-21,DOH,LHR,QA,Y,4,741.17
2025-10-21,DOH,JFK,QA,W,6,834.14
2025-10-21,DOH,DXB,US,J,4,2681.67
2025-10-21,DOH,CDG,US,W,1,893.7
2025-10-21,DOH,JFK,QA,W,3,815.45
2025-10-21,DOH,DXB,US,W,1,1044.77
2025-10-21,DOH,CDG,AE,F,4,4178.82
2025-10-21,DOH,LHR,AE,F,2,5082.53
2025-10-21,DOH,JFK,US,Y,6,523.54
2025-10-21,DOH,JFK,UK,J,5,2992.28
2025-10-21,DOH,LHR,QA,W,2,1178.8
2025-10-21,DOH,DXB,AE,F,5,4368.56
2025-10-21,DOH,CDG,AE,J,2,2623.05
2025-10-21,DOH,CDG,UK,F,5,3754.9
2025-10-21,DOH,DXB,UK,Y,1,850.97
2025-10-21,DOH,DXB,US,Y,6,653.77
2025-10-21,DOH,DXB,AE,F,2,3740.58
2025-10-21,DOH,JFK,QA,J,3,2739.24
2025-10-21,DOH,CDG,UK,J,2,2695.36
2025-10-21,DOH,DXB,FR,F,3,3525.88
2025-10-21,DOH,JFK,UK,W,4,1136.51
2025-10-21,DOH,JFK,QA,Y,5,842.75
2025-10-21,DOH,JFK,FR,Y,5,785.94
2025-10-21,DOH,CDG,AE,F,5,3646.13
2025-10-21,DOH,JFK,AE,F,5,3857.93
2025-10-21,DOH,JFK,AE,F,2,5144.46
2025-10-21,DOH,CDG,QA,Y,2,799.5
2025-10-21,DOH,JFK,US,Y,1,839.07
2025-10-21,DOH,JFK,US,Y,3,796.01
2025-10-21,DOH,CDG,AE,F,4,3830.63
2025-10-21,DOH,CDG,QA,Y,4,564.9
2025-10-21,DOH,LHR,AE,J,3,2601.57
2025-10-21,DOH,CDG,FR,W,3,1180.51
2025-10-21,DOH,CDG,US,F,5,4338.81
2025-10-21,DOH,DXB,FR,W,1,883.56
2025-10-21,DOH,DXB,QA,Y,5,661.36
2025-10-21,DOH,DXB,AE,Y,1,812.75
2025-10-21,DOH,LHR,FR,Y,4,632.14
2025-10-21,DOH,LHR,UK,Y,1,827.89
2025-10-22,DOH,JFK,FR,Y,1,816.25
2025-10-22,DOH,JFK,UK,J,3,3175.43
2025-10-22,DOH,JFK,UK,F,3,4206.2
2025-10-22,DOH,JFK,US,J,6,2527.86
2025-10-22,DOH,CDG,US,Y,2,503.93
2025-10-22,DOH,CDG,US,F,4,5468.98
2025-10-22,DOH,LHR,QA,Y,2,539.05
2025-10-22,DOH,JFK,FR,F,5,4008.16
2025-10-22,DOH,JFK,AE,F,2,3776.75
2025-10-22,DOH,JFK,QA,F,4,5294.48
2025-10-22,DOH,CDG,UK,J,1,2215.44
2025-10-22,DOH,DXB,QA,F,4,5098.09
2025-10-22,DOH,JFK,AE,J,4,1857.01
2025-10-22,DOH,JFK,AE,Y,1,605.16
2025-10-22,DOH,JFK,QA,J,3,2880.43
2025-10-22,DOH,DXB,UK,J,4,1970.09
2025-10-22,DOH,DXB,AE,F,5,5319.14
2025-10-22,DOH,CDG,US,Y,4,632.24
2025-10-22,DOH,LHR,QA,F,1,4623.7
2025-10-22,DOH,DXB,AE,Y,2,752.42
2025-10-22,DOH,JFK,UK,W,3,882.46
2025-10-22,DOH,CDG,FR,F,2,4616.24
2025-10-22,DOH,CDG,AE,W,2,866.76
2025-10-22,DOH,CDG,QA,J,2,2168.6
2025-10-22,DOH,LHR,US,F,2,5125.19
2025-10-22,DOH,JFK,AE,J,2,3159.09
2025-10-22,DOH,CDG,AE,W,4,867.72
2025-10-22,DOH,CDG,AE,J,1,3110.18
2025-10-22,DOH,LHR,FR,J,4,2305.58
2025-10-22,DOH,DXB,FR,Y,5,703.63
2025-10-22,DOH,CDG,UK,W,1,1046.15
2025-10-22,DOH,JFK,QA,J,1,2563.5
2025-10-22,DOH,CDG,US,W,5,1109.83
2025-10-22,DOH,DXB,UK,J,6,2267.64
2025-10-22,DOH,CDG,QA,W,1,1015.43
2025-10-22,DOH,JFK,AE,J,6,3102.81
2025-10-22,DOH,LHR,AE,J,3,2845.92
2025-10-22,DOH,CDG,AE,J,2,3197.41
2025-10-22,DOH,JFK,AE,W,4,954.86
2025-10-22,DOH,LHR,FR,J,7,2809.06
2025-10-22,DOH,JFK,AE,J,1,1996.38
2025-10-22,DOH,CDG,US,J,4,1990.2
2025-10-22,DOH,CDG,AE,Y,5,605.59
2025-10-22,DOH,JFK,AE,J,3,3148.68
2025-10-22,DOH,DXB,QA,J,5,2007.65
2025-10-22,DOH,CDG,UK,W,2,979.62
2025-10-22,DOH,LHR,US,J,1,2413.03
2025-10-22,DOH,CDG,UK,W,4,1019.25
2025-10-22,DOH,LHR,UK,F,5,5296.52
2025-10-22,DOH,JFK,UK,Y,2,753.48
2025-10-22,DOH,CDG,FR,Y,3,609.72
2025-10-22,DOH,CDG,UK,J,4,2337.54
2025-10-22,DOH,JFK,QA,W,3,1004.64
2025-10-22,DOH,LHR,UK,W,2,877.12
2025-10-22,DOH,LHR,FR,J,4,2672.6
2025-10-22,DOH,JFK,UK,Y,4,622.98
2025-10-22,DOH,JFK,UK,Y,1,651.48
2025-10-22,DOH,DXB,QA,F,3,3856.27
2025-10-22,DOH,CDG,FR,J,1,2297.61
2025-10-22,DOH,DXB,FR,J,4,2609.72
2025-10-23,DOH,DXB,QA,J,5,2753.36
2025-10-23,DOH,LHR,UK,W,4,848.37
2025-10-23,DOH,DXB,UK,F,4,5463.76
2025-10-23,DOH,CDG,US,F,3,3957.0
2025-10-23,DOH,JFK,FR,Y,3,527.9
2025-10-23,DOH,DXB,AE,F,3,4868.21
2025-10-23,DOH,DXB,FR,W,5,822.01
2025-10-23,DOH,LHR,QA,W,1,1184.26
2025-10-23,DOH,CDG,US,Y,3,765.21
2025-10-23,DOH,DXB,AE,J,2,2990.16
2025-10-23,DOH,JFK,FR,J,4,1930.54
2025-10-23,DOH,JFK,AE,F,1,5354.51
2025-10-23,DOH,DXB,UK,J,3,2079.48
2025-10-23,DOH,JFK,QA,F,3,5228.41
2025-10-23,DOH,LHR,UK,J,6,3195.51
2025-10-23,DOH,DXB,US,J,1,2586.88
2025-10-23,DOH,CDG,AE,F,1,5119.44
2025-10-23,DOH,JFK,UK,F,3,3766.31
2025-10-23,DOH,DXB,AE,Y,3,876.98
2025-10-23,DOH,LHR,AE,W,4,1098.62
2025-10-23,DOH,DXB,US,W,4,1010.35
2025-10-23,DOH,CDG,US,J,4,3064.3
2025-10-23,DOH,CDG,QA,F,1,5048.0
2025-10-23,DOH,JFK,US,W,2,1155.15
2025-10-23,DOH,DXB,QA,J,3,2795.41
2025-10-23,DOH,LHR,AE,Y,3,767.85
2025-10-23,DOH,CDG,US,W,1,908.63
2025-10-23,DOH,DXB,UK,F,2,4572.55
2025-10-23,DOH,CDG,AE,W,1,853.39
2025-10-23,DOH,JFK,QA,F,6,5178.38
2025-10-23,DOH,CDG,QA,Y,6,661.18
2025-10-23,DOH,DXB,US,W,2,822.33
2025-10-23,DOH,LHR,QA,J,4,2909.33
2025-10-23,DOH,CDG,FR,J,6,3144.11
2025-10-23,DOH,LHR,QA,W,3,894.13
2025-10-23,DOH,JFK,FR,Y,2,754.86
2025-10-23,DOH,JFK,FR,F,4,5201.2
2025-10-23,DOH,DXB,UK,W,4,935.79
2025-10-23,DOH,LHR,FR,W,4,1063.43
2025-10-23,DOH,LHR,QA,F,5,3718.52
2025-10-23,DOH,CDG,UK,J,2,2981.32
2025-10-23,DOH,DXB,QA,F,3,3524.49
2025-10-23,DOH,JFK,AE,F,6,5221.68
2025-10-23,DOH,CDG,FR,J,3,2795.27
2025-10-23,DOH,JFK,UK,W,6,879.98
2025-10-23,DOH,LHR,US,W,1,1118.18
2025-10-23,DOH,CDG,QA,W,2,1145.69
2025-10-23,DOH,CDG,US,W,5,841.83
2025-10-23,DOH,DXB,FR,Y,4,628.15
2025-10-23,DOH,DXB,US,F,2,4452.33
2025-10-23,DOH,JFK,QA,Y,5,661.54
2025-10-23,DOH,JFK,FR,F,1,5374.45
2025-10-23,DOH,LHR,AE,W,5,966.91
2025-10-23,DOH,DXB,QA,J,3,2220.28
2025-10-23,DOH,DXB,QA,Y,3,822.95
2025-10-23,DOH,DXB,QA,W,2,863.98
2025-10-23,DOH,JFK,UK,Y,3,527.64
2025-10-23,DOH,DXB,UK,Y,5,778.93
2025-10-23,DOH,CDG,QA,Y,1,861.05
2025-10-23,DOH,LHR,QA,J,8,2688.63
2025-10-24,DOH,JFK,QA,F,4,4756.51
2025-10-24,DOH,LHR,UK,J,6,2253.86
2025-10-24,DOH,JFK,AE,J,2,2414.76
2025-10-24,DOH,LHR,UK,F,4,4401.24
2025-10-24,DOH,LHR,UK,W,2,1005.44
2025-10-24,DOH,CDG,UK,J,1,2475.03
2025-10-24,DOH,JFK,FR,F,1,4813.46
2025-10-24,DOH,CDG,US,W,2,1166.92
2025-10-24,DOH,CDG,UK,Y,1,532.23
2025-10-24,DOH,JFK,UK,W,4,845.69
2025-10-24,DOH,JFK,QA,Y,5,755.99
2025-10-24,DOH,DXB,FR,J,3,2405.74
2025-10-24,DOH,CDG,QA,F,5,5222.81
2025-10-24,DOH,DXB,AE,J,3,2336.03
2025-10-24,DOH,LHR,AE,J,1,2075.45
2025-10-24,DOH,JFK,QA,J,2,2935.27
2025-10-24,DOH,CDG,UK,J,1,2715.61
2025-10-24,DOH,LHR,US,J,3,2487.15
2025-10-24,DOH,LHR,UK,Y,3,703.66
2025-10-24,DOH,CDG,UK,F,2,3582.8
2025-10-24,DOH,LHR,FR,J,4,3188.58
2025-10-24,DOH,DXB,UK,F,1,4638.94
2025-10-24,DOH,JFK,AE,F,7,3589.33
2025-10-24,DOH,CDG,AE,W,3,836.03
2025-10-24,DOH,CDG,QA,F,1,4457.29
2025-10-24,DOH,LHR,AE,W,1,879.32
2025-10-24,DOH,DXB,US,F,5,4553.75
2025-10-24,DOH,JFK,AE,Y,3,856.2
2025-10-24,DOH,CDG,FR,F,3,5072.53
2025-10-24,DOH,DXB,AE,Y,4,762.08
2025-10-24,DOH,CDG,FR,W,4,1031.81
2025-10-24,DOH,CDG,UK,Y,2,679.89
2025-10-24,DOH,DXB,UK,J,1,2431.8
2025-10-24,DOH,CDG,QA,Y,3,547.94
2025-10-24,DOH,DXB,QA,W,2,829.75
2025-10-24,DOH,CDG,QA,Y,4,709.82
2025-10-24,DOH,DXB,US,F,1,5407.98
2025-10-24,DOH,JFK,AE,F,2,3534.12
2025-10-24,DOH,CDG,QA,F,1,4382.73
2025-10-24,DOH,DXB,AE,W,2,908.45
2025-10-24,DOH,LHR,UK,Y,1,511.68
2025-10-24,DOH,LHR,UK,J,4,3159.78
2025-10-24,DOH,LHR,AE,F,3,3571.09
2025-10-24,DOH,DXB,UK,Y,3,601.34
2025-10-24,DOH,JFK,US,W,1,990.74
2025-10-24,DOH,LHR,UK,F,2,4478.3
2025-10-24,DOH,LHR,QA,J,1,2804.26
2025-10-24,DOH,LHR,UK,J,3,2909.48
2025-10-24,DOH,DXB,FR,W,2,934.99
2025-10-24,DOH,CDG,AE,Y,7,786.24
2025-10-24,DOH,LHR,FR,J,3,2827.52
2025-10-24,DOH,JFK,US,W,4,1185.5
2025-10-24,DOH,LHR,US,W,3,1167.19
2025-10-24,DOH,JFK,AE,F,4,3603.11
2025-10-24,DOH,DXB,FR,F,6,3806.26
2025-10-24,DOH,DXB,FR,J,1,3165.78
2025-10-24,DOH,LHR,FR,Y,1,803.31
2025-10-24,DOH,CDG,UK,F,2,4547.14
2025-10-24,DOH,JFK,QA,F,2,5136.4
2025-10-24,DOH,CDG,AE,F,2,4731.36
2025-10-25,DOH,DXB,UK,F,2,5486.79
2025-10-25,DOH,JFK,AE,Y,6,892.31
2025-10-25,DOH,JFK,AE,J,2,3141.14
2025-10-25,DOH,CDG,UK,J,5,2257.07
2025-10-25,DOH,JFK,UK,J,5,1974.58
2025-10-25,DOH,LHR,UK,J,4,2200.14
2025-10-25,DOH,CDG,QA,F,3,3572.14
2025-10-25,DOH,LHR,UK,J,2,2198.92
2025-10-25,DOH,JFK,FR,W,4,969.7
2025-10-25,DOH,LHR,AE,J,2,2058.3
2025-10-25,DOH,CDG,QA,J,1,1906.93
2025-10-25,DOH,JFK,AE,W,1,982.08
2025-10-25,DOH,JFK,FR,J,4,3188.34
2025-10-25,DOH,LHR,QA,J,3,2699.14
2025-10-25,DOH,CDG,UK,J,1,2472.14
2025-10-25,DOH,LHR,QA,W,2,1002.29
2025-10-25,DOH,LHR,US,F,1,5436.69
2025-10-25,DOH,CDG,QA,J,5,1802.83
2025-10-25,DOH,DXB,US,W,3,1042.29
2025-10-25,DOH,DXB,UK,J,2,1865.93
2025-10-25,DOH,CDG,QA,J,2,2879.45
2025-10-25,DOH,DXB,AE,W,5,1134.34
2025-10-25,DOH,JFK,QA,W,1,961.07
2025-10-25,DOH,DXB,FR,F,2,4030.98
2025-10-25,DOH,LHR,AE,F,3,4332.58
2025-10-25,DOH,DXB,QA,W,1,1139.43
2025-10-25,DOH,CDG,FR,Y,3,561.6
2025-10-25,DOH,CDG,US,Y,2,618.79
2025-10-25,DOH,CDG,US,W,3,1015.92
2025-10-25,DOH,LHR,AE,W,3,948.45
2025-10-25,DOH,LHR,FR,J,1,1854.01
2025-10-25,DOH,DXB,QA,Y,2,718.57
2025-10-25,DOH,CDG,QA,W,3,1117.39
2025-10-25,DOH,JFK,QA,Y,4,560.47
2025-10-25,DOH,CDG,UK,F,2,4102.29
2025-10-25,DOH,JFK,UK,J,1,2579.1
2025-10-25,DOH,DXB,UK,J,4,3037.87
2025-10-25,DOH,LHR,FR,W,3,835.79
2025-10-25,DOH,CDG,UK,W,2,1120.63
2025-10-25,DOH,DXB,AE,F,3,4765.6
2025-10-25,DOH,JFK,AE,J,6,2031.3
2025-10-25,DOH,LHR,UK,Y,2,870.14
2025-10-25,DOH,CDG,UK,J,1,3054.06
2025-10-25,DOH,CDG,UK,F,7,3841.04
2025-10-25,DOH,JFK,US,Y,1,895.24
2025-10-25,DOH,DXB,FR,J,2,2754.28
2025-10-25,DOH,DXB,FR,Y,1,627.68
2025-10-25,DOH,LHR,AE,Y,4,790.4
2025-10-25,DOH,LHR,FR,W,6,851.71
2025-10-25,DOH,LHR,US,Y,6,536.41
2025-10-25,DOH,LHR,FR,W,2,1170.26
2025-10-25,DOH,LHR,UK,J,5,2199.79
2025-10-25,DOH,DXB,QA,J,1,1925.25
2025-10-25,DOH,CDG,QA,F,1,5457.35
2025-10-25,DOH,DXB,QA,Y,4,704.08
2025-10-25,DOH,LHR,QA,Y,4,789.28
2025-10-25,DOH,CDG,QA,F,3,4801.4
2025-10-25,DOH,CDG,US,J,1,2522.12
2025-10-25,DOH,JFK,FR,J,4,2464.96
2025-10-25,DOH,LHR,US,Y,3,888.27
2025-10-26,DOH,LHR,QA,J,3,1904.21
2025-10-26,DOH,JFK,UK,J,4,2715.19
2025-10-26,DOH,JFK,UK,J,1,2267.96
2025-10-26,DOH,LHR,AE,W,1,931.85
2025-10-26,DOH,LHR,FR,W,1,878.83
2025-10-26,DOH,LHR,FR,J,1,2513.43
2025-10-26,DOH,CDG,QA,J,3,2530.44
2025-10-26,DOH,DXB,FR,J,3,2992.55
2025-10-26,DOH,CDG,AE,J,3,2071.01
2025-10-26,DOH,JFK,US,W,1,804.04
2025-10-26,DOH,DXB,QA,J,3,2970.0
2025-10-26,DOH,CDG,QA,W,1,811.93
2025-10-26,DOH,DXB,UK,F,3,5485.19
2025-10-26,DOH,JFK,UK,F,5,4275.34
2025-10-26,DOH,CDG,UK,J,3,2049.16
2025-10-26,DOH,LHR,US,F,2,3629.8
2025-10-26,DOH,DXB,AE,J,7,2425.33
2025-10-26,DOH,JFK,US,W,1,982.99
2025-10-26,DOH,JFK,FR,Y,6,538.78
2025-10-26,DOH,DXB,UK,F,1,5008.63
2025-10-26,DOH,JFK,AE,J,2,2239.6
2025-10-26,DOH,JFK,UK,W,3,1057.82
2025-10-26,DOH,JFK,UK,J,2,1810.06
2025-10-26,DOH,LHR,US,J,4,2069.7
2025-10-26,DOH,LHR,FR,J,3,2733.95
2025-10-26,DOH,CDG,UK,J,2,2036.88
2025-10-26,DOH,CDG,QA,F,2,4164.62
2025-10-26,DOH,CDG,US,J,2,2441.12
2025-10-26,DOH,LHR,AE,F,1,4541.61
2025-10-26,DOH,JFK,FR,J,3,2134.92
2025-10-26,DOH,LHR,US,F,5,4680.41
2025-10-26,DOH,DXB,UK,F,5,5090.37
2025-10-26,DOH,JFK,AE,Y,2,857.15
2025-10-26,DOH,CDG,UK,J,4,2653.4
2025-10-26,DOH,JFK,QA,Y,2,811.89
2025-10-26,DOH,DXB,QA,F,1,4841.77
2025-10-26,DOH,DXB,AE,W,5,1148.79
2025-10-26,DOH,JFK,US,Y,5,572.16
2025-10-26,DOH,LHR,US,W,1,818.96
2025-10-26,DOH,LHR,QA,Y,4,764.9
2025-10-26,DOH,CDG,QA,Y,2,804.07
2025-10-26,DOH,DXB,QA,F,5,3779.02
2025-10-26,DOH,LHR,UK,J,4,2180.98
2025-10-26,DOH,JFK,AE,Y,4,741.07
2025-10-26,DOH,DXB,AE,Y,4,824.54
2025-10-26,DOH,CDG,FR,F,1,4639.4
2025-10-26,DOH,JFK,FR,W,1,1173.98
2025-10-26,DOH,JFK,FR,W,1,871.69
2025-10-26,DOH,DXB,UK,Y,1,812.76
2025-10-26,DOH,JFK,UK,Y,2,739.21
2025-10-26,DOH,CDG,FR,F,2,3583.58
2025-10-26,DOH,LHR,QA,J,1,2181.63
2025-10-26,DOH,JFK,US,W,5,804.64
2025-10-26,DOH,DXB,US,Y,4,608.42
2025-10-26,DOH,CDG,US,J,2,1956.6
2025-10-26,DOH,DXB,AE,Y,2,659.2
2025-10-26,DOH,DXB,UK,Y,3,855.51
2025-10-26,DOH,DXB,US,Y,2,886.81
2025-10-26,DOH,JFK,UK,W,5,894.08
2025-10-26,DOH,CDG,US,W,1,942.29
2025-10-27,DOH,DXB,AE,W,2,1169.27
2025-10-27,DOH,LHR,UK,W,3,804.28
2025-10-27,DOH,DXB,UK,Y,1,535.1
2025-10-27,DOH,DXB,AE,J,2,1829.02
2025-10-27,DOH,CDG,UK,W,4,1062.23
2025-10-27,DOH,CDG,FR,F,4,3580.74
2025-10-27,DOH,CDG,AE,J,2,1998.28
2025-10-27,DOH,DXB,QA,Y,2,699.86
2025-10-27,DOH,LHR,US,F,1,5092.74
2025-10-27,DOH,DXB,QA,Y,2,565.44
2025-10-27,DOH,LHR,US,F,1,5469.91
2025-10-27,DOH,JFK,US,F,3,4437.08
2025-10-27,DOH,LHR,US,F,2,4517.03
2025-10-27,DOH,CDG,QA,Y,1,826.36
2025-10-27,DOH,LHR,UK,F,5,4268.1
2025-10-27,DOH,JFK,US,F,5,5070.6
2025-10-27,DOH,LHR,UK,F,2,4188.85
2025-10-27,DOH,JFK,UK,F,4,5069.66
2025-10-27,DOH,LHR,AE,F,3,5170.84
2025-10-27,DOH,JFK,UK,F,4,3525.98
2025-10-27,DOH,DXB,FR,Y,6,623.78
2025-10-27,DOH,LHR,FR,J,4,1843.7
2025-10-27,DOH,DXB,US,Y,4,692.21
2025-10-27,DOH,LHR,US,Y,1,580.3
2025-10-27,DOH,LHR,UK,Y,4,577.66
2025-10-27,DOH,LHR,UK,Y,4,548.5
2025-10-27,DOH,DXB,US,J,4,1894.06
2025-10-27,DOH,LHR,AE,F,3,3899.09
2025-10-27,DOH,CDG,FR,W,1,1005.62
2025-10-27,DOH,CDG,UK,W,4,899.11
2025-10-27,DOH,JFK,US,W,2,1082.95
2025-10-27,DOH,LHR,US,F,2,3506.12
2025-10-27,DOH,JFK,FR,Y,4,533.25
2025-10-27,DOH,CDG,UK,Y,1,687.33
2025-10-27,DOH,JFK,FR,F,3,4992.29
2025-10-27,DOH,JFK,QA,J,3,2218.83
2025-10-27,DOH,CDG,US,W,3,909.81
2025-10-27,DOH,LHR,UK,W,2,892.82
2025-10-27,DOH,CDG,QA,J,1,3177.12
2025-10-27,DOH,JFK,QA,F,2,4192.9
2025-10-27,DOH,DXB,UK,F,2,4311.45
2025-10-27,DOH,DXB,FR,F,3,4762.92
2025-10-27,DOH,JFK,UK,J,1,2112.62
2025-10-27,DOH,JFK,QA,F,2,4043.12
2025-10-27,DOH,LHR,FR,W,5,865.91
2025-10-27,DOH,JFK,UK,J,2,2923.1
2025-10-27,DOH,CDG,QA,Y,3,576.4
2025-10-27,DOH,DXB,UK,W,1,1169.73
2025-10-27,DOH,JFK,FR,Y,1,810.5
2025-10-27,DOH,JFK,QA,W,4,804.95
2025-10-27,DOH,DXB,US,J,2,2894.88
2025-10-27,DOH,JFK,AE,W,3,1063.85
2025-10-27,DOH,DXB,UK,Y,3,837.65
2025-10-27,DOH,JFK,US,Y,1,627.41
2025-10-27,DOH,LHR,US,J,2,1964.48
2025-10-27,DOH,JFK,AE,W,3,1193.3
2025-10-27,DOH,JFK,QA,J,2,3127.1
2025-10-27,DOH,CDG,FR,W,4,864.24
2025-10-27,DOH,JFK,UK,Y,3,710.13
2025-10-27,DOH,CDG,QA,Y,5,811.63
2025-10-28,DOH,DXB,US,F,3,5120.51
2025-10-28,DOH,DXB,AE,Y,3,676.92
2025-10-28,DOH,DXB,US,J,1,2082.57
2025-10-28,DOH,JFK,QA,Y,6,589.93
2025-10-28,DOH,CDG,US,Y,1,894.22
2025-10-28,DOH,LHR,UK,W,5,1148.63
2025-10-28,DOH,DXB,FR,Y,1,544.39
2025-10-28,DOH,CDG,AE,Y,6,613.68
2025-10-28,DOH,DXB,AE,J,4,2336.62
2025-10-28,DOH,CDG,QA,Y,1,707.37
2025-10-28,DOH,LHR,AE,Y,1,747.4
2025-10-28,DOH,LHR,UK,J,4,3163.14
2025-10-28,DOH,JFK,US,F,2,3821.67
2025-10-28,DOH,LHR,US,F,5,5137.21
2025-10-28,DOH,LHR,UK,W,2,854.25
2025-10-28,DOH,CDG,AE,F,1,4349.73
2025-10-28,DOH,LHR,QA,J,2,2499.43
2025-10-28,DOH,LHR,US,Y,4,836.15
2025-10-28,DOH,CDG,QA,Y,2,725.54
2025-10-28,DOH,CDG,QA,F,1,5052.08
2025-10-28,DOH,CDG,QA,W,5,922.76
2025-10-28,DOH,JFK,FR,Y,2,557.76
2025-10-28,DOH,LHR,QA,Y,3,637.09
2025-10-28,DOH,DXB,FR,Y,4,653.95
2025-10-28,DOH,JFK,UK,J,5,2292.02
2025-10-28,DOH,JFK,QA,F,3,4878.14
2025-10-28,DOH,DXB,FR,F,1,4494.43
2025-10-28,DOH,DXB,AE,F,5,4819.88
2025-10-28,DOH,JFK,QA,J,3,2584.15
2025-10-28,DOH,LHR,US,J,3,2231.63
2025-10-28,DOH,JFK,AE,Y,2,546.25
2025-10-28,DOH,CDG,UK,Y,3,865.0
2025-10-28,DOH,JFK,AE,Y,1,775.29
2025-10-28,DOH,JFK,FR,Y,3,842.57
2025-10-28,DOH,JFK,US,F,2,5125.16
2025-10-28,DOH,JFK,UK,W,7,1024.35
2025-10-28,DOH,CDG,US,Y,4,776.02
2025-10-28,DOH,JFK,AE,W,1,987.6
2025-10-28,DOH,DXB,AE,F,1,4825.7
2025-10-28,DOH,DXB,US,Y,1,692.14
2025-10-28,DOH,DXB,UK,Y,2,596.45
2025-10-28,DOH,CDG,QA,J,3,1906.36
2025-10-28,DOH,JFK,AE,F,3,3509.84
2025-10-28,DOH,CDG,FR,J,5,2836.4
2025-10-28,DOH,CDG,FR,Y,1,677.94
2025-10-28,DOH,CDG,US,Y,1,602.37
2025-10-28,DOH,CDG,US,J,2,2011.59
2025-10-28,DOH,JFK,UK,W,6,1132.45
2025-10-28,DOH,DXB,FR,F,2,4406.67
2025-10-28,DOH,CDG,QA,W,1,1086.34
2025-10-28,DOH,LHR,AE,F,4,3907.25
2025-10-28,DOH,CDG,FR,F,5,4127.27
2025-10-28,DOH,CDG,QA,J,1,2697.64
2025-10-28,DOH,CDG,QA,J,3,2623.25
2025-10-28,DOH,DXB,QA,F,2,4459.99
2025-10-28,DOH,JFK,FR,W,2,868.03
2025-10-28,DOH,DXB,QA,Y,2,535.32
2025-10-28,DOH,JFK,FR,J,1,3044.19
2025-10-28,DOH,CDG,UK,Y,1,523.07
2025-10-28,DOH,DXB,US,F,2,4420.31
2025-10-29,DOH,LHR,US,F,3,3895.58
2025-10-29,DOH,LHR,AE,W,3,928.29
2025-10-29,DOH,LHR,FR,J,1,2799.57
2025-10-29,DOH,LHR,US,J,5,2911.18
2025-10-29,DOH,DXB,QA,Y,7,759.0
2025-10-29,DOH,JFK,US,W,3,870.2
2025-10-29,DOH,JFK,AE,W,7,1185.69
2025-10-29,DOH,DXB,US,F,6,4838.32
2025-10-29,DOH,LHR,US,W,5,1112.67
2025-10-29,DOH,CDG,QA,J,1,2545.33
2025-10-29,DOH,JFK,UK,W,1,825.89
2025-10-29,DOH,LHR,FR,W,3,857.78
2025-10-29,DOH,CDG,UK,J,3,2545.2
2025-10-29,DOH,LHR,UK,Y,1,568.27
2025-10-29,DOH,JFK,US,F,3,4962.74
2025-10-29,DOH,CDG,US,J,6,3167.98
2025-10-29,DOH,DXB,UK,F,5,5351.95
2025-10-29,DOH,CDG,AE,Y,3,569.24
2025-10-29,DOH,DXB,UK,F,3,5206.46
2025-10-29,DOH,CDG,QA,F,3,5133.69
2025-10-29,DOH,JFK,UK,F,2,4260.58
2025-10-29,DOH,CDG,QA,Y,2,686.77
2025-10-29,DOH,JFK,FR,Y,1,701.09
2025-10-29,DOH,CDG,QA,Y,2,607.65
2025-10-29,DOH,CDG,QA,Y,4,880.56
2025-10-29,DOH,LHR,FR,Y,2,588.54
2025-10-29,DOH,LHR,US,Y,3,655.23
2025-10-29,DOH,DXB,QA,W,4,926.2
2025-10-29,DOH,DXB,FR,Y,6,770.33
2025-10-29,DOH,CDG,QA,F,4,5014.9
2025-10-29,DOH,DXB,US,F,3,4056.8
2025-10-29,DOH,DXB,QA,J,4,3144.94
2025-10-29,DOH,CDG,UK,W,4,967.4
2025-10-29,DOH,JFK,US,J,1,2331.48
2025-10-29,DOH,CDG,QA,J,1,1950.73
2025-10-29,DOH,CDG,FR,F,2,4468.63
2025-10-29,DOH,JFK,QA,Y,2,702.52
2025-10-29,DOH,DXB,FR,F,3,5487.64
2025-10-29,DOH,DXB,QA,J,4,2301.65
2025-10-29,DOH,JFK,UK,J,5,2618.23
2025-10-29,DOH,LHR,UK,Y,2,843.48
2025-10-29,DOH,LHR,US,W,1,1033.12
2025-10-29,DOH,DXB,UK,W,3,999.88
2025-10-29,DOH,LHR,QA,Y,3,766.56
2025-10-29,DOH,JFK,FR,F,2,3991.23
2025-10-29,DOH,CDG,UK,F,4,4212.9
2025-10-29,DOH,JFK,AE,W,3,913.14
2025-10-29,DOH,CDG,FR,F,2,5040.06
2025-10-29,DOH,LHR,QA,J,3,2835.58
2025-10-29,DOH,JFK,UK,W,2,1173.61
2025-10-29,DOH,JFK,QA,F,4,4127.53
2025-10-29,DOH,LHR,QA,F,4,5152.7
2025-10-29,DOH,JFK,QA,Y,5,603.55
2025-10-29,DOH,LHR,US,Y,2,505.61
2025-10-29,DOH,JFK,US,W,1,903.71
2025-10-29,DOH,JFK,AE,Y,9,519.64
2025-10-29,DOH,LHR,FR,F,2,4499.28
2025-10-29,DOH,JFK,QA,Y,2,649.66
2025-10-29,DOH,JFK,UK,W,1,1125.74
2025-10-29,DOH,DXB,US,F,4,5492.42
2025-10-30,DOH,LHR,FR,J,1,1822.1
2025-10-30,DOH,LHR,AE,J,1,2939.31
2025-10-30,DOH,JFK,UK,J,3,2405.07
2025-10-30,DOH,CDG,US,W,1,971.79
2025-10-30,DOH,DXB,FR,J,2,2604.59
2025-10-30,DOH,DXB,FR,W,5,1035.83
2025-10-30,DOH,CDG,UK,Y,2,848.69
2025-10-30,DOH,JFK,UK,J,4,2092.26
2025-10-30,DOH,DXB,FR,J,2,2444.73
2025-10-30,DOH,DXB,FR,Y,7,580.05
2025-10-30,DOH,CDG,QA,Y,2,846.55
2025-10-30,DOH,JFK,FR,J,2,2007.8
2025-10-30,DOH,JFK,QA,W,4,1052.59
2025-10-30,DOH,LHR,QA,J,3,2487.5
2025-10-30,DOH,LHR,QA,W,4,1039.9
2025-10-30,DOH,LHR,QA,W,3,969.3
2025-10-30,DOH,CDG,FR,W,4,1106.14
2025-10-30,DOH,CDG,QA,Y,5,603.38
2025-10-30,DOH,CDG,UK,J,1,2821.0
2025-10-30,DOH,CDG,US,J,2,2121.98
2025-10-30,DOH,CDG,FR,J,3,2435.77
2025-10-30,DOH,JFK,AE,F,3,4092.7
2025-10-30,DOH,CDG,US,F,6,3999.92
2025-10-30,DOH,LHR,UK,F,1,3995.15
2025-10-30,DOH,CDG,FR,W,1,850.09
2025-10-30,DOH,CDG,UK,Y,1,603.18
2025-10-30,DOH,LHR,QA,F,1,3615.08
2025-10-30,DOH,LHR,UK,J,3,2107.09
2025-10-30,DOH,CDG,UK,F,2,4826.9
2025-10-30,DOH,JFK,AE,Y,1,665.54
2025-10-30,DOH,DXB,QA,Y,3,738.87
2025-10-30,DOH,DXB,AE,W,1,1176.56
2025-10-30,DOH,JFK,QA,W,2,964.31
2025-10-30,DOH,JFK,FR,F,3,5457.1
2025-10-30,DOH,LHR,AE,J,2,2390.81
2025-10-30,DOH,JFK,QA,W,3,1034.8
2025-10-30,DOH,DXB,US,W,1,1078.82
2025-10-30,DOH,LHR,AE,W,4,809.53
2025-10-30,DOH,LHR,US,J,2,2925.24
2025-10-30,DOH,CDG,UK,J,8,3007.44
2025-10-30,DOH,DXB,UK,W,2,952.38
2025-10-30,DOH,LHR,FR,F,1,3752.63
2025-10-30,DOH,CDG,QA,J,2,2540.26
2025-10-30,DOH,DXB,US,J,6,3108.6
2025-10-30,DOH,JFK,UK,F,4,3936.76
2025-10-30,DOH,JFK,QA,F,1,4705.56
2025-10-30,DOH,DXB,AE,W,2,1036.37
2025-10-30,DOH,DXB,UK,Y,3,749.09
2025-10-30,DOH,JFK,FR,Y,3,761.41
2025-10-30,DOH,JFK,UK,W,2,835.68
2025-10-30,DOH,JFK,QA,Y,3,831.73
2025-10-30,DOH,CDG,UK,J,2,2886.11
2025-10-30,DOH,CDG,QA,F,3,5327.62
2025-10-30,DOH,DXB,US,J,1,2121.65
2025-10-30,DOH,LHR,FR,W,2,1054.72
2025-10-30,DOH,CDG,AE,J,2,2121.96
2025-10-30,DOH,DXB,FR,W,3,1107.56
2025-10-30,DOH,LHR,US,W,1,885.01
2025-10-30,DOH,DXB,QA,W,2,1105.41
2025-10-30,DOH,DXB,UK,Y,2,779.93
2025-10-31,DOH,LHR,AE,Y,5,725.54
2025-10-31,DOH,CDG,AE,J,3,2678.71
2025-10-31,DOH,DXB,UK,W,2,1037.78
2025-10-31,DOH,JFK,FR,Y,2,783.56
2025-10-31,DOH,LHR,QA,Y,5,797.37
2025-10-31,DOH,DXB,AE,F,3,5170.64
2025-10-31,DOH,LHR,UK,W,3,911.64
2025-10-31,DOH,CDG,UK,Y,3,866.34
2025-10-31,DOH,DXB,QA,J,3,3159.12
2025-10-31,DOH,DXB,AE,J,3,2788.65
2025-10-31,DOH,JFK,AE,Y,4,656.73
2025-10-31,DOH,JFK,UK,W,1,815.94
2025-10-31,DOH,LHR,AE,F,3,4910.2
2025-10-31,DOH,JFK,AE,Y,1,765.09
2025-10-31,DOH,LHR,US,F,5,3684.28
2025-10-31,DOH,JFK,US,F,3,3736.6
2025-10-31,DOH,DXB,US,Y,4,825.87
2025-10-31,DOH,CDG,US,W,5,1052.79
2025-10-31,DOH,LHR,US,F,2,4587.3
2025-10-31,DOH,CDG,UK,F,1,5022.76
2025-10-31,DOH,DXB,QA,Y,2,532.76
2025-10-31,DOH,CDG,QA,Y,7,610.69
2025-10-31,DOH,DXB,UK,F,5,4231.39
2025-10-31,DOH,CDG,FR,F,4,4933.84
2025-10-31,DOH,CDG,AE,Y,4,566.4
2025-10-31,DOH,DXB,QA,W,1,999.01
2025-10-31,DOH,LHR,UK,J,2,1955.86
2025-10-31,DOH,CDG,AE,F,1,4022.26
2025-10-31,DOH,LHR,US,Y,3,629.2
2025-10-31,DOH,JFK,UK,W,3,872.39
2025-10-31,DOH,DXB,US,Y,2,849.19
2025-10-31,DOH,JFK,QA,Y,3,897.84
2025-10-31,DOH,LHR,QA,Y,5,743.72
2025-10-31,DOH,LHR,AE,F,2,3636.74
2025-10-31,DOH,CDG,AE,J,1,2336.37
2025-10-31,DOH,LHR,FR,J,2,2829.66
2025-10-31,DOH,CDG,FR,J,3,2066.13
2025-10-31,DOH,DXB,QA,W,3,820.19
2025-10-31,DOH,DXB,US,W,1,885.6
2025-10-31,DOH,DXB,UK,Y,4,815.92
2025-10-31,DOH,LHR,UK,W,4,1151.13
2025-10-31,DOH,LHR,FR,W,1,867.34
2025-10-31,DOH,LHR,AE,W,2,1015.29
2025-10-31,DOH,CDG,AE,Y,6,877.12
2025-10-31,DOH,LHR,US,J,2,2609.51
2025-10-31,DOH,CDG,AE,W,1,1141.83
2025-10-31,DOH,JFK,US,W,6,1119.09
2025-10-31,DOH,DXB,UK,J,2,2411.46
2025-10-31,DOH,LHR,UK,J,3,3077.48
2025-10-31,DOH,DXB,UK,J,3,1944.79
2025-10-31,DOH,CDG,AE,J,7,2591.98
2025-10-31,DOH,JFK,US,W,1,1126.7
2025-10-31,DOH,CDG,US,Y,5,824.61
2025-10-31,DOH,JFK,AE,F,4,3717.63
2025-10-31,DOH,LHR,US,Y,7,795.13
2025-10-31,DOH,LHR,QA,Y,6,709.06
2025-10-31,DOH,JFK,UK,W,5,809.56
2025-10-31,DOH,LHR,FR,W,1,1151.8
2025-10-31,DOH,CDG,UK,F,1,3649.56
2025-10-31,DOH,CDG,AE,Y,7,510.67
2025-11-01,DOH,DXB,UK,W,1,1100.47
2025-11-01,DOH,CDG,UK,F,4,4652.29
2025-11-01,DOH,LHR,QA,F,4,4437.03
2025-11-01,DOH,DXB,QA,F,2,3591.68
2025-11-01,DOH,DXB,US,F,3,3888.97
2025-11-01,DOH,DXB,QA,Y,3,517.74
2025-11-01,DOH,JFK,US,Y,5,507.07
2025-11-01,DOH,CDG,QA,Y,2,528.31
2025-11-01,DOH,JFK,FR,J,2,3011.45
2025-11-01,DOH,LHR,AE,Y,3,622.64
2025-11-01,DOH,LHR,QA,F,1,5102.58
2025-11-01,DOH,DXB,FR,W,7,1188.43
2025-11-01,DOH,DXB,QA,Y,1,670.4
2025-11-01,DOH,DXB,US,Y,4,715.69
2025-11-01,DOH,DXB,US,Y,1,878.03
2025-11-01,DOH,LHR,AE,F,1,4334.92
2025-11-01,DOH,JFK,QA,J,5,2650.41
2025-11-01,DOH,DXB,AE,J,4,2985.08
2025-11-01,DOH,JFK,US,J,2,2335.47
2025-11-01,DOH,DXB,US,W,3,1160.43
2025-11-01,DOH,LHR,FR,W,1,1099.3
2025-11-01,DOH,LHR,FR,W,1,926.3
2025-11-01,DOH,JFK,UK,W,5,959.14
2025-11-01,DOH,CDG,QA,F,2,4406.0
2025-11-01,DOH,CDG,FR,W,3,1110.36
2025-11-01,DOH,CDG,UK,F,2,4928.51
2025-11-01,DOH,JFK,FR,W,2,880.93
2025-11-01,DOH,CDG,AE,W,1,1142.85
2025-11-01,DOH,LHR,AE,J,1,2323.74
2025-11-01,DOH,DXB,UK,F,4,4357.7
2025-11-01,DOH,LHR,UK,W,2,814.45
2025-11-01,DOH,JFK,AE,J,1,2913.93
2025-11-01,DOH,JFK,QA,F,1,5175.26
2025-11-01,DOH,DXB,QA,W,1,948.89
2025-11-01,DOH,LHR,US,Y,2,606.63
2025-11-01,DOH,CDG,QA,J,2,2818.79
2025-11-01,DOH,LHR,US,W,1,899.02
2025-11-01,DOH,CDG,UK,J,3,2681.39
2025-11-01,DOH,CDG,AE,Y,2,759.55
2025-11-01,DOH,DXB,AE,Y,4,532.05
2025-11-01,DOH,LHR,AE,F,6,4491.94
2025-11-01,DOH,LHR,UK,F,2,4534.26
2025-11-01,DOH,CDG,QA,F,5,4470.78
2025-11-01,DOH,LHR,AE,Y,2,889.01
2025-11-01,DOH,LHR,FR,Y,4,774.22
2025-11-01,DOH,JFK,QA,Y,4,597.25
2025-11-01,DOH,LHR,QA,J,1,2823.84
2025-11-01,DOH,CDG,QA,Y,5,673.48
2025-11-01,DOH,DXB,UK,J,2,2820.44
2025-11-01,DOH,DXB,AE,F,3,5249.49
2025-11-01,DOH,DXB,US,Y,1,645.31
2025-11-01,DOH,DXB,AE,W,5,1022.54
2025-11-01,DOH,JFK,QA,F,3,5486.72
2025-11-01,DOH,JFK,US,F,6,3875.0
2025-11-01,DOH,CDG,UK,W,2,1128.36
2025-11-01,DOH,DXB,US,W,2,1130.91
2025-11-01,DOH,LHR,UK,J,4,2405.2
2025-11-01,DOH,LHR,AE,J,3,3138.39
2025-11-01,DOH,CDG,UK,F,6,4754.72
2025-11-01,DOH,LHR,QA,W,1,1036.72
2025-11-02,DOH,CDG,UK,W,3,826.87
2025-11-02,DOH,CDG,US,Y,4,750.48
2025-11-02,DOH,JFK,QA,Y,2,873.91
2025-11-02,DOH,LHR,FR,J,1,2062.42
2025-11-02,DOH,CDG,UK,J,1,2728.67
2025-11-02,DOH,LHR,FR,J,1,2801.52
2025-11-02,DOH,DXB,FR,W,3,929.56
2025-11-02,DOH,CDG,FR,W,2,823.09
2025-11-02,DOH,LHR,QA,F,1,4513.89
2025-11-02,DOH,JFK,FR,W,2,833.76
2025-11-02,DOH,DXB,UK,F,4,4728.51
2025-11-02,DOH,CDG,US,F,5,5043.58
2025-11-02,DOH,CDG,FR,F,4,4705.31
2025-11-02,DOH,DXB,AE,J,1,2404.51
2025-11-02,DOH,CDG,QA,Y,2,720.25
2025-11-02,DOH,LHR,US,J,3,1911.49
2025-11-02,DOH,CDG,UK,F,1,4696.62
2025-11-02,DOH,LHR,US,J,5,3121.17
2025-11-02,DOH,JFK,US,Y,2,545.55
2025-11-02,DOH,CDG,US,F,1,4680.39
2025-11-02,DOH,JFK,AE,Y,4,531.45
2025-11-02,DOH,CDG,FR,Y,5,880.87
2025-11-02,DOH,CDG,FR,Y,5,652.17
2025-11-02,DOH,JFK,FR,Y,1,636.92
2025-11-02,DOH,JFK,US,W,3,914.57
2025-11-02,DOH,JFK,UK,J,4,1866.52
2025-11-02,DOH,DXB,AE,F,5,4940.82
2025-11-02,DOH,LHR,UK,F,1,3890.81
2025-11-02,DOH,CDG,FR,Y,2,889.64
2025-11-02,DOH,LHR,UK,Y,6,506.17
2025-11-02,DOH,JFK,UK,J,2,1821.51
2025-11-02,DOH,DXB,QA,J,1,2155.19
2025-11-02,DOH,DXB,AE,W,2,861.61
2025-11-02,DOH,LHR,AE,W,2,1166.18
2025-11-02,DOH,DXB,QA,J,1,1910.08
2025-11-02,DOH,CDG,FR,J,2,2468.76
2025-11-02,DOH,JFK,UK,W,3,1150.0
2025-11-02,DOH,CDG,US,W,6,1182.48
2025-11-02,DOH,CDG,AE,J,3,3023.96
2025-11-02,DOH,CDG,UK,J,4,2994.78
2025-11-02,DOH,CDG,UK,W,2,922.9
2025-11-02,DOH,CDG,US,Y,3,851.99
2025-11-02,DOH,JFK,UK,F,1,5112.55
2025-11-02,DOH,CDG,US,J,5,3005.15
2025-11-02,DOH,DXB,QA,J,1,2943.66
2025-11-02,DOH,JFK,FR,F,2,5033.79
2025-11-02,DOH,JFK,AE,F,6,4375.79
2025-11-02,DOH,LHR,US,F,8,5282.54
2025-11-02,DOH,LHR,AE,W,2,1045.25
2025-11-02,DOH,JFK,UK,J,2,2055.87
2025-11-02,DOH,CDG,US,F,5,3778.64
2025-11-02,DOH,DXB,QA,W,6,1085.86
2025-11-02,DOH,CDG,US,Y,6,673.3
2025-11-02,DOH,JFK,AE,W,2,977.87
2025-11-02,DOH,LHR,QA,F,2,4444.59
2025-11-02,DOH,DXB,AE,J,1,2370.47
2025-11-02,DOH,JFK,UK,J,5,2482.0
2025-11-02,DOH,LHR,QA,Y,1,573.0
2025-11-02,DOH,JFK,US,J,3,3099.27
2025-11-02,DOH,DXB,QA,F,3,4091.23
2025-11-03,DOH,CDG,QA,J,5,2463.61
2025-11-03,DOH,CDG,AE,F,4,3675.84
2025-11-03,DOH,CDG,AE,W,4,881.06
2025-11-03,DOH,JFK,UK,Y,4,685.2
2025-11-03,DOH,DXB,UK,J,2,2367.22
2025-11-03,DOH,LHR,QA,F,3,3547.87
2025-11-03,DOH,CDG,UK,F,2,4906.8
2025-11-03,DOH,LHR,US,J,2,3092.14
2025-11-03,DOH,DXB,US,Y,5,861.81
2025-11-03,DOH,JFK,US,F,2,4584.61
2025-11-03,DOH,CDG,AE,F,3,5325.5
2025-11-03,DOH,DXB,AE,Y,4,578.8
2025-11-03,DOH,JFK,FR,W,1,1143.98
2025-11-03,DOH,LHR,FR,F,5,4077.34
2025-11-03,DOH,CDG,US,Y,4,687.55
2025-11-03,DOH,DXB,UK,F,1,5383.87
2025-11-03,DOH,DXB,FR,Y,1,777.04
2025-11-03,DOH,CDG,FR,W,1,1009.36
2025-11-03,DOH,CDG,US,W,2,1138.49
2025-11-03,DOH,CDG,UK,F,1,4589.75
2025-11-03,DOH,JFK,UK,F,2,4467.31
2025-11-03,DOH,DXB,US,Y,1,603.19
2025-11-03,DOH,LHR,FR,J,2,2238.34
2025-11-03,DOH,DXB,FR,J,2,2222.92
2025-11-03,DOH,JFK,AE,W,1,1071.51
2025-11-03,DOH,JFK,US,F,6,4323.51
2025-11-03,DOH,CDG,FR,W,3,1186.37
2025-11-03,DOH,JFK,AE,F,3,3704.39
2025-11-03,DOH,DXB,US,J,5,2482.79
2025-11-03,DOH,LHR,US,W,3,1063.65
2025-11-03,DOH,CDG,US,W,3,949.98
2025-11-03,DOH,JFK,QA,F,5,4860.1
2025-11-03,DOH,CDG,FR,J,7,2730.64
2025-11-03,DOH,DXB,FR,F,6,5149.59
2025-11-03,DOH,CDG,QA,F,2,4601.32
2025-11-03,DOH,CDG,QA,J,3,3048.56
2025-11-03,DOH,CDG,FR,F,3,3990.74
2025-11-03,DOH,LHR,QA,J,2,2921.52
2025-11-03,DOH,LHR,FR,W,1,966.59
2025-11-03,DOH,DXB,AE,F,2,3736.99
2025-11-03,DOH,LHR,FR,Y,4,687.86
2025-11-03,DOH,CDG,FR,Y,5,677.52
2025-11-03,DOH,JFK,US,F,1,4068.87
2025-11-03,DOH,JFK,QA,Y,6,897.21
2025-11-03,DOH,LHR,AE,W,3,1194.35
2025-11-03,DOH,LHR,FR,Y,1,534.45
2025-11-03,DOH,LHR,US,Y,5,590.72
2025-11-03,DOH,CDG,QA,Y,4,508.39
2025-11-03,DOH,LHR,AE,F,3,4869.14
2025-11-03,DOH,DXB,US,F,1,4581.28
2025-11-03,DOH,DXB,AE,W,4,982.15
2025-11-03,DOH,DXB,US,J,4,2239.25
2025-11-03,DOH,LHR,UK,J,1,2018.92
2025-11-03,DOH,LHR,AE,W,5,1046.31
2025-11-03,DOH,JFK,AE,W,2,1040.23
2025-11-03,DOH,JFK,US,W,2,1131.7
2025-11-03,DOH,JFK,FR,J,6,2353.93
2025-11-03,DOH,CDG,AE,Y,2,789.22
2025-11-03,DOH,LHR,QA,W,2,964.49
2025-11-03,DOH,JFK,US,W,3,1119.55
2025-11-04,DOH,JFK,UK,W,3,971.57
2025-11-04,DOH,JFK,FR,J,3,2995.08
2025-11-04,DOH,LHR,UK,Y,7,556.36
2025-11-04,DOH,CDG,AE,F,6,5276.15
2025-11-04,DOH,CDG,AE,W,1,962.69
2025-11-04,DOH,LHR,FR,W,4,1153.5
2025-11-04,DOH,DXB,AE,J,2,2146.31
2025-11-04,DOH,LHR,US,J,3,2210.51
2025-11-04,DOH,CDG,UK,J,1,3141.31
2025-11-04,DOH,CDG,UK,Y,1,605.69
2025-11-04,DOH,JFK,QA,J,1,3137.48
2025-11-04,DOH,JFK,FR,F,5,4164.78
2025-11-04,DOH,CDG,FR,J,6,2264.14
2025-11-04,DOH,CDG,AE,F,1,4209.67
2025-11-04,DOH,CDG,FR,J,3,1916.45
2025-11-04,DOH,JFK,US,Y,5,692.69
2025-11-04,DOH,LHR,US,W,2,936.96
2025-11-04,DOH,JFK,US,F,6,3950.44
2025-11-04,DOH,CDG,UK,W,3,982.17
2025-11-04,DOH,CDG,AE,Y,6,613.5
2025-11-04,DOH,LHR,US,W,3,1159.84
2025-11-04,DOH,DXB,US,J,2,1911.45
2025-11-04,DOH,DXB,UK,F,4,5275.7
2025-11-04,DOH,LHR,FR,Y,3,648.8
2025-11-04,DOH,JFK,AE,W,2,946.79
2025-11-04,DOH,LHR,QA,F,2,5262.08
2025-11-04,DOH,JFK,QA,Y,2,627.86
2025-11-04,DOH,CDG,UK,Y,1,582.26
2025-11-04,DOH,DXB,UK,Y,1,757.95
2025-11-04,DOH,JFK,US,W,3,1061.14
2025-11-04,DOH,DXB,UK,Y,5,873.73
2025-11-04,DOH,DXB,UK,F,1,3875.71
2025-11-04,DOH,CDG,QA,W,2,1056.36
2025-11-04,DOH,DXB,US,J,4,2261.92
2025-11-04,DOH,DXB,QA,Y,5,528.19
2025-11-04,DOH,JFK,UK,W,4,1077.94
2025-11-04,DOH,CDG,FR,F,1,5044.49
2025-11-04,DOH,LHR,QA,F,2,5011.4
2025-11-04,DOH,CDG,FR,J,3,1863.08
2025-11-04,DOH,LHR,QA,Y,1,713.45
2025-11-04,DOH,JFK,UK,W,1,810.0
2025-11-04,DOH,CDG,US,W,1,1108.38
2025-11-04,DOH,CDG,FR,F,1,5072.04
2025-11-04,DOH,CDG,UK,F,2,5266.26
2025-11-04,DOH,CDG,UK,J,4,3101.89
2025-11-04,DOH,LHR,UK,W,4,1076.58
2025-11-04,DOH,CDG,FR,W,7,974.04
2025-11-04,DOH,JFK,FR,J,2,3156.25
2025-11-04,DOH,DXB,UK,W,5,1095.51
2025-11-04,DOH,JFK,QA,Y,4,607.25
2025-11-04,DOH,CDG,AE,W,4,1104.43
2025-11-04,DOH,DXB,FR,Y,2,812.49
2025-11-04,DOH,LHR,US,F,4,3719.27
2025-11-04,DOH,CDG,US,J,4,2511.37
2025-11-04,DOH,DXB,US,J,1,2533.48
2025-11-04,DOH,LHR,US,J,2,2077.83
2025-11-04,DOH,LHR,FR,J,1,2400.04
2025-11-04,DOH,LHR,UK,F,5,4555.31
2025-11-04,DOH,JFK,FR,F,4,5055.84
2025-11-04,DOH,CDG,UK,J,2,2436.74
2025-11-05,DOH,DXB,US,W,5,1163.0
2025-11-05,DOH,DXB,AE,W,1,916.08
2025-11-05,DOH,DXB,AE,J,3,2696.0
2025-11-05,DOH,DXB,US,W,4,860.95
2025-11-05,DOH,DXB,AE,J,4,3022.6
2025-11-05,DOH,CDG,QA,Y,1,841.97
2025-11-05,DOH,JFK,UK,W,2,1138.63
2025-11-05,DOH,LHR,UK,J,2,2271.87
2025-11-05,DOH,DXB,FR,J,4,2507.48
2025-11-05,DOH,DXB,FR,J,5,2662.19
2025-11-05,DOH,LHR,QA,J,4,2048.94
2025-11-05,DOH,DXB,US,J,2,2371.39
2025-11-05,DOH,CDG,QA,W,5,1055.57
2025-11-05,DOH,LHR,QA,W,2,994.23
2025-11-05,DOH,JFK,QA,J,4,3198.1
2025-11-05,DOH,CDG,AE,Y,4,773.11
2025-11-05,DOH,LHR,UK,Y,4,592.24
2025-11-05,DOH,JFK,QA,J,2,2079.76
2025-11-05,DOH,DXB,UK,J,3,2130.33
2025-11-05,DOH,LHR,QA,F,3,4994.31
2025-11-05,DOH,JFK,FR,Y,1,701.82
2025-11-05,DOH,CDG,UK,J,3,2805.06
2025-11-05,DOH,DXB,UK,F,5,3566.4
2025-11-05,DOH,CDG,UK,F,5,4933.41
2025-11-05,DOH,DXB,FR,J,3,2925.98
2025-11-05,DOH,DXB,FR,W,4,1004.72
2025-11-05,DOH,CDG,UK,J,4,2254.27
2025-11-05,DOH,LHR,US,J,3,2127.28
2025-11-05,DOH,JFK,FR,W,4,864.82
2025-11-05,DOH,JFK,FR,W,2,1087.02
2025-11-05,DOH,LHR,AE,W,4,822.2
2025-11-05,DOH,JFK,FR,W,5,1010.65
2025-11-05,DOH,CDG,QA,F,3,4004.29
2025-11-05,DOH,LHR,FR,F,2,3941.98
2025-11-05,DOH,LHR,FR,F,3,3935.52
2025-11-05,DOH,CDG,US,Y,1,593.04
2025-11-05,DOH,JFK,UK,F,4,4044.68
2025-11-05,DOH,JFK,US,F,1,5325.62
2025-11-05,DOH,LHR,AE,W,3,901.66
2025-11-05,DOH,LHR,AE,J,1,3155.49
2025-11-05,DOH,DXB,FR,Y,4,722.61
2025-11-05,DOH,DXB,AE,J,6,2510.29
2025-11-05,DOH,JFK,UK,Y,2,782.35
2025-11-05,DOH,JFK,US,J,6,2496.28
2025-11-05,DOH,LHR,US,Y,4,822.76
2025-11-05,DOH,LHR,UK,Y,3,568.62
2025-11-05,DOH,CDG,FR,Y,2,734.61
2025-11-05,DOH,JFK,UK,J,5,2403.08
2025-11-05,DOH,DXB,FR,W,4,1041.24
2025-11-05,DOH,JFK,AE,Y,3,718.56
2025-11-05,DOH,LHR,QA,J,1,2638.45
2025-11-05,DOH,JFK,AE,W,2,1191.96
2025-11-05,DOH,CDG,FR,W,2,804.98
2025-11-05,DOH,CDG,FR,W,1,1093.12
2025-11-05,DOH,DXB,AE,J,1,2064.01
2025-11-05,DOH,DXB,QA,Y,4,702.47
2025-11-05,DOH,DXB,AE,J,3,2392.4
2025-11-05,DOH,LHR,FR,W,3,803.43
2025-11-05,DOH,CDG,US,F,1,5354.92
2025-11-05,DOH,LHR,UK,F,1,4830.23
2025-11-06,DOH,LHR,US,J,1,2359.46
2025-11-06,DOH,DXB,AE,J,1,2945.55
2025-11-06,DOH,CDG,AE,J,3,2334.27
2025-11-06,DOH,DXB,QA,W,4,1134.17
2025-11-06,DOH,JFK,QA,W,2,1110.18
2025-11-06,DOH,CDG,UK,W,3,896.61
2025-11-06,DOH,CDG,UK,Y,2,859.07
2025-11-06,DOH,CDG,US,W,8,917.37
2025-11-06,DOH,LHR,AE,Y,3,734.68
2025-11-06,DOH,DXB,QA,W,1,906.08
2025-11-06,DOH,DXB,US,Y,6,771.93
2025-11-06,DOH,CDG,AE,Y,6,631.28
2025-11-06,DOH,DXB,FR,J,3,2121.04
2025-11-06,DOH,LHR,FR,J,3,2999.31
2025-11-06,DOH,LHR,FR,F,2,3737.44
2025-11-06,DOH,CDG,QA,F,1,4301.86
2025-11-06,DOH,DXB,QA,Y,2,701.39
2025-11-06,DOH,CDG,AE,Y,3,799.54
2025-11-06,DOH,JFK,AE,F,3,4089.21
2025-11-06,DOH,LHR,UK,Y,2,791.97
2025-11-06,DOH,JFK,US,J,1,2175.84
2025-11-06,DOH,DXB,QA,F,3,3588.06
2025-11-06,DOH,LHR,UK,J,2,2452.07
2025-11-06,DOH,LHR,US,Y,2,562.09
2025-11-06,DOH,DXB,UK,F,3,5271.13
2025-11-06,DOH,DXB,AE,W,1,921.61
2025-11-06,DOH,JFK,US,F,4,4607.99
2025-11-06,DOH,JFK,FR,Y,3,804.01
2025-11-06,DOH,JFK,FR,Y,6,854.57
2025-11-06,DOH,LHR,QA,W,4,1186.37
2025-11-06,DOH,JFK,UK,W,2,968.23
2025-11-06,DOH,LHR,AE,J,2,2977.28
2025-11-06,DOH,JFK,FR,Y,6,772.2
2025-11-06,DOH,CDG,QA,Y,1,513.86
2025-11-06,DOH,CDG,QA,Y,2,535.59
2025-11-06,DOH,LHR,FR,J,2,2260.09
2025-11-06,DOH,DXB,AE,Y,4,703.02
2025-11-06,DOH,JFK,QA,W,3,857.31
2025-11-06,DOH,JFK,UK,F,2,4163.62
2025-11-06,DOH,JFK,AE,F,7,5150.73
2025-11-06,DOH,DXB,US,Y,7,713.3
2025-11-06,DOH,DXB,FR,Y,5,753.22
2025-11-06,DOH,DXB,QA,W,3,1008.75
2025-11-06,DOH,JFK,US,J,4,2021.0
2025-11-06,DOH,LHR,QA,F,1,3576.95
2025-11-06,DOH,LHR,AE,J,1,2999.27
2025-11-06,DOH,DXB,US,J,2,2923.07
2025-11-06,DOH,JFK,US,Y,6,554.66
2025-11-06,DOH,LHR,US,J,3,2625.06
2025-11-06,DOH,DXB,UK,W,4,1141.87
2025-11-06,DOH,CDG,QA,J,2,2004.82
2025-11-06,DOH,JFK,US,J,1,2342.22
2025-11-06,DOH,DXB,US,F,2,4612.55
2025-11-06,DOH,DXB,QA,J,1,3167.57
2025-11-06,DOH,CDG,UK,J,3,2380.17
2025-11-06,DOH,DXB,AE,F,1,5324.29
2025-11-06,DOH,JFK,US,F,3,5317.54
2025-11-06,DOH,CDG,UK,J,2,2063.06
2025-11-06,DOH,JFK,AE,F,2,3805.95
2025-11-06,DOH,LHR,QA,F,4,3753.41
2025-11-07,DOH,JFK,FR,Y,2,543.83
2025-11-07,DOH,JFK,FR,W,6,1084.94
2025-11-07,DOH,DXB,QA,J,3,3052.0
2025-11-07,DOH,DXB,US,W,2,1147.83
2025-11-07,DOH,CDG,FR,W,1,987.95
2025-11-07,DOH,LHR,US,J,4,2556.76
2025-11-07,DOH,LHR,UK,F,1,4900.33
2025-11-07,DOH,CDG,AE,W,5,922.85
2025-11-07,DOH,JFK,FR,W,3,1010.57
2025-11-07,DOH,JFK,US,F,2,4104.98
2025-11-07,DOH,CDG,QA,W,4,1110.72
2025-11-07,DOH,JFK,FR,F,2,4680.45
2025-11-07,DOH,JFK,QA,Y,2,727.55
2025-11-07,DOH,DXB,FR,J,6,1933.49
2025-11-07,DOH,CDG,QA,W,4,989.36
2025-11-07,DOH,JFK,AE,Y,2,781.36
2025-11-07,DOH,LHR,FR,W,7,857.56
2025-11-07,DOH,CDG,FR,Y,1,559.85
2025-11-07,DOH,LHR,QA,F,1,4992.56
2025-11-07,DOH,LHR,UK,J,4,2324.84
2025-11-07,DOH,JFK,AE,W,1,976.85
2025-11-07,DOH,LHR,UK,Y,6,510.29
2025-11-07,DOH,LHR,FR,J,6,2663.8
2025-11-07,DOH,LHR,QA,J,2,2683.74
2025-11-07,DOH,CDG,QA,J,3,2288.11
2025-11-07,DOH,LHR,US,J,2,2909.69
2025-11-07,DOH,LHR,AE,Y,2,820.43
2025-11-07,DOH,JFK,QA,J,1,2112.8
2025-11-07,DOH,LHR,FR,Y,3,762.53
2025-11-07,DOH,LHR,US,F,2,4292.48
2025-11-07,DOH,DXB,AE,Y,3,673.44
2025-11-07,DOH,CDG,FR,F,4,5453.76
2025-11-07,DOH,JFK,FR,J,2,1810.79
2025-11-07,DOH,JFK,FR,Y,3,772.64
2025-11-07,DOH,JFK,UK,Y,4,683.21
2025-11-07,DOH,CDG,AE,J,4,2597.08
2025-11-07,DOH,LHR,QA,Y,3,758.19
2025-11-07,DOH,JFK,UK,Y,4,501.86
2025-11-07,DOH,LHR,UK,J,3,3071.97
2025-11-07,DOH,JFK,FR,W,3,1068.91
2025-11-07,DOH,CDG,AE,W,5,811.13
2025-11-07,DOH,CDG,AE,W,3,887.74
2025-11-07,DOH,LHR,US,Y,3,578.44
2025-11-07,DOH,LHR,UK,F,2,3626.65
2025-11-07,DOH,JFK,AE,J,1,1928.67
2025-11-07,DOH,DXB,US,J,4,2561.54
2025-11-07,DOH,DXB,QA,W,4,997.94
2025-11-07,DOH,LHR,AE,J,4,2463.84
2025-11-07,DOH,CDG,QA,W,2,1104.94
2025-11-07,DOH,CDG,QA,W,7,948.97
2025-11-07,DOH,JFK,US,J,5,2796.6
2025-11-07,DOH,LHR,UK,J,1,2409.16
2025-11-07,DOH,JFK,AE,Y,5,795.38
2025-11-07,DOH,LHR,QA,J,3,2872.63
2025-11-07,DOH,CDG,QA,F,1,4894.81
2025-11-07,DOH,LHR,US,J,2,2139.86
2025-11-07,DOH,DXB,FR,W,3,976.59
2025-11-07,DOH,LHR,FR,F,2,4552.48
2025-11-07,DOH,CDG,QA,F,4,4484.02
2025-11-07,DOH,LHR,FR,Y,3,655.14
2025-11-08,DOH,DXB,US,Y,5,661.88
2025-11-08,DOH,CDG,UK,Y,4,865.26
2025-11-08,DOH,CDG,US,Y,4,596.21
2025-11-08,DOH,JFK,QA,J,2,2464.48
2025-11-08,DOH,CDG,QA,J,3,2337.84
2025-11-08,DOH,CDG,US,J,2,2589.63
2025-11-08,DOH,JFK,UK,J,2,1809.8
2025-11-08,DOH,CDG,QA,Y,4,585.52
2025-11-08,DOH,DXB,QA,J,1,2733.47
2025-11-08,DOH,CDG,FR,W,2,1126.67
2025-11-08,DOH,CDG,AE,J,4,2706.04
2025-11-08,DOH,LHR,US,F,8,5217.74
2025-11-08,DOH,LHR,UK,Y,1,856.78
2025-11-08,DOH,JFK,QA,F,2,5416.63
2025-11-08,DOH,LHR,AE,Y,4,856.72
2025-11-08,DOH,CDG,AE,J,4,2497.31
2025-11-08,DOH,JFK,AE,Y,1,863.42
2025-11-08,DOH,DXB,FR,W,2,1041.01
2025-11-08,DOH,CDG,AE,J,5,2694.63
2025-11-08,DOH,LHR,FR,Y,2,613.6
2025-11-08,DOH,JFK,UK,W,1,1019.69
2025-11-08,DOH,CDG,QA,Y,4,759.51
2025-11-08,DOH,CDG,US,W,2,831.95
2025-11-08,DOH,JFK,US,Y,2,608.7
2025-11-08,DOH,JFK,US,J,2,2168.63
2025-11-08,DOH,JFK,US,W,3,1106.08
2025-11-08,DOH,JFK,QA,W,1,929.17
2025-11-08,DOH,JFK,QA,W,4,841.34
2025-11-08,DOH,DXB,UK,F,3,3803.48
2025-11-08,DOH,CDG,UK,Y,2,782.67
2025-11-08,DOH,DXB,QA,F,2,4428.11
2025-11-08,DOH,CDG,US,W,3,1055.03
2025-11-08,DOH,CDG,US,J,5,2079.58
2025-11-08,DOH,LHR,QA,J,4,2686.25
2025-11-08,DOH,JFK,UK,Y,7,729.04
2025-11-08,DOH,DXB,AE,F,3,4411.08
2025-11-08,DOH,DXB,UK,W,1,1082.51
2025-11-08,DOH,LHR,US,F,2,3743.19
2025-11-08,DOH,DXB,US,Y,4,525.19
2025-11-08,DOH,DXB,QA,J,4,2108.32
2025-11-08,DOH,JFK,UK,Y,3,866.85
2025-11-08,DOH,LHR,QA,W,3,1093.09
2025-11-08,DOH,LHR,US,J,2,2016.14
2025-11-08,DOH,DXB,US,F,5,3503.35
2025-11-08,DOH,CDG,FR,F,3,5193.34
2025-11-08,DOH,JFK,US,W,4,1142.47
2025-11-08,DOH,CDG,UK,Y,5,780.52
2025-11-08,DOH,DXB,QA,J,2,2747.53
2025-11-08,DOH,CDG,QA,W,1,840.27
2025-11-08,DOH,CDG,FR,W,4,916.32
2025-11-08,DOH,LHR,AE,J,2,1824.09
2025-11-08,DOH,JFK,FR,Y,3,634.33
2025-11-08,DOH,JFK,AE,J,2,2452.54
2025-11-08,DOH,LHR,FR,Y,2,701.36
2025-11-08,DOH,DXB,QA,F,3,4395.5
2025-11-08,DOH,LHR,US,F,2,3731.36
2025-11-08,DOH,LHR,US,Y,1,615.09
2025-11-08,DOH,JFK,QA,F,2,5169.2
2025-11-08,DOH,LHR,US,W,3,1171.31
2025-11-08,DOH,CDG,UK,J,2,2574.33
2025-11-09,DOH,JFK,US,W,2,1189.85
2025-11-09,DOH,CDG,US,F,1,3896.76
2025-11-09,DOH,DXB,FR,W,5,1144.56
2025-11-09,DOH,JFK,US,J,5,2499.97
2025-11-09,DOH,JFK,UK,F,3,4730.67
2025-11-09,DOH,CDG,QA,W,5,985.35
2025-11-09,DOH,CDG,UK,F,1,4744.98
2025-11-09,DOH,LHR,UK,J,6,3048.01
2025-11-09,DOH,JFK,UK,J,3,2626.11
2025-11-09,DOH,DXB,US,F,5,4985.91
2025-11-09,DOH,JFK,UK,F,6,4967.72
2025-11-09,DOH,LHR,US,J,1,2456.16
2025-11-09,DOH,DXB,AE,Y,1,857.95
2025-11-09,DOH,LHR,FR,F,4,5033.15
2025-11-09,DOH,CDG,QA,Y,2,862.85
2025-11-09,DOH,DXB,QA,F,4,4903.7
2025-11-09,DOH,JFK,FR,F,3,4838.21
2025-11-09,DOH,DXB,FR,F,4,5355.89
2025-11-09,DOH,JFK,QA,Y,4,844.13
2025-11-09,DOH,LHR,US,W,3,1062.49
2025-11-09,DOH,CDG,QA,Y,1,788.1
2025-11-09,DOH,DXB,UK,W,5,1149.46
2025-11-09,DOH,LHR,FR,F,1,4938.63
2025-11-09,DOH,LHR,AE,J,2,1875.19
2025-11-09,DOH,LHR,QA,Y,5,627.35
2025-11-09,DOH,JFK,QA,W,3,1112.08
2025-11-09,DOH,DXB,UK,F,3,4439.0
2025-11-09,DOH,CDG,US,J,4,1910.37
2025-11-09,DOH,DXB,UK,Y,3,729.41
2025-11-09,DOH,DXB,QA,J,2,2947.65
2025-11-09,DOH,JFK,UK,J,4,2520.09
2025-11-09,DOH,LHR,AE,Y,3,603.76
2025-11-09,DOH,DXB,QA,Y,6,576.58
2025-11-09,DOH,DXB,FR,J,1,2128.36
2025-11-09,DOH,CDG,FR,Y,2,793.15
2025-11-09,DOH,CDG,FR,Y,5,526.15
2025-11-09,DOH,JFK,QA,Y,1,571.2
2025-11-09,DOH,JFK,UK,Y,2,859.26
2025-11-09,DOH,CDG,FR,F,1,3777.73
2025-11-09,DOH,DXB,AE,J,1,2900.32
2025-11-09,DOH,LHR,UK,J,4,1848.07
2025-11-09,DOH,DXB,QA,W,2,946.97
2025-11-09,DOH,DXB,AE,Y,4,557.78
2025-11-09,DOH,LHR,AE,W,4,905.98
2025-11-09,DOH,LHR,AE,Y,3,552.55
2025-11-09,DOH,DXB,QA,F,3,3996.05
2025-11-09,DOH,LHR,UK,Y,2,560.89
2025-11-09,DOH,LHR,UK,W,5,867.27
2025-11-09,DOH,LHR,FR,J,1,3034.25
2025-11-09,DOH,CDG,UK,F,2,3668.06
2025-11-09,DOH,DXB,FR,F,7,3531.75
2025-11-09,DOH,JFK,FR,Y,3,870.44
2025-11-09,DOH,JFK,US,Y,7,847.03
2025-11-09,DOH,JFK,FR,Y,2,765.87
2025-11-09,DOH,JFK,UK,F,5,4694.4
2025-11-09,DOH,JFK,US,W,1,1011.37
2025-11-09,DOH,LHR,US,F,6,4845.0
2025-11-09,DOH,JFK,FR,J,4,2882.77
2025-11-09,DOH,DXB,FR,W,1,824.24
2025-11-09,DOH,CDG,QA,W,2,1100.44
2025-11-10,DOH,CDG,US,F,5,3889.44
2025-11-10,DOH,CDG,FR,W,3,1095.43
2025-11-10,DOH,LHR,US,Y,1,586.91
2025-11-10,DOH,DXB,QA,Y,1,820.48
2025-11-10,DOH,JFK,FR,F,2,4982.98
2025-11-10,DOH,DXB,UK,F,5,4659.59
2025-11-10,DOH,CDG,FR,W,4,873.79
2025-11-10,DOH,JFK,AE,F,4,4105.79
2025-11-10,DOH,CDG,AE,W,3,989.54
2025-11-10,DOH,LHR,FR,J,3,2712.67
2025-11-10,DOH,JFK,UK,J,2,2925.75
2025-11-10,DOH,CDG,AE,W,2,1107.11
2025-11-10,DOH,DXB,UK,Y,5,692.26
2025-11-10,DOH,DXB,US,Y,6,532.52
2025-11-10,DOH,DXB,UK,Y,4,678.28
2025-11-10,DOH,JFK,FR,J,4,2612.2
2025-11-10,DOH,JFK,FR,Y,5,642.18
2025-11-10,DOH,CDG,US,Y,6,667.09
2025-11-10,DOH,LHR,AE,W,2,922.89
2025-11-10,DOH,DXB,FR,Y,2,768.96
2025-11-10,DOH,LHR,UK,W,1,1086.93
2025-11-10,DOH,DXB,UK,F,5,5437.77
2025-11-10,DOH,DXB,FR,J,2,2334.57
2025-11-10,DOH,DXB,US,Y,7,510.27
2025-11-10,DOH,DXB,US,J,2,2631.42
2025-11-10,DOH,CDG,US,F,1,4420.05
2025-11-10,DOH,CDG,QA,Y,2,583.51
2025-11-10,DOH,DXB,US,Y,2,674.56
2025-11-10,DOH,JFK,AE,J,4,2478.63
2025-11-10,DOH,CDG,US,J,2,1897.9
2025-11-10,DOH,CDG,AE,J,4,2386.79
2025-11-10,DOH,LHR,UK,Y,3,706.41
2025-11-10,DOH,LHR,AE,F,3,4635.81
2025-11-10,DOH,DXB,AE,J,1,3045.78
2025-11-10,DOH,DXB,QA,J,4,2087.98
2025-11-10,DOH,LHR,UK,W,1,953.55
2025-11-10,DOH,CDG,US,W,4,1163.54
2025-11-10,DOH,LHR,QA,W,4,927.1
2025-11-10,DOH,JFK,AE,Y,3,723.21
2025-11-10,DOH,JFK,US,F,3,4551.23
2025-11-10,DOH,LHR,UK,J,8,2691.65
2025-11-10,DOH,CDG,FR,W,2,1037.34
2025-11-10,DOH,LHR,QA,W,1,1056.39
2025-11-10,DOH,CDG,US,F,3,3863.42
2025-11-10,DOH,LHR,US,F,1,4975.19
2025-11-10,DOH,JFK,QA,J,2,2711.85
2025-11-10,DOH,JFK,FR,F,2,4403.59
2025-11-10,DOH,DXB,UK,W,4,1189.75
2025-11-10,DOH,DXB,FR,W,4,1003.09
2025-11-10,DOH,CDG,AE,J,3,2914.15
2025-11-10,DOH,CDG,QA,Y,6,550.95
2025-11-10,DOH,LHR,QA,J,6,2648.2
2025-11-10,DOH,LHR,QA,F,7,5495.81
2025-11-10,DOH,DXB,US,Y,4,599.79
2025-11-10,DOH,CDG,US,Y,1,753.33
2025-11-10,DOH,DXB,FR,Y,1,566.8
2025-11-10,DOH,DXB,AE,J,2,2613.09
2025-11-10,DOH,CDG,QA,W,5,863.9
2025-11-10,DOH,JFK,UK,W,2,934.0
2025-11-10,DOH,CDG,UK,J,3,2639.98
2025-11-11,DOH,CDG,FR,J,7,2727.44
2025-11-11,DOH,CDG,QA,Y,1,559.03
2025-11-11,DOH,LHR,US,J,3,2727.44
2025-11-11,DOH,CDG,AE,W,3,1053.23
2025-11-11,DOH,DXB,UK,W,2,1010.79
2025-11-11,DOH,LHR,AE,Y,2,574.28
2025-11-11,DOH,LHR,US,W,5,988.46
2025-11-11,DOH,JFK,AE,J,2,2385.12
2025-11-11,DOH,CDG,QA,Y,3,665.6
2025-11-11,DOH,CDG,FR,W,3,998.8
2025-11-11,DOH,JFK,AE,Y,2,598.64
2025-11-11,DOH,DXB,AE,W,4,860.82
2025-11-11,DOH,CDG,UK,W,3,1192.84
2025-11-11,DOH,LHR,US,J,3,2140.91
2025-11-11,DOH,CDG,UK,Y,1,592.3
2025-11-11,DOH,DXB,FR,J,1,2166.56
2025-11-11,DOH,CDG,QA,J,6,3088.19
2025-11-11,DOH,DXB,US,Y,2,508.26
2025-11-11,DOH,DXB,AE,Y,3,846.39
2025-11-11,DOH,LHR,FR,J,4,2373.33
2025-11-11,DOH,DXB,US,W,4,999.69
2025-11-11,DOH,DXB,AE,J,2,2650.1
2025-11-11,DOH,JFK,US,W,2,1178.31
2025-11-11,DOH,DXB,US,W,3,833.05
2025-11-11,DOH,CDG,US,J,1,1983.56
2025-11-11,DOH,JFK,FR,Y,4,875.69
2025-11-11,DOH,JFK,QA,J,2,2997.74
2025-11-11,DOH,CDG,AE,Y,3,825.32
2025-11-11,DOH,CDG,UK,W,4,1184.37
2025-11-11,DOH,DXB,AE,F,4,4499.35
2025-11-11,DOH,JFK,AE,F,5,4210.7
2025-11-11,DOH,JFK,UK,Y,4,749.36
2025-11-11,DOH,CDG,AE,W,1,922.63
2025-11-11,DOH,DXB,FR,J,2,3122.16
2025-11-11,DOH,CDG,QA,W,4,1084.34
2025-11-11,DOH,DXB,QA,F,3,4047.26
2025-11-11,DOH,CDG,US,Y,3,897.85
2025-11-11,DOH,JFK,UK,W,1,1022.67
2025-11-11,DOH,DXB,FR,F,5,4850.07
2025-11-11,DOH,JFK,FR,J,3,2956.91
2025-11-11,DOH,LHR,FR,Y,6,649.13
2025-11-11,DOH,DXB,QA,F,1,3936.78
2025-11-11,DOH,LHR,AE,W,4,1141.71
2025-11-11,DOH,CDG,QA,F,5,5162.18
2025-11-11,DOH,JFK,US,J,3,2565.15
2025-11-11,DOH,JFK,AE,J,4,2922.58
2025-11-11,DOH,DXB,US,F,1,4751.64
2025-11-11,DOH,LHR,US,J,5,1920.51
2025-11-11,DOH,CDG,QA,F,2,3913.98
2025-11-11,DOH,LHR,FR,W,2,1175.18
2025-11-11,DOH,DXB,UK,Y,1,869.74
2025-11-11,DOH,JFK,UK,F,2,4388.77
2025-11-11,DOH,DXB,FR,Y,4,735.58
2025-11-11,DOH,LHR,UK,Y,1,880.59
2025-11-11,DOH,CDG,FR,F,1,4862.41
2025-11-11,DOH,CDG,US,J,4,2064.76
2025-11-11,DOH,JFK,US,F,5,5112.45
2025-11-11,DOH,CDG,UK,W,3,1129.58
2025-11-11,DOH,DXB,QA,Y,3,504.15
2025-11-11,DOH,LHR,US,W,3,1087.38
2025-11-12,DOH,LHR,AE,F,2,3831.16
2025-11-12,DOH,JFK,US,J,4,2559.71
2025-11-12,DOH,DXB,QA,F,5,4910.55
2025-11-12,DOH,LHR,US,Y,3,630.66
2025-11-12,DOH,JFK,UK,F,3,5047.46
2025-11-12,DOH,DXB,US,J,2,2347.79
2025-11-12,DOH,CDG,US,Y,3,751.19
2025-11-12,DOH,DXB,AE,W,2,1169.94
2025-11-12,DOH,LHR,US,F,3,4878.25
2025-11-12,DOH,LHR,QA,F,4,5277.37
2025-11-12,DOH,LHR,US,W,2,1025.98
2025-11-12,DOH,JFK,FR,F,4,3852.49
2025-11-12,DOH,DXB,AE,J,3,2101.45
2025-11-12,DOH,JFK,FR,W,3,966.01
2025-11-12,DOH,JFK,AE,J,3,2395.88
2025-11-12,DOH,CDG,UK,F,4,4106.83
2025-11-12,DOH,CDG,FR,F,2,5470.7
2025-11-12,DOH,LHR,FR,J,2,2519.15
2025-11-12,DOH,DXB,QA,F,1,4196.66
2025-11-12,DOH,JFK,AE,J,3,2176.95
2025-11-12,DOH,CDG,QA,F,3,3998.73
2025-11-12,DOH,JFK,US,W,1,912.43
2025-11-12,DOH,JFK,US,J,2,2227.45
2025-11-12,DOH,LHR,US,J,4,2650.29
2025-11-12,DOH,CDG,FR,W,2,917.31
2025-11-12,DOH,JFK,AE,J,9,2496.26
2025-11-12,DOH,CDG,AE,W,5,889.47
2025-11-12,DOH,DXB,FR,Y,1,523.82
2025-11-12,DOH,CDG,US,W,3,998.14
2025-11-12,DOH,LHR,FR,J,6,2718.57
2025-11-12,DOH,DXB,QA,J,5,3058.6
2025-11-12,DOH,DXB,FR,Y,1,858.03
2025-11-12,DOH,JFK,AE,J,2,2408.03
2025-11-12,DOH,JFK,AE,W,2,1033.99
2025-11-12,DOH,DXB,UK,W,5,948.82
2025-11-12,DOH,JFK,QA,W,1,943.26
2025-11-12,DOH,LHR,UK,W,2,1124.11
2025-11-12,DOH,JFK,FR,F,5,4468.37
2025-11-12,DOH,CDG,FR,J,1,2400.89
2025-11-12,DOH,JFK,AE,W,4,1057.03
2025-11-12,DOH,JFK,AE,F,2,3601.69
2025-11-12,DOH,LHR,AE,J,4,2305.92
2025-11-12,DOH,CDG,US,F,4,3833.37
2025-11-12,DOH,LHR,FR,Y,4,595.29
2025-11-12,DOH,JFK,FR,Y,2,641.72
2025-11-12,DOH,DXB,FR,W,1,818.51
2025-11-12,DOH,JFK,UK,W,5,986.75
2025-11-12,DOH,DXB,AE,W,3,989.43
2025-11-12,DOH,CDG,QA,J,2,1834.33
2025-11-12,DOH,LHR,US,J,4,2227.75
2025-11-12,DOH,DXB,FR,F,3,3837.81
2025-11-12,DOH,CDG,AE,F,4,4815.0
2025-11-12,DOH,LHR,FR,J,6,2841.85
2025-11-12,DOH,DXB,FR,Y,2,514.6
2025-11-12,DOH,LHR,QA,J,3,2454.95
2025-11-12,DOH,JFK,AE,W,1,839.88
2025-11-12,DOH,CDG,QA,W,6,1104.15
2025-11-12,DOH,DXB,QA,W,1,1192.12
2025-11-12,DOH,CDG,FR,W,2,1159.35
2025-11-12,DOH,CDG,US,J,6,3141.04
2025-11-13,DOH,DXB,US,J,4,2748.8
2025-11-13,DOH,DXB,US,F,3,3833.96
2025-11-13,DOH,CDG,US,J,4,3114.69
2025-11-13,DOH,JFK,UK,Y,3,880.03
2025-11-13,DOH,DXB,QA,Y,1,698.86
2025-11-13,DOH,CDG,UK,Y,2,571.36
2025-11-13,DOH,DXB,US,W,4,977.72
2025-11-13,DOH,CDG,FR,Y,1,724.12
2025-11-13,DOH,CDG,FR,F,2,4828.06
2025-11-13,DOH,JFK,UK,W,5,955.96
2025-11-13,DOH,LHR,US,J,2,2302.28
2025-11-13,DOH,JFK,FR,F,4,3547.46
2025-11-13,DOH,JFK,UK,F,3,5163.88
2025-11-13,DOH,DXB,AE,Y,4,608.7
2025-11-13,DOH,CDG,US,F,4,4278.11
2025-11-13,DOH,CDG,US,W,4,1028.37
2025-11-13,DOH,CDG,QA,W,2,911.31
2025-11-13,DOH,DXB,AE,F,2,4782.86
2025-11-13,DOH,DXB,AE,J,4,3191.13
2025-11-13,DOH,CDG,AE,W,3,1024.48
2025-11-13,DOH,DXB,US,W,2,962.73
2025-11-13,DOH,JFK,US,W,2,905.97
2025-11-13,DOH,DXB,UK,F,6,5235.28
2025-11-13,DOH,LHR,UK,Y,4,534.22
2025-11-13,DOH,CDG,AE,J,4,3137.18
2025-11-13,DOH,LHR,FR,Y,4,523.61
2025-11-13,DOH,CDG,US,Y,6,749.08
2025-11-13,DOH,CDG,QA,J,5,2929.71
2025-11-13,DOH,DXB,QA,W,1,1060.69
2025-11-13,DOH,DXB,US,J,2,2764.48
2025-11-13,DOH,DXB,FR,F,5,4361.11
2025-11-13,DOH,CDG,UK,Y,3,763.99
2025-11-13,DOH,LHR,QA,W,4,971.72
2025-11-13,DOH,JFK,US,Y,2,842.15
2025-11-13,DOH,LHR,AE,J,1,2752.17
2025-11-13,DOH,DXB,AE,F,1,3661.89
2025-11-13,DOH,CDG,AE,F,4,3826.39
2025-11-13,DOH,DXB,QA,W,4,1001.92
2025-11-13,DOH,JFK,UK,W,3,990.49
2025-11-13,DOH,CDG,QA,F,3,4938.42
2025-11-13,DOH,LHR,FR,Y,3,769.91
2025-11-13,DOH,DXB,UK,W,4,840.75
2025-11-13,DOH,JFK,FR,W,3,983.94
2025-11-13,DOH,CDG,FR,F,2,4783.07
2025-11-13,DOH,CDG,UK,F,5,5018.15
2025-11-13,DOH,CDG,UK,J,7,2660.93
2025-11-13,DOH,CDG,QA,Y,1,864.1
2025-11-13,DOH,LHR,US,F,3,5004.51
2025-11-13,DOH,CDG,FR,Y,1,860.53
2025-11-13,DOH,LHR,UK,F,2,4886.4
2025-11-13,DOH,CDG,AE,J,2,3156.97
2025-11-13,DOH,CDG,AE,F,2,3621.67
2025-11-13,DOH,LHR,UK,F,2,3515.31
2025-11-13,DOH,DXB,AE,F,4,4557.6
2025-11-13,DOH,LHR,AE,Y,1,823.74
2025-11-13,DOH,LHR,AE,Y,1,859.21
2025-11-13,DOH,JFK,AE,J,2,2424.97
2025-11-13,DOH,DXB,US,F,4,4231.45
2025-11-13,DOH,JFK,AE,F,1,4898.21
2025-11-13,DOH,JFK,US,W,2,984.52
2025-11-14,DOH,CDG,UK,F,2,3903.11
2025-11-14,DOH,LHR,UK,W,5,1088.96
2025-11-14,DOH,LHR,FR,W,2,998.94
2025-11-14,DOH,LHR,AE,J,2,1826.32
2025-11-14,DOH,CDG,FR,J,1,2752.48
2025-11-14,DOH,DXB,UK,F,1,4297.27
2025-11-14,DOH,JFK,FR,Y,1,630.47
2025-11-14,DOH,DXB,UK,Y,5,887.35
2025-11-14,DOH,LHR,AE,F,5,4843.68
2025-11-14,DOH,JFK,FR,W,2,1070.83
2025-11-14,DOH,DXB,FR,Y,1,703.89
2025-11-14,DOH,JFK,UK,F,2,3680.35
2025-11-14,DOH,JFK,FR,J,2,3118.72
2025-11-14,DOH,JFK,AE,Y,1,722.52
2025-11-14,DOH,CDG,UK,J,3,3059.0
2025-11-14,DOH,JFK,QA,F,3,3560.29
2025-11-14,DOH,DXB,AE,J,4,2358.72
2025-11-14,DOH,LHR,FR,F,2,5295.82
2025-11-14,DOH,LHR,QA,Y,2,760.03
2025-11-14,DOH,CDG,US,W,2,959.81
2025-11-14,DOH,CDG,UK,W,4,1165.67
2025-11-14,DOH,JFK,QA,W,4,867.86
2025-11-14,DOH,JFK,UK,J,1,2345.53
2025-11-14,DOH,CDG,UK,J,6,2776.23
2025-11-14,DOH,CDG,FR,J,3,3171.53
2025-11-14,DOH,CDG,AE,W,8,1073.99
2025-11-14,DOH,LHR,QA,W,5,1061.65
2025-11-14,DOH,JFK,US,J,1,2709.6
2025-11-14,DOH,JFK,QA,J,3,2758.56
2025-11-14,DOH,JFK,US,F,2,3973.18
2025-11-14,DOH,DXB,US,F,2,4688.68
2025-11-14,DOH,CDG,UK,W,6,947.94
2025-11-14,DOH,JFK,US,Y,3,567.38
2025-11-14,DOH,JFK,US,Y,8,650.83
2025-11-14,DOH,DXB,FR,W,3,1136.04
2025-11-14,DOH,JFK,FR,F,7,3873.55
2025-11-14,DOH,JFK,QA,J,3,1864.27
2025-11-14,DOH,CDG,US,W,1,1084.69
2025-11-14,DOH,CDG,FR,J,5,2155.81
2025-11-14,DOH,CDG,UK,Y,2,611.51
2025-11-14,DOH,LHR,UK,F,4,3689.35
2025-11-14,DOH,LHR,AE,J,1,2683.18
2025-11-14,DOH,JFK,US,F,11,5049.66
2025-11-14,DOH,LHR,US,W,4,817.3
2025-11-14,DOH,LHR,UK,W,1,853.8
2025-11-14,DOH,DXB,FR,F,5,3689.28
2025-11-14,DOH,DXB,QA,Y,3,528.06
2025-11-14,DOH,CDG,UK,J,1,2666.73
2025-11-14,DOH,DXB,UK,J,1,2973.18
2025-11-14,DOH,DXB,QA,J,4,1993.73
2025-11-14,DOH,LHR,QA,F,5,4368.95
2025-11-14,DOH,LHR,AE,F,3,5180.27
2025-11-14,DOH,DXB,QA,F,2,4127.53
2025-11-14,DOH,CDG,QA,F,6,5032.72
2025-11-14,DOH,LHR,UK,J,2,2375.17
2025-11-14,DOH,DXB,UK,W,4,905.85
2025-11-14,DOH,LHR,FR,W,1,831.99
2025-11-14,DOH,CDG,US,W,2,970.74
2025-11-14,DOH,DXB,AE,F,3,4884.92
2025-11-14,DOH,CDG,QA,W,4,841.91
2025-11-15,DOH,DXB,FR,W,5,1040.23
2025-11-15,DOH,CDG,US,W,1,1134.7
2025-11-15,DOH,JFK,AE,W,2,1045.19
2025-11-15,DOH,LHR,FR,Y,6,873.18
2025-11-15,DOH,JFK,QA,J,1,2261.63
2025-11-15,DOH,CDG,AE,W,3,1139.55
2025-11-15,DOH,CDG,FR,J,3,3034.4
2025-11-15,DOH,JFK,UK,Y,5,831.73
2025-11-15,DOH,JFK,FR,W,4,1084.91
2025-11-15,DOH,CDG,US,J,1,2339.47
2025-11-15,DOH,JFK,AE,W,3,953.77
2025-11-15,DOH,LHR,US,J,7,2616.76
2025-11-15,DOH,DXB,US,Y,2,799.39
2025-11-15,DOH,JFK,AE,F,2,4218.09
2025-11-15,DOH,DXB,US,Y,3,572.13
2025-11-15,DOH,DXB,AE,J,8,2949.66
2025-11-15,DOH,DXB,AE,J,5,2830.85
2025-11-15,DOH,LHR,QA,Y,1,644.23
2025-11-15,DOH,DXB,US,W,5,1016.3
2025-11-15,DOH,DXB,UK,F,2,4490.83
2025-11-15,DOH,LHR,US,F,3,4391.27
2025-11-15,DOH,LHR,US,Y,3,807.26
2025-11-15,DOH,DXB,FR,Y,3,626.3
2025-11-15,DOH,CDG,FR,F,5,5011.13
2025-11-15,DOH,LHR,US,W,3,1044.95
2025-11-15,DOH,LHR,QA,J,3,3175.58
2025-11-15,DOH,DXB,FR,Y,6,628.42
2025-11-15,DOH,LHR,FR,J,3,2864.45
2025-11-15,DOH,CDG,QA,F,1,4542.88
2025-11-15,DOH,LHR,QA,J,3,1951.39
2025-11-15,DOH,DXB,AE,F,3,4565.62
2025-11-15,DOH,JFK,AE,Y,7,820.51
2025-11-15,DOH,DXB,UK,F,4,4406.25
2025-11-15,DOH,DXB,QA,W,1,813.37
2025-11-15,DOH,CDG,QA,J,3,2057.07
2025-11-15,DOH,JFK,QA,J,6,2221.92
2025-11-15,DOH,CDG,UK,Y,3,733.62
2025-11-15,DOH,DXB,US,Y,2,855.19
2025-11-15,DOH,CDG,AE,J,7,3044.89
2025-11-15,DOH,CDG,US,J,3,2078.39
2025-11-15,DOH,LHR,UK,J,6,2563.44
2025-11-15,DOH,LHR,QA,F,2,4709.21
2025-11-15,DOH,LHR,UK,Y,4,677.42
2025-11-15,DOH,DXB,US,J,6,2639.55
2025-11-15,DOH,JFK,US,F,1,4625.49
2025-11-15,DOH,DXB,UK,J,2,2142.74
2025-11-15,DOH,CDG,FR,J,3,1982.7
2025-11-15,DOH,DXB,AE,Y,1,626.64
2025-11-15,DOH,LHR,UK,F,5,4559.88
2025-11-15,DOH,CDG,US,J,2,2780.6
2025-11-15,DOH,DXB,US,W,4,1043.46
2025-11-15,DOH,CDG,AE,Y,1,795.22
2025-11-15,DOH,CDG,US,W,3,917.5
2025-11-15,DOH,JFK,FR,Y,2,676.72
2025-11-15,DOH,LHR,AE,Y,1,633.04
2025-11-15,DOH,DXB,QA,J,4,2867.33
2025-11-15,DOH,LHR,FR,Y,3,601.38
2025-11-15,DOH,LHR,FR,Y,1,654.02
2025-11-15,DOH,DXB,UK,F,1,4789.39
2025-11-15,DOH,LHR,UK,Y,4,714.24
2025-11-16,DOH,JFK,QA,J,3,3110.85
2025-11-16,DOH,CDG,AE,W,2,1065.78
2025-11-16,DOH,JFK,QA,F,3,5438.52
2025-11-16,DOH,JFK,FR,W,4,831.41
2025-11-16,DOH,CDG,US,J,3,2276.51
2025-11-16,DOH,LHR,FR,Y,1,646.93
2025-11-16,DOH,JFK,UK,F,3,4787.79
2025-11-16,DOH,CDG,UK,Y,5,771.63
2025-11-16,DOH,DXB,US,J,3,2313.63
2025-11-16,DOH,DXB,UK,J,4,2924.96
2025-11-16,DOH,JFK,FR,W,3,840.79
2025-11-16,DOH,DXB,QA,F,5,5303.32
2025-11-16,DOH,LHR,AE,F,8,5443.22
2025-11-16,DOH,CDG,QA,F,7,5256.24
2025-11-16,DOH,DXB,FR,J,2,2394.48
2025-11-16,DOH,LHR,US,W,3,1184.63
2025-11-16,DOH,CDG,QA,Y,5,627.96
2025-11-16,DOH,JFK,US,Y,6,533.48
2025-11-16,DOH,JFK,FR,W,3,942.16
2025-11-16,DOH,LHR,AE,W,5,1094.43
2025-11-16,DOH,DXB,FR,Y,2,576.92
2025-11-16,DOH,JFK,UK,J,1,2015.29
2025-11-16,DOH,CDG,QA,Y,2,758.9
2025-11-16,DOH,DXB,AE,F,5,3878.92
2025-11-16,DOH,LHR,UK,W,4,1168.02
2025-11-16,DOH,DXB,US,W,2,836.9
2025-11-16,DOH,JFK,US,W,1,931.49
2025-11-16,DOH,LHR,QA,W,2,1129.3
2025-11-16,DOH,DXB,UK,W,2,906.43
2025-11-16,DOH,LHR,FR,Y,6,774.8
2025-11-16,DOH,DXB,AE,J,2,2946.81
2025-11-16,DOH,JFK,AE,F,5,4572.42
2025-11-16,DOH,JFK,FR,W,3,917.37
2025-11-16,DOH,DXB,US,F,2,4676.74
2025-11-16,DOH,CDG,UK,F,2,4382.89
2025-11-16,DOH,LHR,QA,W,6,942.44
2025-11-16,DOH,JFK,UK,W,3,988.01
2025-11-16,DOH,JFK,UK,J,2,1883.39
2025-11-16,DOH,CDG,QA,F,1,3980.13
2025-11-16,DOH,CDG,US,J,5,2308.17
2025-11-16,DOH,JFK,FR,F,1,4061.18
2025-11-16,DOH,CDG,AE,F,3,3905.94
2025-11-16,DOH,DXB,UK,Y,3,712.8
2025-11-16,DOH,JFK,QA,J,6,2454.27
2025-11-16,DOH,CDG,AE,J,1,3065.18
2025-11-16,DOH,JFK,FR,J,1,2062.5
2025-11-16,DOH,DXB,QA,Y,1,756.85
2025-11-16,DOH,LHR,QA,F,3,4579.27
2025-11-16,DOH,LHR,UK,J,2,2620.39
2025-11-16,DOH,LHR,AE,Y,2,616.43
2025-11-16,DOH,CDG,AE,Y,4,569.13
2025-11-16,DOH,JFK,AE,W,1,824.18
2025-11-16,DOH,JFK,QA,W,3,955.3
2025-11-16,DOH,LHR,AE,J,1,2160.34
2025-11-16,DOH,JFK,QA,F,2,5110.18
2025-11-16,DOH,DXB,QA,F,1,4328.9
2025-11-16,DOH,CDG,FR,J,7,2456.79
2025-11-16,DOH,JFK,FR,F,3,5380.48
2025-11-16,DOH,CDG,QA,F,2,4490.99
2025-11-16,DOH,LHR,US,Y,3,650.02
2025-11-17,DOH,JFK,QA,W,2,856.0
2025-11-17,DOH,CDG,AE,Y,1,679.44
2025-11-17,DOH,DXB,AE,W,2,896.82
2025-11-17,DOH,LHR,UK,F,5,5240.91
2025-11-17,DOH,DXB,QA,J,4,3120.6
2025-11-17,DOH,CDG,AE,Y,3,659.13
2025-11-17,DOH,CDG,FR,Y,1,616.53
2025-11-17,DOH,LHR,AE,F,4,4824.32
2025-11-17,DOH,JFK,AE,J,3,2041.78
2025-11-17,DOH,JFK,US,W,4,852.01
2025-11-17,DOH,DXB,AE,F,5,4833.75
2025-11-17,DOH,JFK,UK,J,1,2132.09
2025-11-17,DOH,CDG,FR,Y,1,592.52
2025-11-17,DOH,DXB,QA,W,4,801.78
2025-11-17,DOH,JFK,FR,F,2,4180.66
2025-11-17,DOH,DXB,US,W,2,802.45
2025-11-17,DOH,DXB,US,F,2,5206.36
2025-11-17,DOH,DXB,AE,Y,5,627.59
2025-11-17,DOH,JFK,UK,Y,4,758.14
2025-11-17,DOH,DXB,FR,J,1,2700.64
2025-11-17,DOH,CDG,AE,J,2,3153.19
2025-11-17,DOH,DXB,US,Y,1,838.35
2025-11-17,DOH,JFK,US,J,2,1890.17
2025-11-17,DOH,LHR,FR,Y,4,599.45
2025-11-17,DOH,LHR,QA,Y,1,876.65
2025-11-17,DOH,CDG,FR,W,4,1182.84
2025-11-17,DOH,JFK,US,Y,4,561.84
2025-11-17,DOH,DXB,UK,Y,5,894.93
2025-11-17,DOH,JFK,US,J,3,3182.84
2025-11-17,DOH,DXB,QA,F,3,5150.98
2025-11-17,DOH,CDG,FR,Y,4,853.07
2025-11-17,DOH,DXB,AE,W,3,905.25
2025-11-17,DOH,LHR,UK,F,2,3703.95
2025-11-17,DOH,DXB,US,J,1,2932.33
2025-11-17,DOH,CDG,US,W,3,1103.12
2025-11-17,DOH,CDG,US,Y,1,779.87
2025-11-17,DOH,JFK,QA,J,1,2655.81
2025-11-17,DOH,LHR,AE,F,3,3531.3
2025-11-17,DOH,CDG,AE,Y,4,628.86
2025-11-17,DOH,JFK,AE,Y,4,887.91
2025-11-17,DOH,CDG,US,W,4,839.84
2025-11-17,DOH,LHR,FR,J,2,2662.99
2025-11-17,DOH,CDG,QA,J,3,2308.28
2025-11-17,DOH,DXB,QA,Y,4,769.53
2025-11-17,DOH,CDG,QA,F,2,5359.46
2025-11-17,DOH,DXB,QA,F,1,4492.09
2025-11-17,DOH,CDG,FR,F,3,4464.58
2025-11-17,DOH,LHR,FR,Y,4,817.26
2025-11-17,DOH,DXB,QA,Y,1,816.97
2025-11-17,DOH,CDG,US,Y,3,728.02
2025-11-17,DOH,JFK,FR,Y,2,733.24
2025-11-17,DOH,LHR,QA,W,2,959.06
2025-11-17,DOH,CDG,QA,Y,3,557.02
2025-11-17,DOH,CDG,QA,Y,2,891.69
2025-11-17,DOH,DXB,UK,J,3,2427.74
2025-11-17,DOH,JFK,US,Y,2,647.22
2025-11-17,DOH,CDG,QA,J,3,3195.65
2025-11-17,DOH,DXB,UK,W,2,1061.72
2025-11-17,DOH,CDG,AE,J,4,2174.49
2025-11-17,DOH,CDG,FR,F,4,5073.66
2025-11-18,DOH,DXB,UK,J,2,2498.67
2025-11-18,DOH,CDG,AE,W,2,846.14
2025-11-18,DOH,LHR,FR,Y,1,699.02
2025-11-18,DOH,LHR,QA,J,2,2178.55
2025-11-18,DOH,DXB,AE,W,5,1147.8
2025-11-18,DOH,CDG,QA,Y,2,698.04
2025-11-18,DOH,CDG,US,Y,3,835.45
2025-11-18,DOH,JFK,UK,F,6,4131.21
2025-11-18,DOH,CDG,UK,J,6,2831.62
2025-11-18,DOH,DXB,US,W,8,872.0
2025-11-18,DOH,CDG,UK,Y,3,539.7
2025-11-18,DOH,LHR,UK,W,2,815.22
2025-11-18,DOH,DXB,QA,W,2,944.86
2025-11-18,DOH,DXB,FR,Y,1,652.78
2025-11-18,DOH,DXB,UK,W,1,881.36
2025-11-18,DOH,LHR,US,J,4,2255.63
2025-11-18,DOH,DXB,FR,Y,2,883.28
2025-11-18,DOH,CDG,AE,W,4,1188.43
2025-11-18,DOH,LHR,FR,Y,3,707.19
2025-11-18,DOH,JFK,US,Y,3,645.6
2025-11-18,DOH,LHR,FR,F,2,4294.75
2025-11-18,DOH,LHR,US,F,4,4719.22
2025-11-18,DOH,DXB,AE,F,3,4769.92
2025-11-18,DOH,CDG,UK,W,2,982.84
2025-11-18,DOH,CDG,US,W,1,963.15
2025-11-18,DOH,JFK,UK,W,3,946.04
2025-11-18,DOH,CDG,US,F,2,5107.23
2025-11-18,DOH,DXB,UK,J,1,2018.12
2025-11-18,DOH,CDG,US,Y,6,766.33
2025-11-18,DOH,CDG,US,J,1,2454.64
2025-11-18,DOH,DXB,AE,Y,5,651.75
2025-11-18,DOH,DXB,QA,F,2,5259.63
2025-11-18,DOH,LHR,UK,Y,3,846.54
2025-11-18,DOH,CDG,AE,Y,10,730.2
2025-11-18,DOH,CDG,FR,Y,4,517.22
2025-11-18,DOH,LHR,FR,F,4,5492.39
2025-11-18,DOH,LHR,FR,J,2,1861.93
2025-11-18,DOH,JFK,AE,F,4,3969.05
2025-11-18,DOH,JFK,US,J,5,2393.18
2025-11-18,DOH,CDG,US,Y,3,560.3
2025-11-18,DOH,DXB,AE,J,3,2956.82
2025-11-18,DOH,DXB,AE,J,5,1969.7
2025-11-18,DOH,JFK,AE,F,1,4291.89
2025-11-18,DOH,CDG,UK,W,3,1164.14
2025-11-18,DOH,LHR,AE,J,5,2295.91
2025-11-18,DOH,LHR,AE,F,3,5413.62
2025-11-18,DOH,CDG,FR,W,4,968.66
2025-11-18,DOH,JFK,AE,W,4,891.09
2025-11-18,DOH,JFK,QA,F,4,4922.83
2025-11-18,DOH,CDG,US,J,1,2190.73
2025-11-18,DOH,DXB,AE,W,6,805.06
2025-11-18,DOH,JFK,QA,Y,4,805.82
2025-11-18,DOH,LHR,UK,Y,2,638.92
2025-11-18,DOH,CDG,QA,Y,5,634.72
2025-11-18,DOH,LHR,US,F,3,5093.51
2025-11-18,DOH,DXB,US,Y,3,564.85
2025-11-18,DOH,CDG,FR,F,1,3753.37
2025-11-18,DOH,LHR,FR,J,2,2075.33
2025-11-18,DOH,JFK,FR,J,3,3114.59
2025-11-18,DOH,JFK,QA,W,1,874.04
2025-11-19,DOH,LHR,QA,W,1,1149.18
2025-11-19,DOH,LHR,FR,J,5,2335.62
2025-11-19,DOH,DXB,AE,F,3,3884.44
2025-11-19,DOH,JFK,US,W,6,1112.16
2025-11-19,DOH,DXB,QA,F,3,3666.32
2025-11-19,DOH,CDG,UK,W,2,815.95
2025-11-19,DOH,JFK,UK,Y,2,883.54
2025-11-19,DOH,CDG,QA,Y,4,742.12
2025-11-19,DOH,JFK,AE,W,4,1132.07
2025-11-19,DOH,JFK,AE,Y,4,673.67
2025-11-19,DOH,JFK,US,W,2,1091.94
2025-11-19,DOH,DXB,QA,Y,3,636.93
2025-11-19,DOH,CDG,FR,J,2,1867.76
2025-11-19,DOH,CDG,AE,J,6,2445.61
2025-11-19,DOH,JFK,UK,F,2,5272.98
2025-11-19,DOH,LHR,FR,W,4,1154.69
2025-11-19,DOH,CDG,US,W,2,1093.33
2025-11-19,DOH,CDG,FR,F,4,5406.93
2025-11-19,DOH,LHR,QA,F,1,5262.52
2025-11-19,DOH,JFK,UK,F,1,3560.97
2025-11-19,DOH,DXB,AE,W,3,1042.04
2025-11-19,DOH,LHR,UK,W,5,933.86
2025-11-19,DOH,LHR,QA,W,4,924.02
2025-11-19,DOH,DXB,AE,F,3,5262.92
2025-11-19,DOH,LHR,UK,Y,4,808.42
2025-11-19,DOH,CDG,US,J,2,1981.23
2025-11-19,DOH,CDG,UK,F,2,5378.45
2025-11-19,DOH,JFK,AE,F,1,4554.35
2025-11-19,DOH,JFK,US,J,4,3053.37
2025-11-19,DOH,JFK,UK,J,3,2173.16
2025-11-19,DOH,CDG,AE,Y,1,626.92
2025-11-19,DOH,DXB,US,J,3,2891.74
2025-11-19,DOH,CDG,AE,J,1,2265.33
2025-11-19,DOH,DXB,UK,J,1,2841.34
2025-11-19,DOH,CDG,QA,F,2,4215.05
2025-11-19,DOH,LHR,US,F,3,3836.94
2025-11-19,DOH,CDG,AE,J,1,2666.55
2025-11-19,DOH,DXB,FR,W,3,1079.1
2025-11-19,DOH,JFK,QA,W,3,858.03
2025-11-19,DOH,JFK,FR,J,1,2210.25
2025-11-19,DOH,JFK,QA,F,1,4618.41
2025-11-19,DOH,JFK,US,W,2,1159.06
2025-11-19,DOH,JFK,AE,W,4,836.58
2025-11-19,DOH,JFK,UK,J,2,2474.07
2025-11-19,DOH,DXB,US,J,3,3130.47
2025-11-19,DOH,DXB,US,J,2,1907.89
2025-11-19,DOH,DXB,QA,W,4,938.36
2025-11-19,DOH,DXB,QA,W,5,1159.04
2025-11-19,DOH,CDG,FR,W,1,1154.56
2025-11-19,DOH,JFK,FR,F,2,3538.36
2025-11-19,DOH,DXB,QA,J,2,1869.23
2025-11-19,DOH,JFK,AE,Y,1,631.91
2025-11-19,DOH,DXB,AE,F,3,5323.84
2025-11-19,DOH,DXB,FR,Y,5,868.38
2025-11-19,DOH,JFK,US,W,3,946.1
2025-11-19,DOH,JFK,AE,J,3,2203.29
2025-11-19,DOH,CDG,UK,F,2,5196.34
2025-11-19,DOH,DXB,QA,Y,6,697.62
2025-11-19,DOH,JFK,US,F,2,3645.98
2025-11-19,DOH,DXB,QA,Y,3,726.46
2025-11-20,DOH,JFK,US,Y,5,602.51
2025-11-20,DOH,CDG,FR,J,3,2437.24
2025-11-20,DOH,JFK,UK,Y,7,706.26
2025-11-20,DOH,CDG,UK,W,2,891.27
2025-11-20,DOH,JFK,UK,J,7,2194.62
2025-11-20,DOH,JFK,US,J,5,2190.12
2025-11-20,DOH,JFK,QA,W,3,853.75
2025-11-20,DOH,CDG,QA,W,3,1153.19
2025-11-20,DOH,LHR,QA,F,5,3812.63
2025-11-20,DOH,JFK,FR,F,4,4438.01
2025-11-20,DOH,DXB,UK,W,4,1093.05
2025-11-20,DOH,JFK,FR,F,2,5329.56
2025-11-20,DOH,JFK,US,F,3,4922.29
2025-11-20,DOH,JFK,UK,F,3,4604.6
2025-11-20,DOH,DXB,QA,F,4,5168.39
2025-11-20,DOH,JFK,FR,J,1,2119.18
2025-11-20,DOH,DXB,FR,J,4,2307.27
2025-11-20,DOH,LHR,AE,J,6,2719.84
2025-11-20,DOH,CDG,FR,F,1,3781.05
2025-11-20,DOH,DXB,US,J,1,2973.49
2025-11-20,DOH,JFK,US,J,2,2724.41
2025-11-20,DOH,JFK,FR,W,4,853.87
2025-11-20,DOH,CDG,QA,J,4,2791.87
2025-11-20,DOH,JFK,US,W,3,1057.12
2025-11-20,DOH,JFK,AE,F,2,3514.57
2025-11-20,DOH,LHR,US,Y,5,708.9
2025-11-20,DOH,DXB,US,F,7,3675.42
2025-11-20,DOH,CDG,AE,Y,3,841.87
2025-11-20,DOH,DXB,US,F,5,4004.52
2025-11-20,DOH,DXB,FR,Y,2,712.24
2025-11-20,DOH,DXB,US,F,2,4930.81
2025-11-20,DOH,CDG,UK,J,1,1882.47
2025-11-20,DOH,CDG,FR,Y,4,587.64
2025-11-20,DOH,CDG,UK,J,3,2880.88
2025-11-20,DOH,JFK,US,J,4,2449.96
2025-11-20,DOH,JFK,FR,J,5,2936.02
2025-11-20,DOH,CDG,FR,J,4,2637.72
2025-11-20,DOH,JFK,AE,W,3,853.77
2025-11-20,DOH,LHR,US,J,2,2833.01
2025-11-20,DOH,LHR,US,W,1,894.11
2025-11-20,DOH,JFK,AE,F,2,4207.93
2025-11-20,DOH,LHR,AE,J,2,2427.61
2025-11-20,DOH,DXB,UK,W,1,1142.43
2025-11-20,DOH,LHR,UK,Y,4,749.19
2025-11-20,DOH,DXB,UK,F,1,4870.42
2025-11-20,DOH,DXB,AE,F,4,4304.24
2025-11-20,DOH,JFK,FR,Y,1,692.7
2025-11-20,DOH,CDG,AE,Y,2,765.68
2025-11-20,DOH,LHR,QA,F,3,3519.49
2025-11-20,DOH,JFK,QA,J,3,2409.15
2025-11-20,DOH,LHR,QA,W,4,1060.28
2025-11-20,DOH,JFK,QA,W,1,1157.57
2025-11-20,DOH,CDG,QA,J,1,2086.35
2025-11-20,DOH,LHR,QA,Y,1,594.71
2025-11-20,DOH,LHR,QA,Y,5,664.44
2025-11-20,DOH,JFK,US,Y,7,636.04
2025-11-20,DOH,CDG,UK,W,2,1189.6
2025-11-20,DOH,DXB,US,W,3,1055.96
2025-11-20,DOH,DXB,US,J,5,2329.32
2025-11-20,DOH,DXB,FR,W,2,957.19
2025-11-21,DOH,CDG,FR,F,4,3968.41
2025-11-21,DOH,JFK,AE,F,2,4467.8
2025-11-21,DOH,LHR,US,F,4,3880.33
2025-11-21,DOH,JFK,FR,F,2,3612.56
2025-11-21,DOH,JFK,FR,J,1,1828.24
2025-11-21,DOH,JFK,UK,F,2,3511.02
2025-11-21,DOH,CDG,QA,F,2,4751.42
2025-11-21,DOH,LHR,US,W,1,1048.16
2025-11-21,DOH,DXB,QA,Y,3,530.29
2025-11-21,DOH,JFK,US,F,3,4474.49
2025-11-21,DOH,LHR,AE,J,3,2077.1
2025-11-21,DOH,DXB,AE,W,1,972.56
2025-11-21,DOH,JFK,FR,F,4,4979.28
2025-11-21,DOH,DXB,QA,J,3,2787.31
2025-11-21,DOH,JFK,UK,J,6,2903.27
2025-11-21,DOH,CDG,UK,Y,3,851.29
2025-11-21,DOH,JFK,FR,F,6,5349.16
2025-11-21,DOH,CDG,FR,Y,5,823.01
2025-11-21,DOH,CDG,FR,J,2,3076.92
2025-11-21,DOH,CDG,US,F,4,5158.64
2025-11-21,DOH,JFK,AE,F,2,3887.39
2025-11-21,DOH,DXB,US,W,3,1063.12
2025-11-21,DOH,CDG,QA,J,4,3006.82
2025-11-21,DOH,DXB,QA,F,4,4769.58
2025-11-21,DOH,JFK,US,J,3,2249.4
2025-11-21,DOH,DXB,AE,Y,3,757.53
2025-11-21,DOH,DXB,QA,J,4,2254.0
2025-11-21,DOH,DXB,US,F,4,5355.12
2025-11-21,DOH,JFK,US,J,3,2763.07
2025-11-21,DOH,LHR,US,J,3,2305.91
2025-11-21,DOH,CDG,QA,F,6,4163.23
2025-11-21,DOH,DXB,QA,W,3,1171.41
2025-11-21,DOH,JFK,FR,F,2,5435.65
2025-11-21,DOH,CDG,UK,J,3,2986.24
2025-11-21,DOH,LHR,US,J,4,2094.76
2025-11-21,DOH,DXB,UK,J,2,2019.13
2025-11-21,DOH,JFK,QA,Y,1,634.22
2025-11-21,DOH,JFK,QA,F,5,4883.65
2025-11-21,DOH,LHR,UK,F,4,3990.78
2025-11-21,DOH,LHR,UK,Y,2,531.56
2025-11-21,DOH,CDG,AE,Y,3,815.88
2025-11-21,DOH,JFK,AE,Y,2,552.62
2025-11-21,DOH,CDG,US,F,6,3648.86
2025-11-21,DOH,LHR,UK,Y,1,719.41
2025-11-21,DOH,DXB,QA,J,1,2292.59
2025-11-21,DOH,LHR,UK,Y,5,778.85
2025-11-21,DOH,DXB,QA,Y,2,707.47
2025-11-21,DOH,LHR,FR,F,1,3893.58
2025-11-21,DOH,JFK,AE,W,4,986.06
2025-11-21,DOH,LHR,US,Y,3,839.34
2025-11-21,DOH,CDG,UK,J,2,2480.92
2025-11-21,DOH,LHR,US,F,4,3623.05
2025-11-21,DOH,LHR,UK,W,1,1194.71
2025-11-21,DOH,CDG,FR,Y,3,820.29
2025-11-21,DOH,JFK,UK,W,3,914.4
2025-11-21,DOH,CDG,FR,F,3,3821.18
2025-11-21,DOH,CDG,AE,J,1,2029.15
2025-11-21,DOH,DXB,US,J,1,3024.15
2025-11-21,DOH,LHR,FR,W,2,808.43
2025-11-21,DOH,CDG,US,W,4,985.37
2025-11-22,DOH,DXB,UK,W,2,840.72
2025-11-22,DOH,DXB,FR,J,1,2163.1
2025-11-22,DOH,LHR,FR,Y,1,618.12
2025-11-22,DOH,DXB,FR,Y,1,592.12
2025-11-22,DOH,LHR,UK,W,1,929.48
2025-11-22,DOH,JFK,UK,F,2,4027.79
2025-11-22,DOH,CDG,UK,W,3,1143.91
2025-11-22,DOH,CDG,QA,Y,3,880.81
2025-11-22,DOH,LHR,FR,W,2,924.69
2025-11-22,DOH,CDG,AE,J,1,2052.13
2025-11-22,DOH,JFK,FR,W,1,1048.51
2025-11-22,DOH,CDG,UK,F,1,3930.51
2025-11-22,DOH,DXB,QA,Y,2,583.8
2025-11-22,DOH,JFK,AE,Y,5,785.86
2025-11-22,DOH,DXB,UK,W,1,1165.63
2025-11-22,DOH,CDG,US,Y,2,729.63
2025-11-22,DOH,JFK,AE,J,2,2831.57
2025-11-22,DOH,DXB,QA,J,2,3032.25
2025-11-22,DOH,LHR,QA,W,5,1140.44
2025-11-22,DOH,CDG,QA,F,2,4792.93
2025-11-22,DOH,DXB,UK,Y,5,670.59
2025-11-22,DOH,CDG,US,J,5,2072.87
2025-11-22,DOH,DXB,QA,Y,4,688.17
2025-11-22,DOH,CDG,US,W,3,1165.99
2025-11-22,DOH,DXB,AE,J,7,2928.68
2025-11-22,DOH,JFK,AE,F,2,5132.78
2025-11-22,DOH,CDG,FR,J,7,2987.95
2025-11-22,DOH,DXB,QA,W,1,969.04
2025-11-22,DOH,CDG,FR,J,5,2115.79
2025-11-22,DOH,DXB,FR,F,3,3882.85
2025-11-22,DOH,CDG,FR,W,3,933.02
2025-11-22,DOH,DXB,QA,F,1,5368.94
2025-11-22,DOH,DXB,AE,W,6,1157.84
2025-11-22,DOH,JFK,UK,W,1,1188.52
2025-11-22,DOH,JFK,UK,W,2,861.85
2025-11-22,DOH,JFK,UK,Y,4,628.35
2025-11-22,DOH,DXB,UK,J,3,2012.42
2025-11-22,DOH,DXB,QA,J,3,2878.06
2025-11-22,DOH,CDG,FR,F,7,5478.3
2025-11-22,DOH,CDG,AE,Y,6,583.72
2025-11-22,DOH,JFK,US,F,4,4758.04
2025-11-22,DOH,DXB,FR,W,5,1124.07
2025-11-22,DOH,LHR,AE,J,3,2332.25
2025-11-22,DOH,DXB,FR,Y,2,848.76
2025-11-22,DOH,DXB,UK,J,2,2242.17
2025-11-22,DOH,CDG,AE,J,8,2869.68
2025-11-22,DOH,JFK,FR,W,1,954.66
2025-11-22,DOH,LHR,UK,Y,3,772.57
2025-11-22,DOH,LHR,AE,Y,3,808.92
2025-11-22,DOH,CDG,FR,Y,4,585.91
2025-11-22,DOH,DXB,US,W,1,1038.01
2025-11-22,DOH,DXB,US,Y,2,662.24
2025-11-22,DOH,DXB,QA,J,5,2001.82
2025-11-22,DOH,LHR,FR,F,4,5284.16
2025-11-22,DOH,JFK,FR,F,4,4648.65
2025-11-22,DOH,JFK,UK,F,4,3818.07
2025-11-22,DOH,LHR,UK,Y,1,686.34
2025-11-22,DOH,CDG,AE,Y,3,824.82
2025-11-22,DOH,JFK,UK,F,3,5146.07
2025-11-22,DOH,LHR,UK,W,1,1178.42
2025-11-23,DOH,LHR,QA,W,1,887.2
2025-11-23,DOH,LHR,FR,Y,2,662.63
2025-11-23,DOH,LHR,FR,J,2,2161.98
2025-11-23,DOH,JFK,UK,F,1,5186.4
2025-11-23,DOH,CDG,FR,W,4,992.49
2025-11-23,DOH,DXB,AE,Y,3,586.32
2025-11-23,DOH,DXB,QA,W,2,915.89
2025-11-23,DOH,JFK,FR,W,2,874.08
2025-11-23,DOH,JFK,FR,Y,4,603.94
2025-11-23,DOH,LHR,UK,Y,2,767.48
2025-11-23,DOH,DXB,QA,J,2,3074.67
2025-11-23,DOH,CDG,FR,J,4,2752.39
2025-11-23,DOH,LHR,US,W,3,956.78
2025-11-23,DOH,CDG,FR,W,5,1069.38
2025-11-23,DOH,LHR,QA,Y,3,849.79
2025-11-23,DOH,CDG,AE,F,4,4313.26
2025-11-23,DOH,JFK,AE,W,2,1036.68
2025-11-23,DOH,JFK,FR,J,3,2823.28
2025-11-23,DOH,CDG,QA,F,6,4405.61
2025-11-23,DOH,JFK,UK,Y,4,511.61
2025-11-23,DOH,LHR,US,J,3,2325.14
2025-11-23,DOH,DXB,UK,J,3,2970.44
2025-11-23,DOH,DXB,US,W,4,1112.79
2025-11-23,DOH,DXB,UK,Y,3,745.67
2025-11-23,DOH,CDG,AE,F,3,5431.17
2025-11-23,DOH,DXB,US,J,4,1824.07
2025-11-23,DOH,LHR,AE,J,1,2895.78
2025-11-23,DOH,DXB,AE,W,3,1135.9
2025-11-23,DOH,LHR,AE,W,3,1086.72
2025-11-23,DOH,JFK,FR,F,3,3829.34
2025-11-23,DOH,CDG,AE,W,3,832.32
2025-11-23,DOH,LHR,UK,Y,2,566.83
2025-11-23,DOH,JFK,FR,W,2,867.6
2025-11-23,DOH,LHR,UK,J,2,2118.48
2025-11-23,DOH,DXB,AE,Y,5,645.24
2025-11-23,DOH,CDG,QA,Y,5,640.73
2025-11-23,DOH,CDG,AE,J,6,2722.2
2025-11-23,DOH,CDG,US,Y,6,631.98
2025-11-23,DOH,LHR,UK,F,4,5222.95
2025-11-23,DOH,JFK,AE,J,4,2575.34
2025-11-23,DOH,JFK,UK,Y,4,876.19
2025-11-23,DOH,LHR,US,J,3,3062.97
2025-11-23,DOH,DXB,QA,F,1,4136.49
2025-11-23,DOH,DXB,FR,Y,3,523.37
2025-11-23,DOH,CDG,AE,F,3,4939.06
2025-11-23,DOH,CDG,QA,J,5,2811.41
2025-11-23,DOH,DXB,UK,Y,2,893.46
2025-11-23,DOH,DXB,UK,W,4,1093.41
2025-11-23,DOH,DXB,AE,Y,8,826.41
2025-11-23,DOH,JFK,QA,Y,2,767.44
2025-11-23,DOH,CDG,FR,J,5,2336.67
2025-11-23,DOH,JFK,FR,J,6,2560.7
2025-11-23,DOH,DXB,AE,Y,3,872.63
2025-11-23,DOH,LHR,UK,Y,4,735.1
2025-11-23,DOH,DXB,FR,W,1,1129.99
2025-11-23,DOH,LHR,UK,Y,4,607.11
2025-11-23,DOH,LHR,US,J,2,2107.26
2025-11-23,DOH,LHR,US,F,4,3925.48
2025-11-23,DOH,JFK,FR,J,4,2544.62
2025-11-23,DOH,JFK,AE,Y,3,532.82
2025-11-24,DOH,DXB,AE,Y,4,682.81
2025-11-24,DOH,LHR,QA,W,5,969.97
2025-11-24,DOH,DXB,AE,W,1,933.77
2025-11-24,DOH,DXB,QA,J,2,2961.12
2025-11-24,DOH,CDG,FR,J,3,2104.45
2025-11-24,DOH,DXB,FR,J,4,1852.7
2025-11-24,DOH,DXB,US,W,9,1119.01
2025-11-24,DOH,DXB,US,J,1,2043.82
2025-11-24,DOH,DXB,AE,Y,2,614.7
2025-11-24,DOH,CDG,AE,W,1,802.5
2025-11-24,DOH,DXB,UK,J,1,2186.94
2025-11-24,DOH,JFK,FR,J,1,2496.46
2025-11-24,DOH,LHR,FR,W,3,1127.52
2025-11-24,DOH,JFK,US,W,2,919.06
2025-11-24,DOH,CDG,UK,W,2,1150.11
2025-11-24,DOH,DXB,UK,Y,2,695.17
2025-11-24,DOH,DXB,UK,J,2,3189.23
2025-11-24,DOH,JFK,FR,J,8,2481.04
2025-11-24,DOH,CDG,QA,F,1,4033.46
2025-11-24,DOH,JFK,FR,W,4,808.82
2025-11-24,DOH,DXB,US,J,5,1944.98
2025-11-24,DOH,CDG,FR,F,5,4406.13
2025-11-24,DOH,CDG,US,Y,2,596.71
2025-11-24,DOH,JFK,US,W,2,1138.75
2025-11-24,DOH,DXB,FR,F,3,4752.88
2025-11-24,DOH,CDG,FR,F,3,3785.08
2025-11-24,DOH,JFK,AE,Y,3,641.37
2025-11-24,DOH,JFK,UK,Y,4,541.5
2025-11-24,DOH,LHR,QA,W,1,1114.03
2025-11-24,DOH,DXB,US,J,5,2116.61
2025-11-24,DOH,LHR,UK,F,2,5221.78
2025-11-24,DOH,LHR,FR,J,7,2048.92
2025-11-24,DOH,DXB,US,F,3,3875.76
2025-11-24,DOH,CDG,FR,F,2,4520.75
2025-11-24,DOH,JFK,FR,W,5,845.89
2025-11-24,DOH,DXB,UK,Y,4,845.78
2025-11-24,DOH,DXB,UK,F,4,4545.04
2025-11-24,DOH,LHR,US,F,2,4026.55
2025-11-24,DOH,JFK,QA,W,7,965.06
2025-11-24,DOH,DXB,QA,W,2,929.25
2025-11-24,DOH,DXB,UK,Y,4,503.63
2025-11-24,DOH,JFK,AE,Y,1,707.15
2025-11-24,DOH,CDG,QA,J,1,3054.48
2025-11-24,DOH,JFK,UK,Y,4,642.97
2025-11-24,DOH,CDG,US,F,1,5280.45
2025-11-24,DOH,CDG,QA,F,4,3580.97
2025-11-24,DOH,LHR,QA,W,2,807.54
2025-11-24,DOH,LHR,UK,Y,1,688.64
2025-11-24,DOH,LHR,QA,J,3,2818.21
2025-11-24,DOH,DXB,QA,Y,4,864.11
2025-11-24,DOH,JFK,FR,Y,1,699.45
2025-11-24,DOH,DXB,FR,W,4,1153.2
2025-11-24,DOH,LHR,FR,Y,3,664.89
2025-11-24,DOH,JFK,QA,W,5,954.31
2025-11-24,DOH,JFK,UK,W,3,1014.86
2025-11-24,DOH,LHR,QA,J,4,2122.54
2025-11-24,DOH,CDG,UK,W,1,960.58
2025-11-24,DOH,CDG,UK,W,3,1124.49
2025-11-24,DOH,JFK,US,Y,5,786.39
2025-11-24,DOH,CDG,QA,W,1,820.75
2025-11-25,DOH,DXB,US,Y,2,720.68
2025-11-25,DOH,LHR,AE,W,5,833.98
2025-11-25,DOH,CDG,US,J,3,2622.14
2025-11-25,DOH,LHR,FR,F,2,4329.92
2025-11-25,DOH,CDG,UK,W,1,1118.65
2025-11-25,DOH,LHR,FR,W,2,868.33
2025-11-25,DOH,JFK,AE,W,3,867.17
2025-11-25,DOH,DXB,AE,F,2,4208.23
2025-11-25,DOH,JFK,AE,F,1,3984.98
2025-11-25,DOH,JFK,US,F,5,3776.89
2025-11-25,DOH,JFK,UK,J,3,2160.68
2025-11-25,DOH,DXB,AE,W,5,1188.04
2025-11-25,DOH,CDG,US,J,4,1955.06
2025-11-25,DOH,DXB,QA,W,5,1156.08
2025-11-25,DOH,JFK,UK,J,3,2370.76
2025-11-25,DOH,JFK,QA,Y,2,810.97
2025-11-25,DOH,LHR,UK,F,8,4928.72
2025-11-25,DOH,DXB,UK,F,4,4844.29
2025-11-25,DOH,DXB,QA,J,6,2209.89
2025-11-25,DOH,CDG,UK,J,1,2682.08
2025-11-25,DOH,CDG,US,F,1,5484.9
2025-11-25,DOH,DXB,UK,J,1,1869.58
2025-11-25,DOH,DXB,US,W,8,1071.98
2025-11-25,DOH,LHR,FR,J,3,1825.62
2025-11-25,DOH,JFK,UK,W,5,885.39
2025-11-25,DOH,LHR,QA,W,2,1036.45
2025-11-25,DOH,LHR,AE,J,3,3037.78
2025-11-25,DOH,DXB,FR,J,3,2687.28
2025-11-25,DOH,DXB,UK,J,3,2042.63
2025-11-25,DOH,JFK,UK,Y,4,865.63
2025-11-25,DOH,CDG,US,J,5,3175.2
2025-11-25,DOH,CDG,UK,W,4,947.24
2025-11-25,DOH,CDG,AE,Y,1,500.74
2025-11-25,DOH,DXB,US,J,2,2438.57
2025-11-25,DOH,DXB,FR,Y,1,810.04
2025-11-25,DOH,JFK,FR,F,2,4969.0
2025-11-25,DOH,JFK,QA,F,2,4840.35
2025-11-25,DOH,LHR,FR,J,5,2214.64
2025-11-25,DOH,JFK,UK,Y,3,586.08
2025-11-25,DOH,LHR,US,J,6,1861.73
2025-11-25,DOH,LHR,QA,J,2,1824.85
2025-11-25,DOH,JFK,FR,W,4,1146.72
2025-11-25,DOH,DXB,UK,J,5,3118.56
2025-11-25,DOH,DXB,UK,J,3,2236.0
2025-11-25,DOH,CDG,QA,W,4,996.02
2025-11-25,DOH,LHR,QA,J,6,2570.54
2025-11-25,DOH,CDG,UK,F,7,4886.38
2025-11-25,DOH,JFK,QA,J,7,3143.42
2025-11-25,DOH,CDG,AE,W,3,960.84
2025-11-25,DOH,CDG,FR,W,3,944.59
2025-11-25,DOH,DXB,UK,F,4,3782.7
2025-11-25,DOH,DXB,UK,F,3,5014.04
2025-11-25,DOH,LHR,UK,J,4,2941.78
2025-11-25,DOH,DXB,AE,W,5,1193.85
2025-11-25,DOH,DXB,AE,J,5,2970.01
2025-11-25,DOH,CDG,FR,J,4,3085.72
2025-11-25,DOH,JFK,FR,J,5,2140.14
2025-11-25,DOH,JFK,FR,J,2,2666.88
2025-11-25,DOH,JFK,US,W,2,968.9
2025-11-25,DOH,CDG,FR,W,4,1028.21
2025-11-26,DOH,DXB,AE,Y,1,787.07
2025-11-26,DOH,LHR,FR,W,3,1160.51
2025-11-26,DOH,DXB,QA,J,1,2361.02
2025-11-26,DOH,CDG,UK,J,1,2033.97
2025-11-26,DOH,JFK,FR,Y,2,512.23
2025-11-26,DOH,DXB,FR,F,3,5209.37
2025-11-26,DOH,LHR,US,Y,1,742.17
2025-11-26,DOH,LHR,US,Y,2,646.19
2025-11-26,DOH,LHR,UK,W,3,852.72
2025-11-26,DOH,LHR,FR,Y,2,767.33
2025-11-26,DOH,CDG,AE,J,2,2352.59
2025-11-26,DOH,LHR,UK,W,1,922.91
2025-11-26,DOH,LHR,AE,Y,3,867.84
2025-11-26,DOH,LHR,AE,F,8,3986.56
2025-11-26,DOH,CDG,FR,Y,3,597.52
2025-11-26,DOH,JFK,AE,W,4,1121.44
2025-11-26,DOH,DXB,QA,W,2,865.39
2025-11-26,DOH,LHR,FR,W,2,898.54
2025-11-26,DOH,JFK,UK,J,2,2814.0
2025-11-26,DOH,CDG,AE,F,1,4021.83
2025-11-26,DOH,JFK,FR,J,2,2614.83
2025-11-26,DOH,JFK,QA,Y,5,651.13
2025-11-26,DOH,LHR,US,F,1,5466.18
2025-11-26,DOH,DXB,US,Y,1,549.26
2025-11-26,DOH,CDG,AE,W,4,1102.95
2025-11-26,DOH,CDG,AE,W,2,1090.33
2025-11-26,DOH,LHR,UK,F,1,5471.83
2025-11-26,DOH,LHR,AE,F,3,4519.27
2025-11-26,DOH,DXB,UK,Y,3,867.27
2025-11-26,DOH,CDG,US,F,4,5199.68
2025-11-26,DOH,DXB,FR,F,1,3783.4
2025-11-26,DOH,CDG,AE,W,2,874.23
2025-11-26,DOH,DXB,FR,W,1,824.17
2025-11-26,DOH,CDG,UK,F,3,5020.03
2025-11-26,DOH,CDG,AE,Y,2,883.22
2025-11-26,DOH,LHR,UK,Y,1,677.76
2025-11-26,DOH,DXB,AE,Y,1,879.97
2025-11-26,DOH,JFK,AE,J,4,2235.68
2025-11-26,DOH,LHR,QA,J,2,1939.86
2025-11-26,DOH,CDG,FR,Y,2,617.83
2025-11-26,DOH,DXB,FR,W,1,989.71
2025-11-26,DOH,JFK,AE,Y,3,889.98
2025-11-26,DOH,CDG,AE,Y,4,774.83
2025-11-26,DOH,JFK,US,W,2,1040.73
2025-11-26,DOH,JFK,FR,J,2,1894.81
2025-11-26,DOH,JFK,US,Y,2,689.82
2025-11-26,DOH,CDG,QA,F,2,4995.64
2025-11-26,DOH,LHR,FR,Y,2,700.25
2025-11-26,DOH,JFK,AE,W,1,1064.09
2025-11-26,DOH,CDG,AE,J,2,2487.34
2025-11-26,DOH,LHR,US,W,1,903.05
2025-11-26,DOH,DXB,FR,J,4,2643.33
2025-11-26,DOH,JFK,AE,J,2,1997.39
2025-11-26,DOH,CDG,FR,W,4,1131.06
2025-11-26,DOH,LHR,FR,F,8,3618.68
2025-11-26,DOH,CDG,US,F,1,3858.99
2025-11-26,DOH,LHR,AE,F,5,3759.7
2025-11-26,DOH,DXB,QA,F,3,4077.79
2025-11-26,DOH,CDG,AE,W,4,1025.71
2025-11-26,DOH,DXB,US,Y,3,869.06
2025-11-27,DOH,CDG,UK,J,1,2390.99
2025-11-27,DOH,JFK,QA,F,3,5366.73
2025-11-27,DOH,CDG,US,F,8,5283.31
2025-11-27,DOH,CDG,FR,J,1,2454.04
2025-11-27,DOH,CDG,FR,W,1,973.49
2025-11-27,DOH,DXB,FR,W,4,1017.29
2025-11-27,DOH,DXB,UK,J,2,2414.77
2025-11-27,DOH,LHR,FR,Y,4,813.38
2025-11-27,DOH,LHR,UK,W,2,958.9
2025-11-27,DOH,CDG,US,J,1,2038.51
2025-11-27,DOH,DXB,AE,Y,3,711.14
2025-11-27,DOH,CDG,AE,Y,2,598.97
2025-11-27,DOH,LHR,US,Y,3,832.66
2025-11-27,DOH,DXB,QA,Y,2,566.81
2025-11-27,DOH,DXB,AE,W,5,916.0
2025-11-27,DOH,LHR,US,F,3,4991.29
2025-11-27,DOH,LHR,AE,Y,2,706.84
2025-11-27,DOH,JFK,FR,F,2,4280.52
2025-11-27,DOH,JFK,FR,Y,5,624.96
2025-11-27,DOH,CDG,AE,Y,4,518.13
2025-11-27,DOH,LHR,FR,W,3,1150.57
2025-11-27,DOH,JFK,AE,Y,6,830.63
2025-11-27,DOH,LHR,AE,F,2,3822.42
2025-11-27,DOH,JFK,FR,W,4,1124.4
2025-11-27,DOH,JFK,FR,J,4,2706.57
2025-11-27,DOH,JFK,UK,W,3,1061.54
2025-11-27,DOH,JFK,UK,W,3,1043.76
2025-11-27,DOH,CDG,AE,J,4,2246.38
2025-11-27,DOH,LHR,AE,F,1,4405.76
2025-11-27,DOH,JFK,US,J,1,2760.99
2025-11-27,DOH,DXB,QA,Y,2,706.38
2025-11-27,DOH,CDG,UK,F,1,3981.97
2025-11-27,DOH,JFK,UK,Y,3,636.1
2025-11-27,DOH,DXB,QA,W,1,1152.41
2025-11-27,DOH,DXB,UK,F,3,4378.76
2025-11-27,DOH,CDG,UK,W,3,931.22
2025-11-27,DOH,LHR,UK,W,5,1016.37
2025-11-27,DOH,DXB,QA,F,1,4599.73
2025-11-27,DOH,DXB,FR,W,2,930.31
2025-11-27,DOH,LHR,QA,Y,2,627.09
2025-11-27,DOH,JFK,QA,Y,1,843.58
2025-11-27,DOH,DXB,QA,J,6,3054.66
2025-11-27,DOH,DXB,QA,F,1,4073.54
2025-11-27,DOH,LHR,US,F,3,5258.38
2025-11-27,DOH,LHR,FR,Y,1,509.79
2025-11-27,DOH,DXB,FR,Y,2,687.88
2025-11-27,DOH,DXB,QA,J,1,2395.37
2025-11-27,DOH,JFK,US,W,3,1192.64
2025-11-27,DOH,JFK,QA,W,2,920.96
2025-11-27,DOH,CDG,QA,W,3,813.09
2025-11-27,DOH,DXB,US,F,2,3578.15
2025-11-27,DOH,CDG,UK,Y,3,820.69
2025-11-27,DOH,JFK,UK,Y,2,845.2
2025-11-27,DOH,CDG,QA,W,2,845.08
2025-11-27,DOH,DXB,US,W,4,1121.13
2025-11-27,DOH,CDG,FR,W,5,1007.49
2025-11-27,DOH,JFK,QA,F,8,4101.73
2025-11-27,DOH,DXB,FR,F,1,4717.78
2025-11-27,DOH,LHR,AE,J,3,2710.77
2025-11-27,DOH,JFK,AE,W,4,820.22
2025-11-28,DOH,DXB,UK,J,3,2963.42
2025-11-28,DOH,CDG,QA,F,2,4156.16
2025-11-28,DOH,JFK,US,Y,3,871.8
2025-11-28,DOH,LHR,AE,F,2,5229.31
2025-11-28,DOH,LHR,US,Y,2,551.01
2025-11-28,DOH,JFK,FR,J,5,2324.9
2025-11-28,DOH,DXB,QA,Y,1,667.04
2025-11-28,DOH,CDG,QA,W,6,978.41
2025-11-28,DOH,DXB,QA,J,9,1832.44
2025-11-28,DOH,JFK,US,W,4,1000.37
2025-11-28,DOH,LHR,AE,W,2,965.01
2025-11-28,DOH,LHR,FR,J,1,2504.3
2025-11-28,DOH,CDG,QA,W,1,944.97
2025-11-28,DOH,LHR,FR,J,3,1987.01
2025-11-28,DOH,LHR,US,W,2,1046.22
2025-11-28,DOH,JFK,AE,W,1,1068.24
2025-11-28,DOH,DXB,QA,W,7,1017.07
2025-11-28,DOH,JFK,UK,W,7,994.06
2025-11-28,DOH,JFK,QA,F,4,4319.6
2025-11-28,DOH,CDG,QA,F,1,5214.69
2025-11-28,DOH,CDG,FR,W,2,1101.15
2025-11-28,DOH,DXB,FR,J,3,2500.27
2025-11-28,DOH,CDG,FR,J,1,2847.24
2025-11-28,DOH,DXB,QA,F,3,5282.68
2025-11-28,DOH,DXB,FR,W,4,904.93
2025-11-28,DOH,LHR,UK,Y,2,626.11
2025-11-28,DOH,CDG,UK,F,2,5464.78
2025-11-28,DOH,CDG,QA,Y,1,684.46
2025-11-28,DOH,JFK,QA,W,3,914.63
2025-11-28,DOH,JFK,UK,W,1,1187.67
2025-11-28,DOH,JFK,AE,F,3,4473.61
2025-11-28,DOH,DXB,UK,J,2,2835.04
2025-11-28,DOH,DXB,AE,J,1,2713.25
2025-11-28,DOH,JFK,UK,W,5,1137.42
2025-11-28,DOH,DXB,US,F,2,4804.58
2025-11-28,DOH,CDG,QA,F,3,4511.01
2025-11-28,DOH,DXB,AE,F,3,3908.69
2025-11-28,DOH,JFK,QA,Y,3,855.84
2025-11-28,DOH,LHR,UK,F,2,4421.76
2025-11-28,DOH,DXB,UK,J,3,2133.37
2025-11-28,DOH,JFK,US,J,1,2377.34
2025-11-28,DOH,LHR,QA,Y,2,659.99
2025-11-28,DOH,JFK,UK,W,2,1133.54
2025-11-28,DOH,LHR,QA,Y,1,504.94
2025-11-28,DOH,CDG,FR,J,5,1821.55
2025-11-28,DOH,JFK,AE,J,8,3026.24
2025-11-28,DOH,DXB,QA,W,5,861.38
2025-11-28,DOH,CDG,US,F,4,4824.97
2025-11-28,DOH,LHR,AE,F,5,3887.8
2025-11-28,DOH,JFK,UK,J,5,3081.36
2025-11-28,DOH,JFK,UK,J,1,2804.79
2025-11-28,DOH,LHR,FR,W,4,855.33
2025-11-28,DOH,CDG,FR,F,3,4710.03
2025-11-28,DOH,CDG,US,W,2,828.31
2025-11-28,DOH,DXB,QA,F,2,4734.03
2025-11-28,DOH,JFK,FR,J,5,2211.79
2025-11-28,DOH,LHR,AE,Y,1,831.14
2025-11-28,DOH,JFK,FR,F,2,3942.32
2025-11-28,DOH,CDG,AE,Y,2,705.22
2025-11-28,DOH,DXB,UK,Y,6,749.65
2025-11-29,DOH,JFK,AE,W,1,1115.79
2025-11-29,DOH,JFK,FR,W,6,1126.9
2025-11-29,DOH,CDG,QA,Y,6,859.1
2025-11-29,DOH,JFK,FR,F,3,5302.0
2025-11-29,DOH,LHR,UK,J,4,1901.56
2025-11-29,DOH,LHR,US,Y,3,593.23
2025-11-29,DOH,DXB,UK,J,2,2478.56
2025-11-29,DOH,DXB,FR,F,2,5106.05
2025-11-29,DOH,DXB,AE,Y,3,665.38
2025-11-29,DOH,LHR,QA,J,4,2701.58
2025-11-29,DOH,JFK,QA,J,4,2621.29
2025-11-29,DOH,LHR,AE,W,2,803.97
2025-11-29,DOH,LHR,UK,J,2,2710.44
2025-11-29,DOH,DXB,UK,J,4,2130.47
2025-11-29,DOH,LHR,US,Y,3,648.64
2025-11-29,DOH,CDG,UK,J,1,1933.42
2025-11-29,DOH,LHR,QA,J,6,2732.12
2025-11-29,DOH,JFK,QA,J,4,2943.15
2025-11-29,DOH,LHR,FR,Y,1,774.32
2025-11-29,DOH,DXB,QA,J,4,2376.1
2025-11-29,DOH,JFK,UK,W,3,1029.19
2025-11-29,DOH,JFK,FR,Y,3,863.67
2025-11-29,DOH,DXB,UK,F,5,5118.58
2025-11-29,DOH,DXB,QA,Y,3,674.02
2025-11-29,DOH,DXB,US,F,1,4446.05
2025-11-29,DOH,DXB,AE,W,2,906.73
2025-11-29,DOH,JFK,US,F,3,4989.56
2025-11-29,DOH,DXB,FR,W,2,1109.12
2025-11-29,DOH,CDG,UK,W,1,858.28
2025-11-29,DOH,JFK,FR,J,1,2850.97
2025-11-29,DOH,JFK,UK,W,3,1129.25
2025-11-29,DOH,JFK,FR,J,3,1923.5
2025-11-29,DOH,LHR,US,F,1,3860.02
2025-11-29,DOH,JFK,AE,F,4,5363.23
2025-11-29,DOH,LHR,FR,F,1,4256.08
2025-11-29,DOH,DXB,FR,W,5,1172.52
2025-11-29,DOH,CDG,AE,F,3,4671.55
2025-11-29,DOH,CDG,FR,W,8,1167.79
2025-11-29,DOH,JFK,AE,J,2,2383.59
2025-11-29,DOH,JFK,US,W,1,902.17
2025-11-29,DOH,JFK,AE,F,2,4176.16
2025-11-29,DOH,JFK,US,Y,6,543.62
2025-11-29,DOH,LHR,FR,W,2,1162.72
2025-11-29,DOH,CDG,FR,F,3,3582.49
2025-11-29,DOH,DXB,FR,J,6,2533.58
2025-11-29,DOH,DXB,US,W,3,998.76
2025-11-29,DOH,DXB,UK,Y,2,688.69
2025-11-29,DOH,LHR,QA,W,7,932.49
2025-11-29,DOH,JFK,AE,W,4,918.07
2025-11-29,DOH,CDG,US,J,3,2510.25
2025-11-29,DOH,CDG,QA,J,3,2229.41
2025-11-29,DOH,DXB,US,F,4,4749.85
2025-11-29,DOH,LHR,US,Y,1,572.8
2025-11-29,DOH,JFK,UK,J,2,1871.82
2025-11-29,DOH,LHR,QA,F,2,5063.51
2025-11-29,DOH,LHR,US,Y,4,816.04
2025-11-29,DOH,CDG,AE,W,3,1037.95
2025-11-29,DOH,DXB,US,F,4,3881.34
2025-11-29,DOH,CDG,FR,J,3,1993.11
2025-11-29,DOH,JFK,QA,J,1,2529.63
2025-11-30,DOH,LHR,US,Y,1,727.73
2025-11-30,DOH,LHR,FR,W,4,963.54
2025-11-30,DOH,JFK,QA,Y,3,586.24
2025-11-30,DOH,LHR,AE,Y,2,785.98
2025-11-30,DOH,DXB,AE,W,4,1062.27
2025-11-30,DOH,JFK,QA,W,2,850.09
2025-11-30,DOH,JFK,FR,W,3,889.89
2025-11-30,DOH,DXB,UK,Y,2,702.57
2025-11-30,DOH,DXB,US,J,2,2459.32
2025-11-30,DOH,CDG,UK,F,3,5094.62
2025-11-30,DOH,LHR,FR,F,2,4669.34
2025-11-30,DOH,DXB,QA,F,3,3778.29
2025-11-30,DOH,JFK,QA,F,1,4709.46
2025-11-30,DOH,CDG,UK,Y,5,847.64
2025-11-30,DOH,CDG,US,Y,3,676.86
2025-11-30,DOH,LHR,QA,J,1,3145.88
2025-11-30,DOH,JFK,US,F,5,4150.25
2025-11-30,DOH,JFK,FR,F,8,3834.19
2025-11-30,DOH,CDG,FR,F,3,4168.53
2025-11-30,DOH,LHR,AE,W,2,891.59
2025-11-30,DOH,JFK,US,F,5,4407.03
2025-11-30,DOH,CDG,FR,F,2,4569.36
2025-11-30,DOH,DXB,QA,J,4,2724.74
2025-11-30,DOH,DXB,US,J,1,2992.6
2025-11-30,DOH,JFK,US,W,1,907.52
2025-11-30,DOH,JFK,AE,J,3,2081.78
2025-11-30,DOH,CDG,US,J,3,3033.03
2025-11-30,DOH,CDG,UK,J,5,2622.7
2025-11-30,DOH,LHR,QA,W,1,812.05
2025-11-30,DOH,DXB,UK,W,7,1129.14
2025-11-30,DOH,DXB,FR,W,2,934.82
2025-11-30,DOH,JFK,UK,W,3,966.46
2025-11-30,DOH,CDG,AE,F,5,4462.1
2025-11-30,DOH,LHR,QA,Y,2,514.25
2025-11-30,DOH,JFK,FR,Y,2,616.53
2025-11-30,DOH,DXB,QA,W,2,1160.41
2025-11-30,DOH,LHR,UK,W,5,826.96
2025-11-30,DOH,LHR,FR,J,4,1817.76
2025-11-30,DOH,LHR,US,Y,2,707.36
2025-11-30,DOH,LHR,QA,J,2,2220.32
2025-11-30,DOH,JFK,UK,F,1,4815.59
2025-11-30,DOH,LHR,AE,W,4,1023.25
2025-11-30,DOH,LHR,QA,J,2,3044.94
2025-11-30,DOH,CDG,FR,Y,6,675.47
2025-11-30,DOH,JFK,FR,Y,4,505.14
2025-11-30,DOH,CDG,US,Y,1,693.76
2025-11-30,DOH,JFK,US,Y,5,837.05
2025-11-30,DOH,LHR,QA,J,1,3054.15
2025-11-30,DOH,LHR,UK,F,5,5014.23
2025-11-30,DOH,LHR,FR,Y,4,872.94
2025-11-30,DOH,JFK,UK,F,1,5217.12
2025-11-30,DOH,CDG,FR,W,3,1097.85
2025-11-30,DOH,LHR,AE,W,2,880.03
2025-11-30,DOH,JFK,UK,F,3,5009.66
2025-11-30,DOH,LHR,AE,Y,4,705.94
2025-11-30,DOH,DXB,FR,J,2,1852.09
2025-11-30,DOH,LHR,UK,Y,5,678.59
2025-11-30,DOH,DXB,QA,J,7,1954.89
2025-11-30,DOH,LHR,QA,Y,3,649.87
2025-11-30,DOH,JFK,FR,F,6,3619.17
2025-12-01,DOH,LHR,QA,W,1,1152.2
2025-12-01,DOH,LHR,UK,Y,5,1043.77
2025-12-01,DOH,LHR,US,Y,4,689.28
2025-12-01,DOH,JFK,UK,F,1,5763.71
2025-12-01,DOH,LHR,UK,W,2,1382.66
2025-12-01,DOH,LHR,AE,J,1,3820.08
2025-12-01,DOH,DXB,QA,F,2,5331.93
2025-12-01,DOH,JFK,QA,F,4,5042.39
2025-12-01,DOH,CDG,FR,Y,5,600.38
2025-12-01,DOH,JFK,UK,W,1,1027.09
2025-12-01,DOH,CDG,AE,Y,5,884.44
2025-12-01,DOH,CDG,FR,F,7,4977.43
2025-12-01,DOH,LHR,US,F,5,4210.75
2025-12-01,DOH,LHR,AE,Y,5,759.87
2025-12-01,DOH,JFK,US,W,1,1022.48
2025-12-01,DOH,JFK,AE,W,2,1036.75
2025-12-01,DOH,DXB,UK,W,6,1127.4
2025-12-01,DOH,CDG,FR,F,2,4694.55
2025-12-01,DOH,JFK,QA,Y,2,623.84
2025-12-01,DOH,LHR,QA,Y,5,731.62
2025-12-01,DOH,CDG,QA,Y,4,942.91
2025-12-01,DOH,LHR,QA,Y,5,714.27
2025-12-01,DOH,CDG,QA,W,4,1217.87
2025-12-01,DOH,LHR,QA,J,4,2649.6
2025-12-01,DOH,JFK,FR,W,1,1167.53
2025-12-01,DOH,CDG,FR,W,1,1439.52
2025-12-01,DOH,DXB,FR,W,4,1350.25
2025-12-01,DOH,CDG,US,W,2,1300.88
2025-12-01,DOH,CDG,FR,F,2,5173.16
2025-12-01,DOH,LHR,AE,F,5,4568.4
2025-12-01,DOH,CDG,UK,J,2,2815.38
2025-12-01,DOH,LHR,US,J,1,2377.44
2025-12-01,DOH,DXB,US,F,4,4834.25
2025-12-01,DOH,DXB,US,Y,6,641.25
2025-12-01,DOH,CDG,UK,Y,2,707.61
2025-12-01,DOH,LHR,UK,F,7,5585.82
2025-12-01,DOH,CDG,UK,J,4,2930.11
2025-12-01,DOH,DXB,FR,W,2,1063.43
2025-12-01,DOH,JFK,QA,W,2,1269.44
2025-12-01,DOH,CDG,US,Y,2,1056.75
2025-12-01,DOH,CDG,US,W,1,1066.93
2025-12-01,DOH,LHR,US,F,7,4541.86
2025-12-01,DOH,LHR,FR,F,6,4582.51
2025-12-01,DOH,LHR,UK,J,2,2345.44
2025-12-01,DOH,DXB,QA,W,3,1007.48
2025-12-01,DOH,JFK,FR,F,2,4984.84
2025-12-01,DOH,JFK,UK,W,3,1428.75
2025-12-01,DOH,CDG,FR,W,6,1352.79
2025-12-01,DOH,LHR,QA,J,5,2506.38
2025-12-01,DOH,DXB,FR,Y,2,893.5
2025-12-01,DOH,DXB,UK,F,2,6442.89
2025-12-01,DOH,CDG,FR,J,3,3426.26
2025-12-01,DOH,CDG,QA,Y,4,622.7
2025-12-01,DOH,LHR,US,J,3,2288.5
2025-12-01,DOH,LHR,QA,F,2,4879.99
2025-12-01,DOH,LHR,AE,W,3,1156.13
2025-12-01,DOH,CDG,AE,J,1,2923.21
2025-12-01,DOH,CDG,QA,F,2,5976.03
2025-12-01,DOH,LHR,FR,F,2,4807.44
2025-12-01,DOH,JFK,FR,J,2,2583.01
2025-12-02,DOH,LHR,FR,J,3,2336.72
2025-12-02,DOH,CDG,US,J,5,3813.89
2025-12-02,DOH,DXB,US,W,3,1397.48
2025-12-02,DOH,DXB,FR,Y,4,707.63
2025-12-02,DOH,JFK,AE,Y,1,1004.1
2025-12-02,DOH,CDG,UK,W,1,1157.87
2025-12-02,DOH,DXB,FR,J,3,3837.93
2025-12-02,DOH,CDG,UK,Y,3,825.11
2025-12-02,DOH,LHR,QA,J,6,3025.69
2025-12-02,DOH,JFK,QA,Y,2,630.31
2025-12-02,DOH,DXB,AE,W,4,1065.1
2025-12-02,DOH,JFK,QA,J,1,2644.05
2025-12-02,DOH,DXB,QA,W,7,1205.75
2025-12-02,DOH,DXB,AE,Y,2,1052.07
2025-12-02,DOH,DXB,US,W,1,1007.21
2025-12-02,DOH,JFK,US,W,5,1224.27
2025-12-02,DOH,LHR,UK,F,2,6399.24
2025-12-02,DOH,LHR,QA,W,2,1246.0
2025-12-02,DOH,JFK,US,Y,2,713.28
2025-12-02,DOH,JFK,US,W,3,1306.17
2025-12-02,DOH,JFK,US,J,4,2968.22
2025-12-02,DOH,DXB,US,F,3,4968.83
2025-12-02,DOH,DXB,US,F,4,6503.02
2025-12-02,DOH,DXB,FR,F,2,6283.49
2025-12-02,DOH,DXB,FR,W,1,972.96
2025-12-02,DOH,CDG,UK,W,3,1317.23
2025-12-02,DOH,CDG,US,Y,4,691.83
2025-12-02,DOH,DXB,FR,W,3,1168.12
2025-12-02,DOH,LHR,US,F,4,6585.93
2025-12-02,DOH,DXB,UK,F,3,5247.47
2025-12-02,DOH,JFK,AE,J,2,2168.33
2025-12-02,DOH,JFK,UK,W,2,1340.53
2025-12-02,DOH,JFK,FR,Y,3,643.46
2025-12-02,DOH,JFK,US,F,2,5383.24
2025-12-02,DOH,DXB,US,F,1,4587.95
2025-12-02,DOH,DXB,AE,F,7,5123.19
2025-12-02,DOH,LHR,US,F,3,6226.77
2025-12-02,DOH,LHR,US,W,3,1139.52
2025-12-02,DOH,DXB,AE,Y,5,849.49
2025-12-02,DOH,JFK,QA,F,4,6127.08
2025-12-02,DOH,JFK,QA,F,3,5855.9
2025-12-02,DOH,JFK,QA,Y,1,1003.04
2025-12-02,DOH,DXB,US,W,3,1222.16
2025-12-02,DOH,CDG,FR,Y,5,816.59
2025-12-02,DOH,DXB,UK,W,1,1263.33
2025-12-02,DOH,JFK,AE,Y,2,865.84
2025-12-02,DOH,LHR,AE,W,4,1142.22
2025-12-02,DOH,JFK,AE,W,5,1295.13
2025-12-02,DOH,DXB,US,F,8,4732.6
2025-12-02,DOH,LHR,AE,J,3,3777.01
2025-12-02,DOH,JFK,US,F,5,5944.57
2025-12-02,DOH,CDG,FR,J,4,2227.41
2025-12-02,DOH,CDG,AE,Y,5,847.17
2025-12-02,DOH,LHR,UK,J,2,3076.49
2025-12-02,DOH,JFK,FR,F,3,5029.17
2025-12-02,DOH,DXB,FR,Y,2,939.47
2025-12-02,DOH,DXB,AE,J,7,2913.45
2025-12-02,DOH,DXB,AE,J,6,2437.66
2025-12-02,DOH,JFK,FR,J,2,2165.54
2025-12-02,DOH,DXB,QA,F,4,5684.83
2025-12-03,DOH,CDG,QA,F,3,4693.74
2025-12-03,DOH,JFK,AE,F,2,5595.45
2025-12-03,DOH,CDG,UK,F,4,4717.45
2025-12-03,DOH,DXB,QA,J,1,2810.77
2025-12-03,DOH,LHR,US,F,2,6454.36
2025-12-03,DOH,JFK,UK,Y,4,989.04
2025-12-03,DOH,JFK,AE,F,3,5477.14
2025-12-03,DOH,DXB,FR,Y,1,949.16
2025-12-03,DOH,LHR,UK,Y,3,1035.35
2025-12-03,DOH,JFK,AE,W,5,1063.94
2025-12-03,DOH,CDG,UK,J,1,2371.47
2025-12-03,DOH,LHR,UK,J,5,3387.42
2025-12-03,DOH,LHR,FR,F,3,5350.73
2025-12-03,DOH,DXB,US,J,4,3667.83
2025-12-03,DOH,JFK,US,J,3,3325.91
2025-12-03,DOH,DXB,AE,Y,1,821.42
2025-12-03,DOH,JFK,UK,F,1,5349.15
2025-12-03,DOH,LHR,FR,W,1,1103.28
2025-12-03,DOH,JFK,AE,F,6,5206.47
2025-12-03,DOH,DXB,QA,W,6,1240.7
2025-12-03,DOH,JFK,UK,F,1,4258.6
2025-12-03,DOH,DXB,US,J,1,3015.95
2025-12-03,DOH,JFK,US,W,1,1411.14
2025-12-03,DOH,CDG,FR,W,4,1165.97
2025-12-03,DOH,JFK,AE,Y,5,777.78
2025-12-03,DOH,CDG,US,W,7,1195.17
2025-12-03,DOH,DXB,QA,F,5,6204.54
2025-12-03,DOH,CDG,FR,F,5,5119.03
2025-12-03,DOH,JFK,FR,F,4,6273.1
2025-12-03,DOH,JFK,AE,W,3,1249.2
2025-12-03,DOH,CDG,FR,W,2,1019.3
2025-12-03,DOH,LHR,FR,J,1,3707.84
2025-12-03,DOH,LHR,UK,W,4,1409.14
2025-12-03,DOH,CDG,UK,W,3,1378.05
2025-12-03,DOH,DXB,UK,F,1,4953.98
2025-12-03,DOH,LHR,AE,W,2,1029.77
2025-12-03,DOH,DXB,AE,J,2,2385.94
2025-12-03,DOH,CDG,US,F,3,4507.04
2025-12-03,DOH,LHR,UK,F,7,5166.64
2025-12-03,DOH,LHR,UK,F,4,6097.05
2025-12-03,DOH,CDG,AE,Y,1,640.94
2025-12-03,DOH,DXB,FR,J,3,3336.52
2025-12-03,DOH,LHR,US,Y,1,826.73
2025-12-03,DOH,LHR,FR,W,3,1019.51
2025-12-03,DOH,CDG,FR,W,2,1296.41
2025-12-03,DOH,DXB,FR,F,2,6351.64
2025-12-03,DOH,JFK,FR,Y,2,827.51
2025-12-03,DOH,CDG,FR,W,4,1109.9
2025-12-03,DOH,JFK,US,Y,1,762.98
2025-12-03,DOH,LHR,FR,W,1,1352.22
2025-12-03,DOH,LHR,QA,F,4,6575.5
2025-12-03,DOH,CDG,US,W,4,1135.68
2025-12-03,DOH,JFK,UK,J,3,3465.55
2025-12-03,DOH,DXB,FR,W,1,974.71
2025-12-03,DOH,JFK,FR,W,6,1332.52
2025-12-03,DOH,LHR,FR,Y,1,977.75
2025-12-03,DOH,CDG,UK,F,3,6569.76
2025-12-03,DOH,DXB,FR,F,3,6483.01
2025-12-03,DOH,LHR,FR,W,4,1157.49
2025-12-03,DOH,LHR,AE,J,3,2417.24
2025-12-04,DOH,LHR,FR,J,2,3770.08
2025-12-04,DOH,JFK,AE,J,3,2932.27
2025-12-04,DOH,LHR,FR,W,5,1224.03
2025-12-04,DOH,DXB,UK,W,2,1055.02
2025-12-04,DOH,JFK,UK,J,6,3199.02
2025-12-04,DOH,CDG,UK,Y,3,1030.36
2025-12-04,DOH,JFK,AE,F,2,4883.33
2025-12-04,DOH,JFK,US,J,3,2471.37
2025-12-04,DOH,JFK,AE,F,3,5315.4
2025-12-04,DOH,JFK,FR,F,5,5892.86
2025-12-04,DOH,CDG,AE,J,1,3391.15
2025-12-04,DOH,JFK,FR,Y,3,889.69
2025-12-04,DOH,CDG,US,F,3,6412.15
2025-12-04,DOH,JFK,US,W,3,1161.29
2025-12-04,DOH,LHR,UK,F,5,4354.18
2025-12-04,DOH,LHR,US,W,4,1383.67
2025-12-04,DOH,JFK,AE,J,1,3457.41
2025-12-04,DOH,JFK,QA,J,2,2698.1
2025-12-04,DOH,LHR,UK,F,3,4565.78
2025-12-04,DOH,LHR,US,Y,3,696.07
2025-12-04,DOH,DXB,UK,J,1,3659.14
2025-12-04,DOH,LHR,FR,F,7,5730.93
2025-12-04,DOH,CDG,US,F,11,4353.23
2025-12-04,DOH,DXB,US,J,4,2303.23
2025-12-04,DOH,DXB,FR,Y,1,902.05
2025-12-04,DOH,CDG,US,J,3,3448.85
2025-12-04,DOH,CDG,US,J,1,3713.65
2025-12-04,DOH,JFK,US,J,3,3742.38
2025-12-04,DOH,CDG,FR,J,3,2841.6
2025-12-04,DOH,JFK,FR,W,1,1202.13
2025-12-04,DOH,JFK,FR,Y,6,1031.0
2025-12-04,DOH,LHR,AE,W,3,1264.6
2025-12-04,DOH,CDG,FR,W,1,1393.89
2025-12-04,DOH,CDG,US,Y,2,693.96
2025-12-04,DOH,DXB,US,F,6,5511.91
2025-12-04,DOH,JFK,UK,J,2,2430.37
2025-12-04,DOH,JFK,US,W,5,1139.31
2025-12-04,DOH,DXB,QA,W,1,1144.42
2025-12-04,DOH,LHR,UK,Y,3,832.53
2025-12-04,DOH,JFK,UK,F,1,4718.81
2025-12-04,DOH,CDG,US,W,5,1195.48
2025-12-04,DOH,DXB,UK,W,5,1331.05
2025-12-04,DOH,LHR,AE,W,5,1355.46
2025-12-04,DOH,LHR,US,W,2,1303.95
2025-12-04,DOH,CDG,FR,Y,4,1072.61
2025-12-04,DOH,JFK,US,F,1,4770.7
2025-12-04,DOH,CDG,AE,Y,3,637.03
2025-12-04,DOH,LHR,UK,W,2,1279.0
2025-12-04,DOH,JFK,QA,F,4,5588.53
2025-12-04,DOH,JFK,AE,J,2,2445.12
2025-12-04,DOH,JFK,FR,Y,1,1039.86
2025-12-04,DOH,CDG,QA,W,1,1310.17
2025-12-04,DOH,JFK,US,Y,3,747.77
2025-12-04,DOH,DXB,UK,F,3,5823.49
2025-12-04,DOH,LHR,UK,J,5,2468.37
2025-12-04,DOH,JFK,QA,Y,3,1025.19
2025-12-04,DOH,LHR,AE,Y,1,629.17
2025-12-04,DOH,DXB,US,Y,1,766.81
2025-12-04,DOH,CDG,UK,W,3,1008.6
2025-12-04,DOH,LHR,UK,W,3,1175.6
2025-12-05,DOH,CDG,QA,W,7,1079.93
2025-12-05,DOH,CDG,UK,W,6,1343.15
2025-12-05,DOH,LHR,FR,Y,2,1030.22
2025-12-05,DOH,JFK,US,F,4,5539.1
2025-12-05,DOH,CDG,QA,F,4,5838.83
2025-12-05,DOH,DXB,QA,W,3,1111.96
2025-12-05,DOH,LHR,US,J,1,2408.94
2025-12-05,DOH,CDG,US,W,2,1010.26
2025-12-05,DOH,JFK,QA,J,3,3497.61
2025-12-05,DOH,DXB,QA,J,7,3026.55
2025-12-05,DOH,CDG,US,Y,6,925.16
2025-12-05,DOH,CDG,UK,Y,4,869.15
2025-12-05,DOH,CDG,QA,J,3,3323.81
2025-12-05,DOH,DXB,AE,J,3,3280.68
2025-12-05,DOH,DXB,QA,W,4,999.76
2025-12-05,DOH,LHR,AE,F,2,6573.47
2025-12-05,DOH,DXB,UK,F,2,6207.74
2025-12-05,DOH,CDG,FR,J,5,2174.04
2025-12-05,DOH,LHR,UK,W,2,1326.11
2025-12-05,DOH,LHR,FR,F,2,4346.39
2025-12-05,DOH,LHR,FR,J,1,2207.38
2025-12-05,DOH,DXB,QA,F,3,6204.63
2025-12-05,DOH,CDG,AE,W,1,1429.22
2025-12-05,DOH,LHR,AE,W,1,1169.85
2025-12-05,DOH,CDG,UK,Y,1,787.34
2025-12-05,DOH,JFK,AE,W,5,1169.59
2025-12-05,DOH,JFK,QA,W,1,1419.21
2025-12-05,DOH,CDG,QA,W,3,977.84
2025-12-05,DOH,CDG,QA,J,1,3818.98
2025-12-05,DOH,CDG,US,J,1,3241.84
2025-12-05,DOH,JFK,FR,J,1,3146.12
2025-12-05,DOH,JFK,QA,W,4,1180.15
2025-12-05,DOH,JFK,UK,W,6,1277.39
2025-12-05,DOH,LHR,UK,Y,1,917.94
2025-12-05,DOH,JFK,AE,F,2,5190.55
2025-12-05,DOH,LHR,AE,Y,7,888.09
2025-12-05,DOH,DXB,AE,F,2,6247.39
2025-12-05,DOH,CDG,UK,W,2,1395.11
2025-12-05,DOH,JFK,US,W,2,1323.69
2025-12-05,DOH,JFK,FR,F,4,4207.29
2025-12-05,DOH,DXB,AE,F,3,5722.73
2025-12-05,DOH,CDG,FR,J,4,3803.58
2025-12-05,DOH,JFK,AE,W,3,1395.79
2025-12-05,DOH,LHR,AE,Y,4,814.21
2025-12-05,DOH,LHR,UK,W,4,1279.33
2025-12-05,DOH,CDG,FR,W,2,1434.59
2025-12-05,DOH,LHR,UK,W,2,1236.5
2025-12-05,DOH,LHR,FR,W,9,1409.01
2025-12-05,DOH,CDG,US,W,7,1237.12
2025-12-05,DOH,LHR,FR,J,5,3526.94
2025-12-05,DOH,DXB,QA,Y,5,881.68
2025-12-05,DOH,DXB,AE,Y,3,754.55
2025-12-05,DOH,LHR,FR,Y,5,669.43
2025-12-05,DOH,LHR,QA,F,1,5365.2
2025-12-05,DOH,DXB,US,W,5,1417.02
2025-12-05,DOH,LHR,US,Y,4,966.61
2025-12-05,DOH,CDG,US,J,4,3535.3
2025-12-05,DOH,CDG,FR,J,5,3804.47
2025-12-05,DOH,CDG,AE,W,1,1221.89
2025-12-05,DOH,CDG,UK,W,3,1368.34
2025-12-06,DOH,JFK,QA,Y,1,924.78
2025-12-06,DOH,JFK,UK,Y,1,981.44
2025-12-06,DOH,DXB,FR,J,1,3831.36
2025-12-06,DOH,CDG,QA,J,1,3794.89
2025-12-06,DOH,JFK,FR,Y,3,698.01
2025-12-06,DOH,CDG,US,F,2,5742.52
2025-12-06,DOH,JFK,UK,F,3,6215.7
2025-12-06,DOH,JFK,AE,W,4,1405.2
2025-12-06,DOH,JFK,QA,F,6,6080.09
2025-12-06,DOH,CDG,FR,Y,3,684.27
2025-12-06,DOH,LHR,UK,F,2,4888.46
2025-12-06,DOH,CDG,QA,Y,1,1020.26
2025-12-06,DOH,JFK,US,F,4,5921.09
2025-12-06,DOH,LHR,UK,J,4,2346.04
2025-12-06,DOH,CDG,AE,J,1,3831.04
2025-12-06,DOH,DXB,US,W,2,1209.4
2025-12-06,DOH,LHR,US,F,2,5107.55
2025-12-06,DOH,CDG,US,Y,4,883.33
2025-12-06,DOH,DXB,AE,W,3,1181.46
2025-12-06,DOH,CDG,UK,W,2,1083.23
2025-12-06,DOH,LHR,UK,W,3,1041.45
2025-12-06,DOH,DXB,UK,Y,4,683.69
2025-12-06,DOH,JFK,QA,J,3,2740.12
2025-12-06,DOH,DXB,US,J,1,3702.35
2025-12-06,DOH,LHR,US,W,4,994.79
2025-12-06,DOH,CDG,QA,W,7,1163.57
2025-12-06,DOH,DXB,QA,W,5,1268.77
2025-12-06,DOH,CDG,UK,Y,1,930.02
2025-12-06,DOH,JFK,UK,W,4,1185.63
2025-12-06,DOH,CDG,UK,J,5,2328.39
2025-12-06,DOH,JFK,US,W,2,1349.85
2025-12-06,DOH,JFK,QA,F,4,5216.6
2025-12-06,DOH,LHR,US,Y,2,748.47
2025-12-06,DOH,CDG,QA,J,1,3310.17
2025-12-06,DOH,JFK,QA,W,3,1166.19
2025-12-06,DOH,LHR,US,J,2,3393.93
2025-12-06,DOH,LHR,QA,Y,3,827.87
2025-12-06,DOH,JFK,QA,J,1,3003.49
2025-12-06,DOH,LHR,UK,W,5,1395.88
2025-12-06,DOH,LHR,QA,F,5,6316.87
2025-12-06,DOH,LHR,QA,F,2,6140.79
2025-12-06,DOH,LHR,QA,J,4,3476.99
2025-12-06,DOH,CDG,FR,J,1,3344.82
2025-12-06,DOH,CDG,FR,W,3,970.2
2025-12-06,DOH,CDG,UK,W,5,1426.45
2025-12-06,DOH,DXB,US,J,2,2760.89
2025-12-06,DOH,CDG,QA,Y,5,825.69
2025-12-06,DOH,LHR,QA,Y,2,1041.42
2025-12-06,DOH,JFK,US,J,4,3615.62
2025-12-06,DOH,CDG,FR,J,3,2678.23
2025-12-06,DOH,LHR,QA,J,3,2831.45
2025-12-06,DOH,DXB,UK,Y,4,993.95
2025-12-06,DOH,JFK,US,Y,3,1038.95
2025-12-06,DOH,DXB,QA,J,1,3520.79
2025-12-06,DOH,LHR,AE,Y,3,684.88
2025-12-06,DOH,DXB,US,J,4,2541.82
2025-12-06,DOH,DXB,FR,J,1,3211.26
2025-12-06,DOH,CDG,US,W,5,1043.97
2025-12-06,DOH,CDG,FR,J,1,2577.19
2025-12-06,DOH,CDG,US,F,2,5800.72
2025-12-07,DOH,LHR,FR,J,1,2162.79
2025-12-07,DOH,JFK,AE,F,5,4479.85
2025-12-07,DOH,JFK,US,F,2,6247.3
2025-12-07,DOH,LHR,AE,Y,4,834.74
2025-12-07,DOH,JFK,UK,Y,6,1067.47
2025-12-07,DOH,JFK,AE,Y,1,862.24
2025-12-07,DOH,CDG,UK,W,3,1311.98
2025-12-07,DOH,CDG,QA,Y,1,656.33
2025-12-07,DOH,LHR,AE,J,3,3190.74
2025-12-07,DOH,JFK,US,J,7,2376.37
2025-12-07,DOH,CDG,US,J,5,3339.45
2025-12-07,DOH,JFK,US,F,2,6481.63
2025-12-07,DOH,CDG,US,J,2,3684.71
2025-12-07,DOH,DXB,UK,J,2,3232.01
2025-12-07,DOH,LHR,US,W,6,1357.69
2025-12-07,DOH,CDG,FR,Y,4,1011.32
2025-12-07,DOH,CDG,AE,F,3,4542.67
2025-12-07,DOH,CDG,FR,F,1,4717.72
2025-12-07,DOH,LHR,FR,F,4,4638.71
2025-12-07,DOH,JFK,FR,F,1,5370.88
2025-12-07,DOH,JFK,QA,F,6,6506.77
2025-12-07,DOH,CDG,QA,W,5,1337.89
2025-12-07,DOH,CDG,FR,J,2,2239.14
2025-12-07,DOH,DXB,QA,J,7,2348.8
2025-12-07,DOH,DXB,UK,F,1,5928.62
2025-12-07,DOH,LHR,QA,J,3,3781.87
2025-12-07,DOH,CDG,FR,Y,3,759.54
2025-12-07,DOH,CDG,US,F,2,6049.16
2025-12-07,DOH,DXB,QA,F,3,4464.08
2025-12-07,DOH,LHR,FR,Y,1,916.82
2025-12-07,DOH,JFK,UK,Y,1,915.29
2025-12-07,DOH,JFK,UK,F,3,4359.53
2025-12-07,DOH,JFK,UK,Y,5,1006.42
2025-12-07,DOH,CDG,UK,Y,1,741.51
2025-12-07,DOH,LHR,US,Y,2,848.71
2025-12-07,DOH,LHR,FR,F,2,6454.78
2025-12-07,DOH,LHR,QA,F,2,4304.24
2025-12-07,DOH,JFK,AE,J,2,2516.5
2025-12-07,DOH,LHR,US,Y,3,648.42
2025-12-07,DOH,DXB,UK,J,3,3428.87
2025-12-07,DOH,JFK,US,J,5,2755.23
2025-12-07,DOH,LHR,QA,J,4,3721.66
2025-12-07,DOH,JFK,UK,Y,3,863.47
2025-12-07,DOH,LHR,FR,F,4,6193.96
2025-12-07,DOH,CDG,AE,Y,3,769.67
2025-12-07,DOH,LHR,AE,F,3,4854.7
2025-12-07,DOH,JFK,AE,F,3,4746.98
2025-12-07,DOH,JFK,FR,Y,2,836.15
2025-12-07,DOH,CDG,AE,J,2,2673.65
2025-12-07,DOH,LHR,FR,F,2,5103.3
2025-12-07,DOH,LHR,QA,Y,2,879.72
2025-12-07,DOH,CDG,AE,J,1,3097.95
2025-12-07,DOH,LHR,US,Y,3,915.6
2025-12-07,DOH,JFK,AE,F,3,6490.56
2025-12-07,DOH,LHR,FR,J,4,3362.1
2025-12-07,DOH,DXB,FR,J,1,2986.5
2025-12-07,DOH,LHR,UK,W,3,1402.32
2025-12-07,DOH,CDG,US,F,3,5731.15
2025-12-07,DOH,CDG,AE,W,1,1074.31
2025-12-07,DOH,LHR,AE,F,4,6397.97
2025-12-08,DOH,DXB,UK,W,8,1155.1
2025-12-08,DOH,JFK,FR,Y,1,781.18
2025-12-08,DOH,LHR,UK,Y,6,916.29
2025-12-08,DOH,CDG,QA,F,2,4574.77
2025-12-08,DOH,LHR,US,J,7,2718.65
2025-12-08,DOH,JFK,QA,W,4,1292.44
2025-12-08,DOH,DXB,QA,F,6,6216.45
2025-12-08,DOH,LHR,UK,W,2,1115.75
2025-12-08,DOH,LHR,FR,W,2,1011.57
2025-12-08,DOH,DXB,FR,Y,4,617.05
2025-12-08,DOH,CDG,QA,W,4,1140.47
2025-12-08,DOH,DXB,US,F,4,5896.39
2025-12-08,DOH,LHR,QA,F,2,4311.15
2025-12-08,DOH,DXB,UK,W,4,964.38
2025-12-08,DOH,LHR,AE,Y,4,803.65
2025-12-08,DOH,LHR,FR,F,1,5250.82
2025-12-08,DOH,LHR,US,F,3,5018.27
2025-12-08,DOH,JFK,FR,J,2,3179.9
2025-12-08,DOH,CDG,FR,F,5,5129.73
2025-12-08,DOH,DXB,UK,W,3,1378.52
2025-12-08,DOH,LHR,UK,F,4,6059.69
2025-12-08,DOH,DXB,AE,W,4,1215.66
2025-12-08,DOH,LHR,QA,Y,3,879.56
2025-12-08,DOH,JFK,FR,W,7,1075.08
2025-12-08,DOH,JFK,FR,F,5,5258.86
2025-12-08,DOH,DXB,FR,F,1,5645.39
2025-12-08,DOH,JFK,US,J,2,3601.81
2025-12-08,DOH,DXB,QA,W,8,1203.61
2025-12-08,DOH,JFK,US,Y,4,1047.75
2025-12-08,DOH,JFK,FR,Y,4,962.95
2025-12-08,DOH,LHR,US,J,3,3613.01
2025-12-08,DOH,JFK,US,W,4,1132.39
2025-12-08,DOH,CDG,FR,Y,2,611.92
2025-12-08,DOH,DXB,QA,Y,3,685.9
2025-12-08,DOH,LHR,UK,W,5,1004.17
2025-12-08,DOH,DXB,UK,F,1,4608.42
2025-12-08,DOH,DXB,AE,F,1,4865.31
2025-12-08,DOH,DXB,UK,J,1,3442.58
2025-12-08,DOH,LHR,UK,F,2,4957.85
2025-12-08,DOH,JFK,AE,Y,4,914.49
2025-12-08,DOH,LHR,US,F,4,6156.31
2025-12-08,DOH,JFK,AE,J,3,2489.42
2025-12-08,DOH,DXB,QA,Y,3,731.54
2025-12-08,DOH,JFK,US,Y,4,877.5
2025-12-08,DOH,JFK,QA,J,2,2280.17
2025-12-08,DOH,LHR,AE,F,2,5910.6
2025-12-08,DOH,JFK,US,J,3,2403.73
2025-12-08,DOH,JFK,QA,F,5,4631.93
2025-12-08,DOH,DXB,QA,F,5,5391.76
2025-12-08,DOH,DXB,QA,Y,2,892.96
2025-12-08,DOH,JFK,QA,Y,5,813.4
2025-12-08,DOH,LHR,AE,W,2,1067.52
2025-12-08,DOH,JFK,AE,F,2,5918.44
2025-12-08,DOH,CDG,US,J,6,2443.85
2025-12-08,DOH,CDG,US,J,3,3382.71
2025-12-08,DOH,DXB,FR,Y,2,814.37
2025-12-08,DOH,LHR,UK,J,1,3186.18
2025-12-08,DOH,CDG,AE,J,3,3732.71
2025-12-08,DOH,CDG,US,W,2,1014.8
2025-12-08,DOH,LHR,UK,J,1,3194.7
2025-12-09,DOH,LHR,AE,J,3,3600.03
2025-12-09,DOH,DXB,US,W,6,1430.98
2025-12-09,DOH,LHR,US,F,3,6348.04
2025-12-09,DOH,JFK,UK,J,4,2520.16
2025-12-09,DOH,LHR,FR,Y,1,1077.21
2025-12-09,DOH,DXB,UK,F,1,4816.69
2025-12-09,DOH,JFK,UK,J,3,3293.61
2025-12-09,DOH,CDG,FR,W,6,1294.32
2025-12-09,DOH,LHR,AE,W,1,1094.75
2025-12-09,DOH,JFK,UK,J,3,3551.04
2025-12-09,DOH,CDG,US,Y,4,748.84
2025-12-09,DOH,CDG,US,F,4,5136.56
2025-12-09,DOH,CDG,QA,J,5,2291.29
2025-12-09,DOH,JFK,FR,W,2,997.18
2025-12-09,DOH,CDG,UK,J,1,3102.9
2025-12-09,DOH,LHR,QA,Y,1,932.5
2025-12-09,DOH,JFK,QA,W,3,1337.19
2025-12-09,DOH,CDG,QA,W,2,1182.93
2025-12-09,DOH,JFK,UK,F,2,5267.91
2025-12-09,DOH,DXB,UK,Y,3,748.01
2025-12-09,DOH,DXB,QA,Y,5,668.32
2025-12-09,DOH,CDG,QA,J,4,3624.67
2025-12-09,DOH,JFK,FR,W,7,1071.0
2025-12-09,DOH,LHR,QA,W,2,1407.23
2025-12-09,DOH,JFK,QA,Y,5,811.03
2025-12-09,DOH,DXB,QA,Y,2,751.61
2025-12-09,DOH,DXB,AE,F,4,4605.59
2025-12-09,DOH,LHR,FR,W,2,1273.4
2025-12-09,DOH,JFK,FR,F,4,5908.2
2025-12-09,DOH,CDG,FR,Y,3,1066.96
2025-12-09,DOH,CDG,AE,Y,8,1074.85
2025-12-09,DOH,LHR,FR,Y,1,938.39
2025-12-09,DOH,LHR,US,F,5,6340.76
2025-12-09,DOH,CDG,US,F,5,6354.03
2025-12-09,DOH,DXB,QA,W,2,1090.83
2025-12-09,DOH,CDG,FR,Y,1,1032.26
2025-12-09,DOH,LHR,QA,J,5,2226.86
2025-12-09,DOH,LHR,AE,J,5,3149.97
2025-12-09,DOH,JFK,QA,J,5,2751.73
2025-12-09,DOH,DXB,QA,J,4,2590.12
2025-12-09,DOH,DXB,UK,W,1,1299.01
2025-12-09,DOH,CDG,US,Y,4,893.0
2025-12-09,DOH,DXB,AE,F,2,6019.2
2025-12-09,DOH,DXB,FR,J,3,2350.61
2025-12-09,DOH,JFK,US,J,2,2411.15
2025-12-09,DOH,JFK,AE,W,4,1041.96
2025-12-09,DOH,LHR,UK,F,3,4902.03
2025-12-09,DOH,CDG,UK,F,2,5362.91
2025-12-09,DOH,LHR,QA,W,7,1156.13
2025-12-09,DOH,DXB,FR,Y,3,738.1
2025-12-09,DOH,CDG,AE,W,5,1392.09
2025-12-09,DOH,JFK,UK,Y,2,652.33
2025-12-09,DOH,DXB,QA,Y,1,688.88
2025-12-09,DOH,JFK,QA,W,4,1403.5
2025-12-09,DOH,JFK,AE,Y,3,796.54
2025-12-09,DOH,LHR,QA,W,2,1427.67
2025-12-09,DOH,DXB,US,J,4,2481.21
2025-12-09,DOH,CDG,US,Y,3,605.14
2025-12-09,DOH,LHR,UK,F,1,4740.25
2025-12-09,DOH,CDG,QA,Y,3,732.53
2025-12-10,DOH,JFK,US,W,1,1343.53
2025-12-10,DOH,CDG,UK,W,6,1103.93
2025-12-10,DOH,JFK,UK,F,2,4509.01
2025-12-10,DOH,DXB,AE,Y,4,874.16
2025-12-10,DOH,DXB,QA,J,3,2438.0
2025-12-10,DOH,CDG,UK,W,1,1075.5
2025-12-10,DOH,LHR,US,Y,4,673.72
2025-12-10,DOH,JFK,UK,J,7,2374.49
2025-12-10,DOH,JFK,UK,W,3,1245.82
2025-12-10,DOH,CDG,UK,W,4,1307.99
2025-12-10,DOH,DXB,UK,F,1,4313.88
2025-12-10,DOH,JFK,FR,W,2,1280.77
2025-12-10,DOH,CDG,AE,W,3,1063.06
2025-12-10,DOH,LHR,AE,W,2,1156.58
2025-12-10,DOH,CDG,QA,F,5,4412.67
2025-12-10,DOH,DXB,FR,F,1,4500.72
2025-12-10,DOH,LHR,US,Y,6,794.55
2025-12-10,DOH,JFK,QA,F,2,5317.61
2025-12-10,DOH,LHR,AE,Y,5,826.79
2025-12-10,DOH,CDG,FR,W,1,1098.58
2025-12-10,DOH,DXB,UK,W,2,1220.3
2025-12-10,DOH,LHR,FR,Y,1,755.21
2025-12-10,DOH,CDG,US,J,3,2327.76
2025-12-10,DOH,CDG,AE,W,5,1189.9
2025-12-10,DOH,JFK,US,Y,2,612.07
2025-12-10,DOH,DXB,AE,Y,1,676.51
2025-12-10,DOH,JFK,QA,W,3,990.99
2025-12-10,DOH,CDG,UK,Y,4,862.82
2025-12-10,DOH,JFK,FR,F,1,4596.5
2025-12-10,DOH,DXB,QA,F,2,4490.2
2025-12-10,DOH,LHR,AE,F,6,4722.23
2025-12-10,DOH,LHR,FR,J,2,3171.16
2025-12-10,DOH,JFK,FR,J,3,2563.64
2025-12-10,DOH,DXB,AE,W,6,1049.38
2025-12-10,DOH,DXB,US,W,3,1151.64
2025-12-10,DOH,DXB,FR,W,1,1184.9
2025-12-10,DOH,CDG,FR,F,5,6171.7
2025-12-10,DOH,CDG,US,F,3,6414.74
2025-12-10,DOH,CDG,US,Y,3,1057.73
2025-12-10,DOH,JFK,QA,J,1,2472.24
2025-12-10,DOH,DXB,UK,W,5,1002.66
2025-12-10,DOH,LHR,US,J,5,2178.07
2025-12-10,DOH,DXB,UK,W,5,1065.38
2025-12-10,DOH,CDG,US,J,1,3732.23
2025-12-10,DOH,DXB,QA,F,2,4450.01
2025-12-10,DOH,CDG,UK,F,7,5457.49
2025-12-10,DOH,JFK,US,W,2,1136.58
2025-12-10,DOH,LHR,AE,F,2,6160.92
2025-12-10,DOH,CDG,QA,W,7,1261.46
2025-12-10,DOH,JFK,QA,J,2,3340.34
2025-12-10,DOH,CDG,FR,J,2,2578.49
2025-12-10,DOH,JFK,US,Y,2,810.02
2025-12-10,DOH,LHR,FR,F,1,4808.33
2025-12-10,DOH,DXB,AE,J,3,3054.45
2025-12-10,DOH,DXB,AE,F,1,6493.45
2025-12-10,DOH,CDG,FR,Y,2,616.77
2025-12-10,DOH,DXB,FR,Y,4,801.4
2025-12-10,DOH,JFK,UK,J,1,2942.9
2025-12-10,DOH,JFK,QA,Y,4,1004.82
2025-12-10,DOH,LHR,US,Y,5,1040.68
2025-12-11,DOH,CDG,US,Y,5,899.41
2025-12-11,DOH,JFK,QA,J,1,3318.29
2025-12-11,DOH,LHR,US,J,2,3287.72
2025-12-11,DOH,LHR,AE,F,6,6458.43
2025-12-11,DOH,CDG,US,Y,2,1011.51
2025-12-11,DOH,DXB,FR,W,7,1162.03
2025-12-11,DOH,CDG,QA,F,3,6533.32
2025-12-11,DOH,LHR,QA,J,4,3665.34
2025-12-11,DOH,JFK,UK,F,3,4503.06
2025-12-11,DOH,DXB,AE,J,4,2737.52
2025-12-11,DOH,LHR,AE,W,2,964.52
2025-12-11,DOH,JFK,UK,Y,4,980.94
2025-12-11,DOH,LHR,US,J,7,2798.69
2025-12-11,DOH,JFK,QA,J,3,2502.53
2025-12-11,DOH,LHR,US,F,1,5971.63
2025-12-11,DOH,LHR,US,F,1,5286.47
2025-12-11,DOH,LHR,UK,Y,3,643.79
2025-12-11,DOH,DXB,AE,F,3,4765.33
2025-12-11,DOH,LHR,UK,J,3,3072.72
2025-12-11,DOH,DXB,FR,W,5,1361.29
2025-12-11,DOH,DXB,AE,Y,1,987.58
2025-12-11,DOH,DXB,QA,W,4,1084.55
2025-12-11,DOH,CDG,UK,W,3,1333.11
2025-12-11,DOH,DXB,QA,F,2,6416.85
2025-12-11,DOH,LHR,FR,J,4,3563.75
2025-12-11,DOH,CDG,US,Y,1,842.71
2025-12-11,DOH,DXB,US,W,3,1266.76
2025-12-11,DOH,LHR,FR,Y,4,1015.63
2025-12-11,DOH,DXB,US,Y,6,869.84
2025-12-11,DOH,DXB,FR,W,1,1282.61
2025-12-11,DOH,CDG,QA,W,2,1176.41
2025-12-11,DOH,DXB,UK,W,1,1080.46
2025-12-11,DOH,LHR,US,F,3,4877.18
2025-12-11,DOH,CDG,AE,F,2,6532.36
2025-12-11,DOH,CDG,QA,J,1,2290.51
2025-12-11,DOH,JFK,QA,W,2,1023.92
2025-12-11,DOH,CDG,US,Y,1,1028.0
2025-12-11,DOH,LHR,AE,J,1,3735.3
2025-12-11,DOH,CDG,AE,W,2,964.01
2025-12-11,DOH,CDG,US,J,2,3470.7
2025-12-11,DOH,CDG,QA,F,1,5493.16
2025-12-11,DOH,JFK,UK,F,1,4635.06
2025-12-11,DOH,LHR,AE,Y,2,849.56
2025-12-11,DOH,CDG,QA,F,5,4605.54
2025-12-11,DOH,CDG,US,J,4,3156.43
2025-12-11,DOH,JFK,QA,F,1,4569.41
2025-12-11,DOH,DXB,US,J,3,2730.63
2025-12-11,DOH,CDG,AE,Y,1,852.92
2025-12-11,DOH,LHR,UK,Y,5,903.85
2025-12-11,DOH,LHR,US,W,1,1162.19
2025-12-11,DOH,LHR,QA,J,2,3122.93
2025-12-11,DOH,JFK,FR,F,5,5734.9
2025-12-11,DOH,JFK,QA,W,3,1127.75
2025-12-11,DOH,CDG,AE,F,3,6487.36
2025-12-11,DOH,CDG,AE,Y,6,818.11
2025-12-11,DOH,LHR,AE,W,2,1110.52
2025-12-11,DOH,LHR,UK,W,5,977.97
2025-12-11,DOH,CDG,AE,J,3,2410.58
2025-12-11,DOH,CDG,FR,Y,2,939.0
2025-12-11,DOH,LHR,FR,W,1,1038.27
2025-12-12,DOH,DXB,US,F,2,4603.28
2025-12-12,DOH,DXB,FR,J,1,2931.19
2025-12-12,DOH,DXB,FR,W,4,1350.34
2025-12-12,DOH,LHR,UK,F,2,4836.6
2025-12-12,DOH,LHR,US,J,3,3501.65
2025-12-12,DOH,JFK,US,J,5,3448.06
2025-12-12,DOH,JFK,AE,F,1,5820.96
2025-12-12,DOH,CDG,UK,W,3,1041.17
2025-12-12,DOH,JFK,FR,F,7,5147.78
2025-12-12,DOH,LHR,QA,Y,6,703.18
2025-12-12,DOH,CDG,QA,J,3,2456.7
2025-12-12,DOH,LHR,AE,J,1,2700.38
2025-12-12,DOH,JFK,QA,J,2,2376.38
2025-12-12,DOH,LHR,US,J,4,3249.32
2025-12-12,DOH,LHR,QA,Y,2,897.91
2025-12-12,DOH,CDG,AE,Y,1,632.43
2025-12-12,DOH,CDG,UK,F,2,5179.08
2025-12-12,DOH,CDG,US,Y,2,987.24
2025-12-12,DOH,CDG,FR,F,3,5396.19
2025-12-12,DOH,CDG,QA,W,2,1271.33
2025-12-12,DOH,LHR,UK,J,2,3283.45
2025-12-12,DOH,JFK,US,W,1,1277.52
2025-12-12,DOH,DXB,FR,F,5,5143.41
2025-12-12,DOH,CDG,US,W,4,1097.25
2025-12-12,DOH,LHR,US,Y,6,889.72
2025-12-12,DOH,LHR,UK,W,1,965.4
2025-12-12,DOH,JFK,FR,Y,2,750.71
2025-12-12,DOH,DXB,AE,W,4,1265.77
2025-12-12,DOH,JFK,QA,F,3,5645.01
2025-12-12,DOH,LHR,US,W,2,1040.13
2025-12-12,DOH,LHR,UK,F,2,5089.67
2025-12-12,DOH,CDG,QA,Y,3,938.77
2025-12-12,DOH,CDG,AE,F,4,5796.72
2025-12-12,DOH,DXB,US,Y,3,819.89
2025-12-12,DOH,JFK,US,Y,2,768.14
2025-12-12,DOH,LHR,UK,W,1,1035.97
2025-12-12,DOH,JFK,FR,Y,3,824.29
2025-12-12,DOH,LHR,FR,J,2,2528.96
2025-12-12,DOH,DXB,FR,W,2,969.78
2025-12-12,DOH,CDG,FR,W,1,1191.51
2025-12-12,DOH,CDG,AE,Y,4,737.5
2025-12-12,DOH,CDG,US,Y,3,1043.65
2025-12-12,DOH,LHR,UK,Y,3,668.1
2025-12-12,DOH,JFK,AE,W,5,1224.2
2025-12-12,DOH,LHR,US,F,2,4424.51
2025-12-12,DOH,LHR,AE,J,5,3638.26
2025-12-12,DOH,JFK,AE,J,1,2655.36
2025-12-12,DOH,JFK,FR,Y,2,905.92
2025-12-12,DOH,CDG,FR,J,2,3059.23
2025-12-12,DOH,LHR,AE,J,3,3041.29
2025-12-12,DOH,DXB,UK,Y,1,899.12
2025-12-12,DOH,CDG,US,W,5,1085.57
2025-12-12,DOH,DXB,US,Y,2,1002.49
2025-12-12,DOH,LHR,QA,J,3,2839.44
2025-12-12,DOH,JFK,UK,F,4,5846.13
2025-12-12,DOH,DXB,FR,W,2,1142.67
2025-12-12,DOH,LHR,FR,J,2,2816.18
2025-12-12,DOH,JFK,QA,W,2,1313.84
2025-12-12,DOH,LHR,UK,J,3,2554.36
2025-12-12,DOH,CDG,AE,F,1,5763.79
2025-12-13,DOH,CDG,UK,F,7,6367.61
2025-12-13,DOH,CDG,US,Y,2,1052.27
2025-12-13,DOH,DXB,UK,W,1,1415.05
2025-12-13,DOH,LHR,FR,Y,1,1034.54
2025-12-13,DOH,LHR,AE,F,2,4662.96
2025-12-13,DOH,JFK,FR,J,4,3144.4
2025-12-13,DOH,CDG,AE,J,4,3176.57
2025-12-13,DOH,CDG,AE,W,1,1182.28
2025-12-13,DOH,CDG,QA,W,3,970.47
2025-12-13,DOH,LHR,FR,W,2,1237.78
2025-12-13,DOH,DXB,QA,Y,3,831.33
2025-12-13,DOH,JFK,UK,F,1,5608.69
2025-12-13,DOH,JFK,UK,Y,1,888.26
2025-12-13,DOH,CDG,FR,F,1,5413.43
2025-12-13,DOH,LHR,US,J,2,3310.47
2025-12-13,DOH,DXB,QA,J,4,3495.21
2025-12-13,DOH,JFK,QA,Y,4,1027.7
2025-12-13,DOH,DXB,QA,F,2,4372.58
2025-12-13,DOH,CDG,US,W,2,1399.84
2025-12-13,DOH,DXB,US,J,4,2874.22
2025-12-13,DOH,DXB,FR,W,5,978.1
2025-12-13,DOH,CDG,UK,F,2,6385.59
2025-12-13,DOH,LHR,FR,J,1,2563.36
2025-12-13,DOH,JFK,US,Y,3,793.87
2025-12-13,DOH,CDG,US,F,1,5193.42
2025-12-13,DOH,JFK,FR,Y,5,1076.57
2025-12-13,DOH,DXB,AE,Y,5,641.9
2025-12-13,DOH,CDG,UK,W,3,1010.03
2025-12-13,DOH,DXB,FR,W,5,1360.61
2025-12-13,DOH,JFK,FR,W,3,1264.83
2025-12-13,DOH,DXB,QA,F,2,5663.56
2025-12-13,DOH,CDG,QA,W,7,1190.6
2025-12-13,DOH,JFK,QA,F,5,6272.24
2025-12-13,DOH,JFK,US,F,3,4777.07
2025-12-13,DOH,DXB,AE,J,3,3650.52
2025-12-13,DOH,JFK,US,F,3,4570.06
2025-12-13,DOH,JFK,FR,W,4,960.11
2025-12-13,DOH,DXB,UK,W,3,1119.41
2025-12-13,DOH,LHR,UK,Y,2,1038.94
2025-12-13,DOH,JFK,FR,W,2,1430.35
2025-12-13,DOH,LHR,US,Y,2,989.05
2025-12-13,DOH,CDG,UK,W,1,1388.99
2025-12-13,DOH,DXB,US,F,2,5600.5
2025-12-13,DOH,JFK,FR,J,4,2750.87
2025-12-13,DOH,CDG,UK,F,2,5964.4
2025-12-13,DOH,CDG,QA,F,4,5421.44
2025-12-13,DOH,JFK,AE,J,2,2779.78
2025-12-13,DOH,DXB,US,J,1,2324.39
2025-12-13,DOH,LHR,FR,Y,1,1016.5
2025-12-13,DOH,JFK,UK,Y,4,739.85
2025-12-13,DOH,LHR,QA,J,5,2668.16
2025-12-13,DOH,DXB,US,Y,2,674.5
2025-12-13,DOH,JFK,QA,F,1,6280.78
2025-12-13,DOH,JFK,QA,Y,2,798.69
2025-12-13,DOH,JFK,FR,F,3,6104.05
2025-12-13,DOH,JFK,QA,F,4,6419.16
2025-12-13,DOH,LHR,AE,F,5,6351.94
2025-12-13,DOH,CDG,UK,J,6,3076.12
2025-12-13,DOH,JFK,US,J,4,2252.95
2025-12-13,DOH,DXB,FR,Y,3,610.16
2025-12-14,DOH,CDG,QA,J,3,3099.01
2025-12-14,DOH,JFK,AE,J,1,3788.93
2025-12-14,DOH,DXB,QA,W,1,1335.34
2025-12-14,DOH,CDG,AE,F,5,5469.35
2025-12-14,DOH,CDG,UK,F,3,5261.61
2025-12-14,DOH,CDG,QA,J,2,2424.23
2025-12-14,DOH,LHR,QA,F,4,6452.68
2025-12-14,DOH,LHR,UK,Y,5,924.3
2025-12-14,DOH,LHR,US,J,7,3283.95
2025-12-14,DOH,LHR,FR,Y,1,741.31
2025-12-14,DOH,LHR,US,W,4,1096.84
2025-12-14,DOH,JFK,FR,F,3,5259.95
2025-12-14,DOH,DXB,UK,F,3,5764.75
2025-12-14,DOH,CDG,US,J,1,2746.43
2025-12-14,DOH,CDG,US,F,7,4699.95
2025-12-14,DOH,JFK,FR,F,4,5388.63
2025-12-14,DOH,DXB,US,Y,6,978.84
2025-12-14,DOH,JFK,QA,Y,4,1060.02
2025-12-14,DOH,DXB,UK,J,1,2697.22
2025-12-14,DOH,JFK,US,J,1,2584.29
2025-12-14,DOH,LHR,FR,Y,2,1050.5
2025-12-14,DOH,CDG,AE,F,3,6148.3
2025-12-14,DOH,CDG,UK,F,5,4681.55
2025-12-14,DOH,JFK,QA,W,5,1220.8
2025-12-14,DOH,CDG,QA,F,6,4280.33
2025-12-14,DOH,CDG,FR,F,2,4926.76
2025-12-14,DOH,JFK,FR,W,1,1137.07
2025-12-14,DOH,JFK,AE,J,3,2227.06
2025-12-14,DOH,LHR,AE,J,6,3615.35
2025-12-14,DOH,LHR,AE,F,3,5038.24
2025-12-14,DOH,CDG,US,Y,4,1057.85
2025-12-14,DOH,CDG,US,W,7,973.77
2025-12-14,DOH,CDG,UK,Y,1,759.03
2025-12-14,DOH,DXB,FR,Y,3,631.41
2025-12-14,DOH,JFK,QA,Y,5,894.77
2025-12-14,DOH,LHR,FR,F,1,5371.34
2025-12-14,DOH,JFK,QA,W,1,1342.6
2025-12-14,DOH,LHR,AE,F,3,5967.57
2025-12-14,DOH,DXB,QA,J,5,3566.11
2025-12-14,DOH,CDG,AE,J,3,3578.02
2025-12-14,DOH,LHR,US,F,1,6238.26
2025-12-14,DOH,DXB,QA,W,2,1202.49
2025-12-14,DOH,LHR,QA,F,1,5461.64
2025-12-14,DOH,CDG,US,J,2,3782.47
2025-12-14,DOH,DXB,US,J,3,3334.76
2025-12-14,DOH,LHR,UK,J,1,2682.1
2025-12-14,DOH,LHR,QA,J,2,3818.28
2025-12-14,DOH,CDG,AE,F,3,5694.63
2025-12-14,DOH,CDG,AE,W,2,1049.11
2025-12-14,DOH,JFK,AE,Y,1,889.28
2025-12-14,DOH,JFK,US,Y,5,759.33
2025-12-14,DOH,DXB,US,F,7,5119.18
2025-12-14,DOH,LHR,FR,J,4,3480.21
2025-12-14,DOH,CDG,FR,Y,6,710.93
2025-12-14,DOH,LHR,US,W,2,1220.88
2025-12-14,DOH,LHR,US,Y,3,625.63
2025-12-14,DOH,LHR,QA,J,2,3650.0
2025-12-14,DOH,DXB,QA,Y,3,1039.5
2025-12-14,DOH,JFK,QA,Y,5,708.97
2025-12-14,DOH,CDG,AE,F,1,4666.63
2025-12-15,DOH,DXB,AE,J,9,3394.51
2025-12-15,DOH,JFK,UK,F,3,5997.71
2025-12-15,DOH,CDG,UK,W,4,1309.72
2025-12-15,DOH,DXB,UK,F,3,4816.64
2025-12-15,DOH,CDG,UK,J,5,3806.34
2025-12-15,DOH,CDG,QA,W,2,1058.76
2025-12-15,DOH,JFK,FR,F,1,5924.57
2025-12-15,DOH,JFK,QA,J,1,2583.85
2025-12-15,DOH,DXB,FR,J,5,2645.3
2025-12-15,DOH,DXB,AE,F,3,5462.88
2025-12-15,DOH,DXB,FR,W,3,982.84
2025-12-15,DOH,DXB,QA,W,3,1326.33
2025-12-15,DOH,LHR,QA,Y,2,640.98
2025-12-15,DOH,JFK,US,W,7,1072.57
2025-12-15,DOH,LHR,QA,J,2,3557.45
2025-12-15,DOH,CDG,US,F,3,4520.55
2025-12-15,DOH,DXB,UK,F,5,4480.37
2025-12-15,DOH,DXB,AE,J,4,3000.58
2025-12-15,DOH,DXB,UK,W,1,1051.21
2025-12-15,DOH,LHR,UK,J,3,3384.23
2025-12-15,DOH,DXB,FR,W,5,984.5
2025-12-15,DOH,CDG,US,Y,4,1024.26
2025-12-15,DOH,LHR,UK,J,3,3368.84
2025-12-15,DOH,JFK,US,W,3,1368.7
2025-12-15,DOH,CDG,AE,J,2,2879.79
2025-12-15,DOH,DXB,FR,F,5,6389.6
2025-12-15,DOH,CDG,FR,F,1,6061.21
2025-12-15,DOH,LHR,QA,Y,4,859.15
2025-12-15,DOH,CDG,US,J,1,3486.12
2025-12-15,DOH,DXB,QA,W,5,1343.38
2025-12-15,DOH,CDG,FR,F,3,5746.39
2025-12-15,DOH,CDG,US,F,4,4585.5
2025-12-15,DOH,DXB,UK,W,2,1070.92
2025-12-15,DOH,DXB,UK,W,1,1050.99
2025-12-15,DOH,JFK,UK,F,2,4461.74
2025-12-15,DOH,CDG,FR,W,3,1202.56
2025-12-15,DOH,CDG,UK,Y,4,874.22
2025-12-15,DOH,CDG,FR,F,8,6439.08
2025-12-15,DOH,DXB,AE,F,3,5109.31
2025-12-15,DOH,CDG,UK,J,5,3316.4
2025-12-15,DOH,JFK,AE,W,2,1411.6
2025-12-15,DOH,DXB,AE,W,1,1046.72
2025-12-15,DOH,LHR,UK,Y,4,844.28
2025-12-15,DOH,JFK,US,J,1,2592.82
2025-12-15,DOH,JFK,QA,J,5,3714.82
2025-12-15,DOH,CDG,QA,W,5,1049.34
2025-12-15,DOH,CDG,QA,J,2,3710.38
2025-12-15,DOH,CDG,UK,J,4,3449.59
2025-12-15,DOH,LHR,QA,J,4,2642.89
2025-12-15,DOH,JFK,AE,Y,3,630.38
2025-12-15,DOH,DXB,FR,Y,6,863.17
2025-12-15,DOH,DXB,AE,W,9,1006.33
2025-12-15,DOH,DXB,US,J,4,2845.51
2025-12-15,DOH,JFK,AE,Y,1,943.28
2025-12-15,DOH,CDG,FR,J,3,3545.59
2025-12-15,DOH,DXB,QA,Y,3,946.83
2025-12-15,DOH,DXB,US,J,8,2937.58
2025-12-15,DOH,CDG,QA,J,7,3726.09
2025-12-15,DOH,LHR,FR,F,3,4853.98
2025-12-15,DOH,LHR,UK,Y,5,755.8
2025-12-16,DOH,DXB,FR,Y,5,695.71
2025-12-16,DOH,JFK,US,W,3,1308.88
2025-12-16,DOH,LHR,FR,W,2,1165.99
2025-12-16,DOH,DXB,US,W,2,1099.04
2025-12-16,DOH,CDG,AE,W,1,1139.89
2025-12-16,DOH,CDG,FR,Y,5,939.04
2025-12-16,DOH,CDG,FR,W,2,1275.25
2025-12-16,DOH,CDG,QA,J,4,3127.25
2025-12-16,DOH,CDG,UK,F,7,6068.75
2025-12-16,DOH,DXB,QA,J,3,3321.26
2025-12-16,DOH,JFK,QA,J,2,2626.49
2025-12-16,DOH,CDG,QA,Y,1,674.54
2025-12-16,DOH,DXB,QA,J,4,2913.15
2025-12-16,DOH,DXB,AE,J,4,2898.09
2025-12-16,DOH,CDG,AE,Y,4,932.07
2025-12-16,DOH,JFK,US,J,1,3492.73
2025-12-16,DOH,CDG,US,W,1,1436.23
2025-12-16,DOH,CDG,US,F,4,5216.44
2025-12-16,DOH,CDG,FR,Y,3,682.79
2025-12-16,DOH,LHR,UK,Y,2,630.47
2025-12-16,DOH,DXB,QA,W,2,961.38
2025-12-16,DOH,CDG,UK,Y,1,1054.88
2025-12-16,DOH,JFK,QA,W,6,1355.28
2025-12-16,DOH,DXB,AE,Y,3,714.02
2025-12-16,DOH,JFK,UK,J,3,3057.02
2025-12-16,DOH,LHR,US,W,5,1321.84
2025-12-16,DOH,JFK,AE,W,2,1343.19
2025-12-16,DOH,DXB,UK,Y,6,864.78
2025-12-16,DOH,CDG,US,F,2,5180.03
2025-12-16,DOH,DXB,UK,F,2,5363.79
2025-12-16,DOH,CDG,QA,Y,3,1017.15
2025-12-16,DOH,DXB,AE,F,4,6536.05
2025-12-16,DOH,JFK,US,J,1,2288.07
2025-12-16,DOH,LHR,AE,Y,3,713.96
2025-12-16,DOH,DXB,QA,F,4,6178.85
2025-12-16,DOH,LHR,QA,W,3,999.42
2025-12-16,DOH,LHR,AE,W,2,1060.1
2025-12-16,DOH,JFK,FR,J,5,3197.26
2025-12-16,DOH,DXB,QA,F,3,4494.24
2025-12-16,DOH,DXB,QA,Y,1,654.53
2025-12-16,DOH,DXB,AE,Y,3,779.2
2025-12-16,DOH,LHR,QA,J,2,3207.19
2025-12-16,DOH,CDG,UK,F,3,4336.76
2025-12-16,DOH,CDG,QA,J,2,3038.26
2025-12-16,DOH,DXB,AE,J,5,3677.32
2025-12-16,DOH,JFK,UK,Y,5,786.86
2025-12-16,DOH,LHR,QA,W,1,1050.59
2025-12-16,DOH,CDG,QA,J,2,3094.82
2025-12-16,DOH,LHR,AE,Y,2,703.43
2025-12-16,DOH,JFK,QA,J,3,2718.8
2025-12-16,DOH,DXB,UK,F,3,4891.77
2025-12-16,DOH,CDG,QA,Y,2,688.5
2025-12-16,DOH,LHR,QA,W,1,967.93
2025-12-16,DOH,JFK,FR,F,9,5782.28
2025-12-16,DOH,LHR,UK,W,3,1077.52
2025-12-16,DOH,DXB,UK,W,3,1395.93
2025-12-16,DOH,JFK,US,F,5,4502.51
2025-12-16,DOH,DXB,US,F,3,4637.4
2025-12-16,DOH,LHR,QA,Y,3,1026.69
2025-12-16,DOH,LHR,US,F,1,6596.39
2025-12-17,DOH,LHR,QA,J,5,2622.45
2025-12-17,DOH,JFK,AE,F,3,5648.25
2025-12-17,DOH,CDG,FR,F,2,5007.05
2025-12-17,DOH,LHR,QA,F,3,6044.27
2025-12-17,DOH,CDG,FR,W,1,994.26
2025-12-17,DOH,JFK,QA,W,6,1103.58
2025-12-17,DOH,CDG,UK,W,1,1416.18
2025-12-17,DOH,LHR,FR,W,2,1231.38
2025-12-17,DOH,DXB,AE,W,4,1277.25
2025-12-17,DOH,LHR,US,Y,5,1060.9
2025-12-17,DOH,JFK,AE,Y,4,906.83
2025-12-17,DOH,LHR,QA,Y,2,818.06
2025-12-17,DOH,DXB,QA,J,3,3384.86
2025-12-17,DOH,CDG,US,F,4,4875.7
2025-12-17,DOH,LHR,QA,Y,3,884.45
2025-12-17,DOH,JFK,AE,J,3,2823.55
2025-12-17,DOH,DXB,UK,Y,3,984.79
2025-12-17,DOH,JFK,US,F,2,6206.47
2025-12-17,DOH,JFK,UK,J,1,3201.25
2025-12-17,DOH,LHR,FR,J,3,2654.77
2025-12-17,DOH,JFK,QA,Y,4,910.83
2025-12-17,DOH,DXB,FR,Y,4,671.21
2025-12-17,DOH,LHR,QA,Y,3,1032.23
2025-12-17,DOH,DXB,UK,F,3,4667.75
2025-12-17,DOH,CDG,QA,Y,2,886.85
2025-12-17,DOH,CDG,US,Y,3,854.73
2025-12-17,DOH,CDG,UK,J,2,3447.64
2025-12-17,DOH,JFK,US,Y,4,838.39
2025-12-17,DOH,DXB,QA,F,4,4248.12
2025-12-17,DOH,DXB,FR,J,5,3634.39
2025-12-17,DOH,DXB,AE,F,3,4531.75
2025-12-17,DOH,LHR,FR,F,4,5698.17
2025-12-17,DOH,DXB,QA,F,4,5132.58
2025-12-17,DOH,LHR,QA,J,2,3691.75
2025-12-17,DOH,DXB,FR,W,4,1024.86
2025-12-17,DOH,LHR,FR,W,2,1300.97
2025-12-17,DOH,CDG,QA,Y,2,923.11
2025-12-17,DOH,JFK,US,F,1,5678.87
2025-12-17,DOH,DXB,UK,Y,3,906.82
2025-12-17,DOH,JFK,QA,J,7,2365.38
2025-12-17,DOH,LHR,US,W,3,1028.83
2025-12-17,DOH,LHR,US,F,3,5541.69
2025-12-17,DOH,DXB,FR,F,2,5485.74
2025-12-17,DOH,LHR,AE,W,8,1394.38
2025-12-17,DOH,JFK,FR,W,2,1127.2
2025-12-17,DOH,CDG,AE,J,1,2389.03
2025-12-17,DOH,LHR,UK,J,4,3087.96
2025-12-17,DOH,LHR,US,J,5,2607.88
2025-12-17,DOH,LHR,AE,Y,3,985.87
2025-12-17,DOH,CDG,QA,F,2,5229.61
2025-12-17,DOH,JFK,QA,Y,5,853.56
2025-12-17,DOH,LHR,FR,J,2,2416.75
2025-12-17,DOH,DXB,AE,J,1,2451.42
2025-12-17,DOH,JFK,US,Y,2,811.54
2025-12-17,DOH,CDG,QA,J,5,2163.38
2025-12-17,DOH,JFK,FR,Y,4,787.7
2025-12-17,DOH,CDG,QA,Y,3,848.58
2025-12-17,DOH,LHR,FR,Y,1,920.6
2025-12-17,DOH,LHR,US,W,4,1351.45
2025-12-17,DOH,LHR,AE,F,2,5205.03
2025-12-18,DOH,LHR,FR,F,2,5031.93
2025-12-18,DOH,CDG,FR,Y,5,769.18
2025-12-18,DOH,DXB,AE,W,3,1268.83
2025-12-18,DOH,DXB,UK,F,3,4233.56
2025-12-18,DOH,LHR,UK,Y,5,702.82
2025-12-18,DOH,CDG,UK,F,1,5106.06
2025-12-18,DOH,CDG,UK,Y,4,903.46
2025-12-18,DOH,LHR,FR,J,1,2661.69
2025-12-18,DOH,DXB,FR,W,2,1118.82
2025-12-18,DOH,JFK,US,Y,6,1031.75
2025-12-18,DOH,LHR,UK,J,3,2461.08
2025-12-18,DOH,CDG,AE,Y,6,1011.57
2025-12-18,DOH,LHR,US,W,4,1253.27
2025-12-18,DOH,JFK,FR,Y,1,651.57
2025-12-18,DOH,DXB,FR,Y,3,839.19
2025-12-18,DOH,CDG,FR,W,6,1196.87
2025-12-18,DOH,CDG,UK,J,3,2606.56
2025-12-18,DOH,CDG,FR,J,2,3355.94
2025-12-18,DOH,LHR,QA,Y,7,692.22
2025-12-18,DOH,CDG,FR,F,3,5145.97
2025-12-18,DOH,CDG,UK,F,2,4574.48
2025-12-18,DOH,LHR,QA,Y,1,1029.2
2025-12-18,DOH,LHR,AE,W,3,1083.64
2025-12-18,DOH,CDG,QA,Y,4,715.98
2025-12-18,DOH,CDG,QA,F,2,5510.51
2025-12-18,DOH,DXB,FR,F,5,6027.78
2025-12-18,DOH,LHR,US,Y,2,1029.48
2025-12-18,DOH,JFK,UK,F,3,5853.84
2025-12-18,DOH,CDG,US,F,2,6082.72
2025-12-18,DOH,DXB,AE,W,4,1050.53
2025-12-18,DOH,LHR,UK,F,6,5311.95
2025-12-18,DOH,CDG,QA,W,2,1243.61
2025-12-18,DOH,CDG,AE,W,5,1306.08
2025-12-18,DOH,CDG,AE,J,4,2687.05
2025-12-18,DOH,CDG,US,F,3,5228.4
2025-12-18,DOH,LHR,US,J,2,2282.59
2025-12-18,DOH,CDG,QA,Y,2,931.92
2025-12-18,DOH,JFK,QA,F,4,6054.43
2025-12-18,DOH,CDG,AE,J,2,3435.94
2025-12-18,DOH,DXB,AE,Y,6,627.61
2025-12-18,DOH,CDG,AE,Y,1,1055.77
2025-12-18,DOH,LHR,QA,W,4,1087.42
2025-12-18,DOH,CDG,US,J,1,2724.0
2025-12-18,DOH,CDG,UK,W,1,1275.29
2025-12-18,DOH,DXB,UK,J,2,3536.63
2025-12-18,DOH,DXB,QA,F,3,6133.68
2025-12-18,DOH,CDG,FR,Y,1,1058.99
2025-12-18,DOH,LHR,FR,J,4,3188.82
2025-12-18,DOH,JFK,FR,W,1,1016.92
2025-12-18,DOH,CDG,US,F,2,5371.75
2025-12-18,DOH,LHR,FR,F,3,6056.5
2025-12-18,DOH,CDG,AE,F,3,4929.35
2025-12-18,DOH,JFK,QA,W,2,1241.84
2025-12-18,DOH,LHR,US,J,3,3016.83
2025-12-18,DOH,JFK,AE,Y,1,826.87
2025-12-18,DOH,JFK,FR,F,3,6558.92
2025-12-18,DOH,DXB,QA,W,1,1103.72
2025-12-18,DOH,DXB,US,Y,1,768.57
2025-12-18,DOH,LHR,UK,J,3,2974.43
2025-12-18,DOH,CDG,QA,Y,5,657.8
2025-12-19,DOH,LHR,AE,Y,1,679.25
2025-12-19,DOH,CDG,AE,F,2,6353.58
2025-12-19,DOH,CDG,US,J,2,3838.01
2025-12-19,DOH,CDG,FR,J,1,2609.4
2025-12-19,DOH,CDG,AE,W,2,1283.22
2025-12-19,DOH,JFK,FR,J,4,3191.54
2025-12-19,DOH,CDG,QA,Y,2,1028.28
2025-12-19,DOH,CDG,FR,J,2,2668.24
2025-12-19,DOH,DXB,US,W,1,1088.12
2025-12-19,DOH,CDG,US,Y,3,724.77
2025-12-19,DOH,DXB,UK,Y,2,1047.9
2025-12-19,DOH,CDG,US,W,2,1045.1
2025-12-19,DOH,DXB,FR,Y,2,736.33
2025-12-19,DOH,CDG,UK,Y,5,1050.81
2025-12-19,DOH,DXB,FR,F,1,6363.28
2025-12-19,DOH,LHR,AE,Y,2,1035.75
2025-12-19,DOH,DXB,FR,F,1,6338.71
2025-12-19,DOH,LHR,UK,F,4,5850.05
2025-12-19,DOH,LHR,FR,J,1,2505.27
2025-12-19,DOH,JFK,US,J,3,3793.41
2025-12-19,DOH,CDG,AE,F,2,5987.32
2025-12-19,DOH,LHR,FR,W,2,1052.99
2025-12-19,DOH,JFK,AE,W,1,1420.2
2025-12-19,DOH,CDG,UK,J,3,2472.5
2025-12-19,DOH,LHR,FR,F,4,5689.21
2025-12-19,DOH,LHR,AE,Y,1,696.76
2025-12-19,DOH,DXB,QA,W,3,975.95
2025-12-19,DOH,CDG,AE,W,7,1019.71
2025-12-19,DOH,DXB,QA,W,6,1191.6
2025-12-19,DOH,LHR,QA,J,2,3349.02
2025-12-19,DOH,LHR,UK,J,3,3559.91
2025-12-19,DOH,CDG,AE,Y,5,753.22
2025-12-19,DOH,LHR,FR,W,2,1161.46
2025-12-19,DOH,JFK,UK,W,2,975.38
2025-12-19,DOH,LHR,AE,J,4,2206.02
2025-12-19,DOH,LHR,QA,W,6,1086.65
2025-12-19,DOH,LHR,UK,Y,5,734.39
2025-12-19,DOH,LHR,QA,J,3,2420.41
2025-12-19,DOH,JFK,AE,W,2,1048.62
2025-12-19,DOH,CDG,FR,J,4,2779.11
2025-12-19,DOH,DXB,FR,W,2,1153.54
2025-12-19,DOH,CDG,US,W,5,1148.73
2025-12-19,DOH,CDG,FR,W,1,1339.39
2025-12-19,DOH,JFK,UK,J,5,2697.56
2025-12-19,DOH,LHR,AE,F,4,6310.4
2025-12-19,DOH,CDG,AE,J,3,3217.65
2025-12-19,DOH,DXB,FR,W,3,1206.08
2025-12-19,DOH,JFK,FR,F,3,4524.02
2025-12-19,DOH,DXB,UK,Y,3,934.74
2025-12-19,DOH,DXB,US,Y,3,865.24
2025-12-19,DOH,CDG,UK,W,2,1308.47
2025-12-19,DOH,CDG,US,W,5,1135.52
2025-12-19,DOH,CDG,UK,Y,2,775.84
2025-12-19,DOH,LHR,AE,F,2,4656.89
2025-12-19,DOH,JFK,US,J,3,2782.75
2025-12-19,DOH,DXB,QA,Y,4,943.76
2025-12-19,DOH,DXB,UK,J,5,3381.96
2025-12-19,DOH,JFK,UK,Y,5,804.43
2025-12-19,DOH,CDG,US,W,1,1017.18
2025-12-19,DOH,LHR,AE,Y,3,606.61
2025-12-20,DOH,CDG,AE,J,5,2730.24
2025-12-20,DOH,JFK,UK,J,2,3208.37
2025-12-20,DOH,JFK,QA,J,2,2762.62
2025-12-20,DOH,CDG,UK,W,2,1336.96
2025-12-20,DOH,DXB,QA,Y,1,710.88
2025-12-20,DOH,CDG,FR,Y,4,918.11
2025-12-20,DOH,DXB,US,W,1,1020.67
2025-12-20,DOH,CDG,QA,Y,1,879.03
2025-12-20,DOH,JFK,UK,Y,4,774.63
2025-12-20,DOH,DXB,QA,W,2,1338.83
2025-12-20,DOH,LHR,US,J,5,2881.8
2025-12-20,DOH,DXB,AE,J,5,2814.85
2025-12-20,DOH,CDG,FR,W,2,1230.3
2025-12-20,DOH,LHR,US,Y,2,605.91
2025-12-20,DOH,JFK,AE,Y,3,888.01
2025-12-20,DOH,JFK,AE,Y,4,744.41
2025-12-20,DOH,JFK,US,J,2,3592.16
2025-12-20,DOH,DXB,AE,F,5,6131.87
2025-12-20,DOH,CDG,UK,W,2,1377.01
2025-12-20,DOH,JFK,AE,F,2,5050.06
2025-12-20,DOH,JFK,UK,F,2,4264.31
2025-12-20,DOH,DXB,FR,J,4,2311.19
2025-12-20,DOH,CDG,QA,W,1,1355.44
2025-12-20,DOH,LHR,UK,F,3,6304.17
2025-12-20,DOH,DXB,US,Y,3,926.38
2025-12-20,DOH,JFK,FR,Y,1,842.21
2025-12-20,DOH,DXB,QA,J,2,2292.39
2025-12-20,DOH,JFK,FR,W,4,1405.43
2025-12-20,DOH,CDG,QA,F,6,4440.46
2025-12-20,DOH,JFK,AE,W,1,1342.12
2025-12-20,DOH,LHR,AE,F,1,4499.77
2025-12-20,DOH,CDG,US,J,2,3703.55
2025-12-20,DOH,LHR,AE,W,3,1048.4
2025-12-20,DOH,LHR,US,W,1,971.75
2025-12-20,DOH,CDG,UK,Y,3,782.32
2025-12-20,DOH,DXB,QA,Y,1,605.72
2025-12-20,DOH,JFK,UK,Y,5,676.7
2025-12-20,DOH,JFK,QA,Y,6,806.05
2025-12-20,DOH,LHR,UK,W,7,1013.61
2025-12-20,DOH,DXB,US,W,2,1022.98
2025-12-20,DOH,JFK,UK,Y,2,673.84
2025-12-20,DOH,LHR,UK,J,3,3814.32
2025-12-20,DOH,JFK,FR,F,2,6478.95
2025-12-20,DOH,LHR,US,Y,2,1032.26
2025-12-20,DOH,LHR,QA,Y,2,624.8
2025-12-20,DOH,CDG,QA,F,6,4852.67
2025-12-20,DOH,LHR,QA,Y,5,859.29
2025-12-20,DOH,DXB,UK,F,3,6340.34
2025-12-20,DOH,DXB,QA,W,3,1181.95
2025-12-20,DOH,DXB,US,W,7,1232.66
2025-12-20,DOH,DXB,UK,F,7,4344.05
2025-12-20,DOH,DXB,FR,W,3,1059.25
2025-12-20,DOH,LHR,UK,F,5,5596.74
2025-12-20,DOH,CDG,AE,J,3,3172.58
2025-12-20,DOH,DXB,QA,Y,4,1026.35
2025-12-20,DOH,DXB,QA,J,2,3733.77
2025-12-20,DOH,DXB,FR,Y,3,964.32
2025-12-20,DOH,JFK,US,W,4,1061.68
2025-12-20,DOH,JFK,FR,J,2,3231.27
2025-12-20,DOH,JFK,AE,W,6,1426.23
2025-12-21,DOH,JFK,US,W,6,1183.81
2025-12-21,DOH,LHR,FR,F,4,5724.77
2025-12-21,DOH,LHR,US,F,4,4772.6
2025-12-21,DOH,JFK,UK,F,5,6527.07
2025-12-21,DOH,LHR,AE,Y,5,800.63
2025-12-21,DOH,DXB,AE,J,3,3397.9
2025-12-21,DOH,JFK,US,Y,2,1007.36
2025-12-21,DOH,LHR,UK,Y,4,633.16
2025-12-21,DOH,CDG,UK,J,3,3612.93
2025-12-21,DOH,DXB,FR,W,2,1258.17
2025-12-21,DOH,CDG,FR,W,1,1128.04
2025-12-21,DOH,CDG,QA,Y,1,747.73
2025-12-21,DOH,DXB,AE,Y,5,1075.48
2025-12-21,DOH,LHR,QA,Y,2,727.78
2025-12-21,DOH,CDG,US,W,4,1145.3
2025-12-21,DOH,DXB,US,F,6,6232.9
2025-12-21,DOH,LHR,AE,F,1,4749.51
2025-12-21,DOH,CDG,QA,Y,1,819.88
2025-12-21,DOH,DXB,AE,Y,1,737.86
2025-12-21,DOH,JFK,AE,J,4,3302.1
2025-12-21,DOH,LHR,AE,Y,3,842.76
2025-12-21,DOH,CDG,QA,J,2,2353.88
2025-12-21,DOH,LHR,UK,F,2,6455.74
2025-12-21,DOH,JFK,US,W,3,1054.76
2025-12-21,DOH,LHR,US,Y,2,614.6
2025-12-21,DOH,JFK,UK,W,4,1121.67
2025-12-21,DOH,CDG,FR,Y,2,930.23
2025-12-21,DOH,JFK,US,F,5,5070.7
2025-12-21,DOH,CDG,UK,J,3,2498.72
2025-12-21,DOH,JFK,AE,F,5,5838.55
2025-12-21,DOH,JFK,QA,W,1,1185.11
2025-12-21,DOH,CDG,UK,Y,1,965.63
2025-12-21,DOH,LHR,FR,W,5,1233.48
2025-12-21,DOH,JFK,UK,J,5,3755.93
2025-12-21,DOH,LHR,US,Y,1,623.89
2025-12-21,DOH,CDG,QA,Y,2,603.52
2025-12-21,DOH,DXB,QA,Y,1,984.44
2025-12-21,DOH,JFK,FR,W,1,1269.16
2025-12-21,DOH,LHR,UK,Y,6,881.19
2025-12-21,DOH,DXB,QA,J,4,2248.63
2025-12-21,DOH,JFK,AE,F,5,6062.73
2025-12-21,DOH,CDG,FR,J,1,2212.89
2025-12-21,DOH,CDG,AE,W,5,1358.92
2025-12-21,DOH,JFK,QA,J,3,2859.24
2025-12-21,DOH,LHR,AE,Y,2,1008.45
2025-12-21,DOH,LHR,AE,J,4,3313.42
2025-12-21,DOH,JFK,QA,F,4,5907.98
2025-12-21,DOH,DXB,UK,J,4,2223.67
2025-12-21,DOH,CDG,QA,W,4,1334.11
2025-12-21,DOH,CDG,US,J,3,3697.8
2025-12-21,DOH,CDG,UK,J,1,2949.95
2025-12-21,DOH,DXB,QA,Y,1,848.76
2025-12-21,DOH,DXB,QA,W,3,1319.85
2025-12-21,DOH,JFK,US,F,3,4511.04
2025-12-21,DOH,CDG,US,W,4,1214.47
2025-12-21,DOH,DXB,US,J,1,3047.59
2025-12-21,DOH,LHR,FR,F,6,6496.06
2025-12-21,DOH,LHR,AE,F,2,5093.03
2025-12-21,DOH,LHR,AE,F,5,4687.83
2025-12-21,DOH,DXB,US,F,4,4311.85
2025-12-22,DOH,LHR,AE,J,4,3385.13
2025-12-22,DOH,JFK,US,Y,2,789.68
2025-12-22,DOH,DXB,FR,W,3,1087.62
2025-12-22,DOH,CDG,US,F,3,5826.21
2025-12-22,DOH,DXB,US,Y,2,798.72
2025-12-22,DOH,LHR,US,F,3,5975.46
2025-12-22,DOH,JFK,FR,W,4,1330.46
2025-12-22,DOH,DXB,QA,J,4,3106.23
2025-12-22,DOH,CDG,AE,Y,1,1002.96
2025-12-22,DOH,DXB,AE,J,3,3092.41
2025-12-22,DOH,LHR,FR,Y,2,877.61
2025-12-22,DOH,LHR,AE,J,4,3168.23
2025-12-22,DOH,JFK,UK,Y,3,1050.7
2025-12-22,DOH,DXB,AE,J,4,2487.19
2025-12-22,DOH,JFK,QA,W,5,1048.59
2025-12-22,DOH,LHR,UK,W,2,1026.66
2025-12-22,DOH,DXB,FR,Y,5,717.2
2025-12-22,DOH,DXB,FR,Y,4,732.69
2025-12-22,DOH,DXB,US,W,2,1097.78
2025-12-22,DOH,LHR,AE,Y,7,857.03
2025-12-22,DOH,LHR,AE,Y,2,707.19
2025-12-22,DOH,CDG,FR,W,5,963.95
2025-12-22,DOH,JFK,UK,W,4,1067.87
2025-12-22,DOH,DXB,QA,F,1,4386.64
2025-12-22,DOH,DXB,FR,F,3,6310.5
2025-12-22,DOH,JFK,UK,J,1,2436.84
2025-12-22,DOH,JFK,UK,F,4,4765.44
2025-12-22,DOH,LHR,QA,Y,5,720.57
2025-12-22,DOH,LHR,FR,F,3,4251.32
2025-12-22,DOH,DXB,QA,Y,7,658.1
2025-12-22,DOH,JFK,QA,W,2,1313.81
2025-12-22,DOH,JFK,FR,F,5,4948.96
2025-12-22,DOH,JFK,FR,F,5,5842.02
2025-12-22,DOH,CDG,US,J,3,2950.05
2025-12-22,DOH,DXB,US,J,3,2703.27
2025-12-22,DOH,JFK,AE,J,5,2870.78
2025-12-22,DOH,JFK,UK,W,1,1301.88
2025-12-22,DOH,JFK,AE,Y,5,756.88
2025-12-22,DOH,JFK,US,J,1,3487.73
2025-12-22,DOH,CDG,FR,W,2,969.92
2025-12-22,DOH,DXB,AE,J,1,2923.95
2025-12-22,DOH,LHR,AE,F,6,5146.65
2025-12-22,DOH,DXB,AE,Y,6,614.55
2025-12-22,DOH,JFK,US,W,2,1304.48
2025-12-22,DOH,LHR,UK,J,2,2492.3
2025-12-22,DOH,JFK,UK,W,1,1306.53
2025-12-22,DOH,DXB,UK,W,2,1225.89
2025-12-22,DOH,DXB,QA,Y,4,828.35
2025-12-22,DOH,LHR,US,Y,3,839.31
2025-12-22,DOH,CDG,AE,W,3,1360.38
2025-12-22,DOH,DXB,QA,W,5,1294.25
2025-12-22,DOH,DXB,US,W,3,1200.35
2025-12-22,DOH,LHR,FR,J,4,2811.53
2025-12-22,DOH,DXB,QA,J,8,2305.55
2025-12-22,DOH,JFK,QA,F,3,5752.21
2025-12-22,DOH,LHR,FR,F,3,5278.73
2025-12-22,DOH,CDG,FR,J,4,2733.29
2025-12-22,DOH,CDG,FR,F,1,4739.62
2025-12-22,DOH,LHR,FR,F,2,4538.96
2025-12-22,DOH,DXB,FR,F,3,5248.33
2025-12-23,DOH,CDG,AE,J,3,3212.46
2025-12-23,DOH,JFK,AE,W,8,1411.49
2025-12-23,DOH,CDG,QA,F,5,5722.38
2025-12-23,DOH,CDG,US,W,3,1427.95
2025-12-23,DOH,LHR,AE,Y,4,652.32
2025-12-23,DOH,CDG,FR,F,3,4548.89
2025-12-23,DOH,DXB,FR,J,1,2407.18
2025-12-23,DOH,DXB,QA,Y,5,1077.63
2025-12-23,DOH,LHR,AE,W,4,1133.26
2025-12-23,DOH,CDG,FR,W,5,1131.73
2025-12-23,DOH,JFK,UK,Y,1,936.11
2025-12-23,DOH,CDG,AE,W,3,1140.59
2025-12-23,DOH,CDG,UK,J,1,3100.06
2025-12-23,DOH,LHR,QA,J,4,2772.16
2025-12-23,DOH,JFK,QA,Y,1,956.02
2025-12-23,DOH,CDG,US,J,6,2760.4
2025-12-23,DOH,CDG,FR,W,5,1179.9
2025-12-23,DOH,LHR,QA,J,6,2386.31
2025-12-23,DOH,CDG,UK,J,3,2470.0
2025-12-23,DOH,CDG,AE,F,2,6349.93
2025-12-23,DOH,DXB,FR,J,2,2855.41
2025-12-23,DOH,DXB,QA,W,2,1066.22
2025-12-23,DOH,JFK,QA,J,6,2252.19
2025-12-23,DOH,LHR,US,Y,1,771.17
2025-12-23,DOH,LHR,FR,W,5,1385.8
2025-12-23,DOH,CDG,QA,Y,3,993.06
2025-12-23,DOH,CDG,AE,Y,1,928.32
2025-12-23,DOH,JFK,UK,W,2,1341.93
2025-12-23,DOH,JFK,QA,W,2,998.33
2025-12-23,DOH,LHR,AE,F,7,4756.26
2025-12-23,DOH,LHR,UK,J,4,3727.23
2025-12-23,DOH,DXB,AE,J,4,3298.0
2025-12-23,DOH,LHR,AE,F,5,5386.54
2025-12-23,DOH,JFK,QA,Y,4,641.9
2025-12-23,DOH,DXB,UK,F,1,6462.65
2025-12-23,DOH,DXB,FR,J,3,2281.43
2025-12-23,DOH,CDG,QA,F,3,4512.7
2025-12-23,DOH,LHR,UK,Y,4,916.33
2025-12-23,DOH,LHR,US,J,2,3579.68
2025-12-23,DOH,CDG,FR,W,2,1198.9
2025-12-23,DOH,DXB,FR,J,4,3500.04
2025-12-23,DOH,DXB,UK,J,2,3738.41
2025-12-23,DOH,CDG,US,J,6,2907.08
2025-12-23,DOH,CDG,UK,F,3,5859.52
2025-12-23,DOH,DXB,UK,J,3,2498.52
2025-12-23,DOH,CDG,UK,Y,3,789.59
2025-12-23,DOH,LHR,AE,J,1,3237.38
2025-12-23,DOH,CDG,QA,Y,1,609.16
2025-12-23,DOH,CDG,UK,Y,5,1008.83
2025-12-23,DOH,LHR,FR,J,5,3478.77
2025-12-23,DOH,LHR,UK,W,3,1384.9
2025-12-23,DOH,JFK,US,Y,1,807.47
2025-12-23,DOH,JFK,US,W,4,1260.73
2025-12-23,DOH,JFK,AE,Y,2,674.87
2025-12-23,DOH,LHR,FR,Y,3,983.0
2025-12-23,DOH,LHR,US,F,4,5400.5
2025-12-23,DOH,CDG,FR,W,3,1179.66
2025-12-23,DOH,DXB,US,W,1,986.4
2025-12-23,DOH,LHR,FR,W,3,1221.72
2025-12-23,DOH,LHR,UK,F,6,4843.83
2025-12-24,DOH,CDG,FR,J,4,3055.93
2025-12-24,DOH,LHR,UK,Y,3,835.93
2025-12-24,DOH,JFK,AE,J,2,2956.26
2025-12-24,DOH,CDG,AE,F,4,6537.58
2025-12-24,DOH,JFK,FR,F,5,4460.68
2025-12-24,DOH,CDG,FR,J,7,3254.09
2025-12-24,DOH,JFK,UK,Y,1,748.29
2025-12-24,DOH,LHR,US,J,5,3512.75
2025-12-24,DOH,CDG,UK,F,5,6204.35
2025-12-24,DOH,LHR,QA,F,2,4683.22
2025-12-24,DOH,CDG,QA,J,2,3141.12
2025-12-24,DOH,JFK,US,W,5,1424.61
2025-12-24,DOH,LHR,US,F,1,6573.31
2025-12-24,DOH,CDG,US,J,5,2852.01
2025-12-24,DOH,LHR,FR,Y,7,852.4
2025-12-24,DOH,CDG,AE,F,6,6067.31
2025-12-24,DOH,JFK,US,W,1,976.72
2025-12-24,DOH,LHR,US,J,5,3494.96
2025-12-24,DOH,DXB,AE,Y,4,924.63
2025-12-24,DOH,LHR,UK,W,2,1062.54
2025-12-24,DOH,LHR,UK,Y,6,784.0
2025-12-24,DOH,JFK,FR,J,5,3089.31
2025-12-24,DOH,LHR,FR,W,6,1093.55
2025-12-24,DOH,JFK,FR,W,3,1241.82
2025-12-24,DOH,CDG,US,F,5,6569.28
2025-12-24,DOH,DXB,UK,Y,2,706.37
2025-12-24,DOH,JFK,UK,J,1,3084.62
2025-12-24,DOH,JFK,UK,Y,2,1045.46
2025-12-24,DOH,DXB,UK,W,5,1154.64
2025-12-24,DOH,JFK,UK,J,6,2276.24
2025-12-24,DOH,CDG,UK,W,2,1144.74
2025-12-24,DOH,CDG,FR,J,3,3090.21
2025-12-24,DOH,LHR,US,F,3,4540.94
2025-12-24,DOH,DXB,US,J,2,3712.83
2025-12-24,DOH,CDG,US,W,3,1159.64
2025-12-24,DOH,JFK,US,J,3,3011.61
2025-12-24,DOH,CDG,US,J,1,2918.32
2025-12-24,DOH,CDG,UK,Y,4,764.16
2025-12-24,DOH,CDG,QA,W,2,1045.6
2025-12-24,DOH,DXB,UK,Y,2,976.09
2025-12-24,DOH,CDG,UK,Y,4,712.2
2025-12-24,DOH,JFK,AE,J,3,2829.85
2025-12-24,DOH,LHR,QA,W,4,1243.72
2025-12-24,DOH,DXB,UK,J,3,2663.92
2025-12-24,DOH,CDG,QA,F,4,5795.69
2025-12-24,DOH,LHR,AE,W,3,1197.53
2025-12-24,DOH,JFK,FR,Y,3,772.77
2025-12-24,DOH,CDG,FR,Y,1,1058.74
2025-12-24,DOH,DXB,FR,Y,5,688.32
2025-12-24,DOH,LHR,UK,W,4,1284.66
2025-12-24,DOH,CDG,US,W,7,1123.98
2025-12-24,DOH,CDG,US,J,1,3428.93
2025-12-24,DOH,CDG,UK,Y,2,909.87
2025-12-24,DOH,DXB,AE,W,2,1167.46
2025-12-24,DOH,LHR,FR,F,3,4694.28
2025-12-24,DOH,CDG,QA,Y,1,930.4
2025-12-24,DOH,JFK,QA,W,4,1311.8
2025-12-24,DOH,DXB,US,W,1,1175.15
2025-12-24,DOH,JFK,UK,J,1,3667.49
2025-12-24,DOH,CDG,QA,Y,5,957.21
2025-12-25,DOH,DXB,AE,Y,5,1014.58
2025-12-25,DOH,JFK,US,W,2,1427.0
2025-12-25,DOH,LHR,QA,F,4,5647.79
2025-12-25,DOH,JFK,QA,Y,2,879.4
2025-12-25,DOH,DXB,AE,F,4,4221.08
2025-12-25,DOH,JFK,UK,F,4,5995.28
2025-12-25,DOH,DXB,UK,W,5,961.94
2025-12-25,DOH,LHR,AE,J,1,3101.34
2025-12-25,DOH,DXB,FR,W,2,1157.87
2025-12-25,DOH,LHR,FR,F,3,5768.71
2025-12-25,DOH,DXB,QA,Y,1,627.89
2025-12-25,DOH,LHR,AE,F,3,6270.14
2025-12-25,DOH,CDG,AE,Y,4,793.57
2025-12-25,DOH,CDG,FR,W,2,1273.03
2025-12-25,DOH,DXB,FR,J,1,2436.08
2025-12-25,DOH,JFK,QA,F,1,4744.03
2025-12-25,DOH,LHR,AE,F,2,6432.51
2025-12-25,DOH,JFK,UK,W,1,1389.16
2025-12-25,DOH,JFK,AE,J,4,3480.13
2025-12-25,DOH,DXB,FR,F,3,6232.98
2025-12-25,DOH,JFK,US,J,4,3757.38
2025-12-25,DOH,CDG,US,W,6,1284.84
2025-12-25,DOH,JFK,UK,J,1,2414.17
2025-12-25,DOH,LHR,AE,J,1,3505.65
2025-12-25,DOH,CDG,FR,J,4,3127.96
2025-12-25,DOH,LHR,UK,F,1,5529.36
2025-12-25,DOH,LHR,US,J,2,2860.79
2025-12-25,DOH,CDG,UK,Y,1,1042.85
2025-12-25,DOH,LHR,QA,Y,4,979.93
2025-12-25,DOH,LHR,UK,W,2,1184.24
2025-12-25,DOH,DXB,FR,F,4,4749.99
2025-12-25,DOH,JFK,US,F,2,6354.65
2025-12-25,DOH,JFK,QA,F,1,6482.11
2025-12-25,DOH,CDG,QA,Y,2,805.51
2025-12-25,DOH,JFK,AE,Y,3,1035.29
2025-12-25,DOH,DXB,AE,W,6,1352.91
2025-12-25,DOH,LHR,US,F,2,4527.08
2025-12-25,DOH,CDG,UK,F,6,6341.1
2025-12-25,DOH,LHR,AE,Y,7,609.88
2025-12-25,DOH,LHR,FR,F,1,4896.0
2025-12-25,DOH,DXB,FR,W,4,1104.64
2025-12-25,DOH,CDG,FR,F,4,5096.34
2025-12-25,DOH,DXB,AE,F,4,6468.57
2025-12-25,DOH,JFK,UK,Y,5,642.52
2025-12-25,DOH,JFK,QA,J,2,3030.05
2025-12-25,DOH,LHR,FR,J,3,3546.2
2025-12-25,DOH,CDG,UK,W,4,1374.58
2025-12-25,DOH,DXB,UK,J,4,3682.13
2025-12-25,DOH,LHR,QA,Y,5,1045.64
2025-12-25,DOH,LHR,FR,Y,2,845.88
2025-12-25,DOH,CDG,FR,F,2,5405.98
2025-12-25,DOH,DXB,UK,F,4,5452.01
2025-12-25,DOH,DXB,US,Y,3,1052.55
2025-12-25,DOH,DXB,US,F,1,6576.06
2025-12-25,DOH,LHR,AE,F,5,4527.62
2025-12-25,DOH,DXB,AE,F,5,6424.17
2025-12-25,DOH,LHR,UK,Y,3,603.09
2025-12-25,DOH,CDG,AE,Y,1,790.59
2025-12-25,DOH,DXB,AE,Y,5,1004.22
2025-12-25,DOH,JFK,FR,W,3,1052.95
2025-12-26,DOH,JFK,US,F,4,4304.37
2025-12-26,DOH,JFK,UK,F,3,5225.23
2025-12-26,DOH,LHR,US,J,2,3359.49
2025-12-26,DOH,JFK,UK,F,1,4979.45
2025-12-26,DOH,LHR,FR,Y,1,840.73
2025-12-26,DOH,CDG,FR,J,1,2223.56
2025-12-26,DOH,DXB,UK,F,2,5744.84
2025-12-26,DOH,CDG,AE,F,4,5901.17
2025-12-26,DOH,LHR,FR,J,3,2389.77
2025-12-26,DOH,JFK,AE,Y,5,766.24
2025-12-26,DOH,JFK,UK,Y,4,913.82
2025-12-26,DOH,LHR,AE,W,2,992.76
2025-12-26,DOH,LHR,FR,W,1,1030.61
2025-12-26,DOH,JFK,UK,Y,1,838.75
2025-12-26,DOH,CDG,QA,W,3,1034.13
2025-12-26,DOH,JFK,UK,J,5,3813.4
2025-12-26,DOH,JFK,US,F,4,5069.2
2025-12-26,DOH,JFK,AE,Y,2,1056.78
2025-12-26,DOH,LHR,AE,Y,1,640.74
2025-12-26,DOH,JFK,UK,J,3,3763.11
2025-12-26,DOH,LHR,US,Y,4,693.69
2025-12-26,DOH,DXB,AE,F,5,6216.8
2025-12-26,DOH,CDG,FR,F,4,5400.09
2025-12-26,DOH,LHR,QA,F,5,6328.38
2025-12-26,DOH,LHR,US,J,1,3617.31
2025-12-26,DOH,JFK,FR,W,3,1085.87
2025-12-26,DOH,DXB,QA,Y,3,871.92
2025-12-26,DOH,LHR,QA,Y,5,768.19
2025-12-26,DOH,JFK,QA,W,1,1137.93
2025-12-26,DOH,CDG,AE,F,3,6039.38
2025-12-26,DOH,JFK,UK,J,6,2615.64
2025-12-26,DOH,CDG,US,J,1,3014.62
2025-12-26,DOH,JFK,FR,Y,3,820.91
2025-12-26,DOH,CDG,US,J,5,2979.81
2025-12-26,DOH,JFK,UK,F,5,4267.62
2025-12-26,DOH,LHR,UK,F,4,5140.83
2025-12-26,DOH,CDG,US,J,2,3467.86
2025-12-26,DOH,JFK,FR,Y,3,989.55
2025-12-26,DOH,CDG,US,Y,5,993.11
2025-12-26,DOH,JFK,AE,W,2,1321.98
2025-12-26,DOH,LHR,UK,Y,1,769.74
2025-12-26,DOH,DXB,US,F,2,6031.06
2025-12-26,DOH,DXB,FR,W,3,1405.08
2025-12-26,DOH,CDG,AE,W,2,1137.66
2025-12-26,DOH,LHR,US,F,1,5956.65
2025-12-26,DOH,CDG,FR,Y,4,986.89
2025-12-26,DOH,DXB,AE,Y,3,716.75
2025-12-26,DOH,LHR,QA,Y,6,940.39
2025-12-26,DOH,DXB,US,J,4,2464.65
2025-12-26,DOH,CDG,UK,J,4,3362.9
2025-12-26,DOH,LHR,QA,Y,5,903.1
2025-12-26,DOH,CDG,QA,W,3,1149.33
2025-12-26,DOH,CDG,AE,J,1,2210.32
2025-12-26,DOH,CDG,UK,F,5,6570.94
2025-12-26,DOH,CDG,AE,W,3,995.4
2025-12-26,DOH,LHR,FR,W,5,973.91
2025-12-26,DOH,JFK,FR,J,3,2412.57
2025-12-26,DOH,CDG,UK,W,2,1201.28
2025-12-26,DOH,CDG,FR,W,4,1355.4
2025-12-26,DOH,LHR,US,J,4,3263.26
2025-12-27,DOH,CDG,FR,J,3,3790.46
2025-12-27,DOH,CDG,QA,Y,2,659.58
2025-12-27,DOH,CDG,US,J,1,3293.46
2025-12-27,DOH,DXB,QA,Y,3,669.07
2025-12-27,DOH,JFK,US,W,2,1426.74
2025-12-27,DOH,LHR,US,F,4,6244.5
2025-12-27,DOH,LHR,FR,J,2,2575.01
2025-12-27,DOH,DXB,QA,Y,2,909.36
2025-12-27,DOH,JFK,AE,J,3,2319.84
2025-12-27,DOH,CDG,AE,W,1,978.53
2025-12-27,DOH,CDG,QA,J,4,3108.38
2025-12-27,DOH,JFK,AE,J,4,2735.4
2025-12-27,DOH,JFK,US,J,2,2778.13
2025-12-27,DOH,CDG,FR,J,5,3106.61
2025-12-27,DOH,CDG,UK,F,7,4466.08
2025-12-27,DOH,JFK,QA,F,5,6179.52
2025-12-27,DOH,DXB,US,J,3,3560.16
2025-12-27,DOH,CDG,FR,J,5,3455.24
2025-12-27,DOH,CDG,FR,F,1,5740.06
2025-12-27,DOH,LHR,AE,J,2,3079.93
2025-12-27,DOH,DXB,AE,W,1,984.91
2025-12-27,DOH,DXB,AE,W,2,1332.65
2025-12-27,DOH,LHR,US,W,1,1324.04
2025-12-27,DOH,JFK,FR,J,3,2329.27
2025-12-27,DOH,LHR,QA,F,2,6040.93
2025-12-27,DOH,JFK,FR,Y,1,1063.46
2025-12-27,DOH,CDG,US,W,5,1145.45
2025-12-27,DOH,LHR,FR,Y,1,619.79
2025-12-27,DOH,JFK,UK,Y,6,872.94
2025-12-27,DOH,DXB,QA,F,1,5277.47
2025-12-27,DOH,DXB,US,W,2,1268.33
2025-12-27,DOH,CDG,US,Y,2,784.41
2025-12-27,DOH,LHR,QA,W,4,1177.18
2025-12-27,DOH,LHR,US,W,2,1109.06
2025-12-27,DOH,CDG,UK,F,4,6534.19
2025-12-27,DOH,DXB,US,W,7,1395.75
2025-12-27,DOH,LHR,UK,F,1,4787.46
2025-12-27,DOH,LHR,UK,W,1,1041.17
2025-12-27,DOH,JFK,QA,Y,2,1047.49
2025-12-27,DOH,DXB,UK,J,1,3101.29
2025-12-27,DOH,JFK,AE,J,4,3626.86
2025-12-27,DOH,JFK,QA,W,5,1296.84
2025-12-27,DOH,CDG,FR,Y,6,763.77
2025-12-27,DOH,DXB,UK,Y,1,1005.88
2025-12-27,DOH,CDG,QA,J,5,2642.65
2025-12-27,DOH,CDG,UK,W,4,1044.59
2025-12-27,DOH,DXB,QA,Y,3,706.1
2025-12-27,DOH,DXB,QA,W,2,1379.28
2025-12-27,DOH,DXB,FR,J,1,2831.7
2025-12-27,DOH,LHR,UK,F,3,5541.76
2025-12-27,DOH,CDG,FR,Y,4,859.21
2025-12-27,DOH,JFK,UK,J,1,2192.71
2025-12-27,DOH,JFK,UK,F,2,4411.6
2025-12-27,DOH,JFK,QA,F,5,4471.09
2025-12-27,DOH,JFK,AE,J,5,3376.84
2025-12-27,DOH,JFK,US,J,4,2850.11
2025-12-27,DOH,LHR,UK,Y,2,888.77
2025-12-27,DOH,LHR,AE,J,2,3155.45
2025-12-27,DOH,DXB,US,F,4,4724.97
2025-12-27,DOH,JFK,UK,F,5,5969.25
2025-12-28,DOH,DXB,US,F,2,4791.08
2025-12-28,DOH,JFK,US,Y,2,865.93
2025-12-28,DOH,DXB,FR,J,3,2507.14
2025-12-28,DOH,CDG,UK,F,6,5719.85
2025-12-28,DOH,JFK,FR,F,2,4585.81
2025-12-28,DOH,JFK,FR,F,1,4555.17
2025-12-28,DOH,LHR,QA,F,3,4259.24
2025-12-28,DOH,LHR,AE,Y,6,936.96
2025-12-28,DOH,DXB,US,Y,3,831.96
2025-12-28,DOH,CDG,FR,J,1,2295.65
2025-12-28,DOH,JFK,AE,W,5,1213.2
2025-12-28,DOH,JFK,UK,J,1,3208.98
2025-12-28,DOH,LHR,QA,W,3,1128.18
2025-12-28,DOH,DXB,QA,J,1,3654.37
2025-12-28,DOH,CDG,US,F,6,5803.02
2025-12-28,DOH,CDG,US,Y,1,607.84
2025-12-28,DOH,DXB,QA,W,3,1190.63
2025-12-28,DOH,JFK,US,Y,3,777.07
2025-12-28,DOH,CDG,AE,J,2,3223.92
2025-12-28,DOH,JFK,US,Y,5,770.59
2025-12-28,DOH,JFK,FR,W,5,1419.31
2025-12-28,DOH,JFK,QA,J,3,2710.63
2025-12-28,DOH,LHR,UK,F,4,5211.58
2025-12-28,DOH,JFK,AE,Y,3,729.4
2025-12-28,DOH,JFK,FR,Y,8,610.82
2025-12-28,DOH,CDG,US,Y,1,942.73
2025-12-28,DOH,CDG,FR,Y,3,972.97
2025-12-28,DOH,JFK,AE,J,5,3471.63
2025-12-28,DOH,CDG,AE,J,4,2536.71
2025-12-28,DOH,JFK,US,Y,2,803.67
2025-12-28,DOH,LHR,FR,J,1,2381.36
2025-12-28,DOH,CDG,US,F,3,4556.74
2025-12-28,DOH,LHR,AE,W,1,1360.22
2025-12-28,DOH,LHR,QA,W,1,1331.47
2025-12-28,DOH,CDG,FR,J,3,2317.31
2025-12-28,DOH,CDG,US,Y,3,664.66
2025-12-28,DOH,DXB,AE,W,3,1039.91
2025-12-28,DOH,JFK,FR,J,2,3402.67
2025-12-28,DOH,DXB,FR,W,7,1235.1
2025-12-28,DOH,CDG,US,Y,1,947.66
2025-12-28,DOH,CDG,US,Y,5,623.55
2025-12-28,DOH,DXB,US,Y,1,990.77
2025-12-28,DOH,LHR,AE,F,1,4933.35
2025-12-28,DOH,CDG,US,F,2,4593.0
2025-12-28,DOH,LHR,QA,W,1,1310.42
2025-12-28,DOH,JFK,UK,Y,3,608.46
2025-12-28,DOH,CDG,AE,J,5,3549.17
2025-12-28,DOH,JFK,AE,F,2,6215.87
2025-12-28,DOH,LHR,UK,J,5,3620.07
2025-12-28,DOH,LHR,AE,W,2,1405.7
2025-12-28,DOH,CDG,FR,W,3,1182.24
2025-12-28,DOH,DXB,US,Y,3,823.54
2025-12-28,DOH,DXB,US,W,3,1103.08
2025-12-28,DOH,CDG,AE,J,4,3155.77
2025-12-28,DOH,LHR,UK,W,2,1078.48
2025-12-28,DOH,JFK,QA,Y,4,793.64
2025-12-28,DOH,DXB,FR,W,3,1040.08
2025-12-28,DOH,JFK,US,W,1,1225.71
2025-12-28,DOH,CDG,FR,J,2,2273.75
2025-12-28,DOH,JFK,AE,F,6,6437.87
2025-12-29,DOH,JFK,QA,J,3,3531.06
2025-12-29,DOH,DXB,US,J,2,2484.47
2025-12-29,DOH,CDG,UK,W,1,1211.64
2025-12-29,DOH,CDG,UK,W,1,1200.32
2025-12-29,DOH,JFK,FR,W,1,1383.46
2025-12-29,DOH,CDG,AE,W,2,1177.44
2025-12-29,DOH,JFK,US,J,2,2390.72
2025-12-29,DOH,JFK,FR,F,3,4483.69
2025-12-29,DOH,CDG,AE,W,5,1157.02
2025-12-29,DOH,DXB,US,Y,5,1035.9
2025-12-29,DOH,CDG,FR,J,2,2299.28
2025-12-29,DOH,DXB,UK,Y,5,701.13
2025-12-29,DOH,LHR,QA,J,2,3470.94
2025-12-29,DOH,DXB,UK,J,1,3744.9
2025-12-29,DOH,DXB,QA,W,2,1157.75
2025-12-29,DOH,JFK,UK,J,2,3174.42
2025-12-29,DOH,JFK,FR,F,1,5251.3
2025-12-29,DOH,DXB,UK,W,9,1134.62
2025-12-29,DOH,LHR,US,Y,2,1043.52
2025-12-29,DOH,LHR,AE,W,4,1075.21
2025-12-29,DOH,CDG,AE,J,1,3770.79
2025-12-29,DOH,JFK,AE,W,3,1328.95
2025-12-29,DOH,CDG,FR,J,1,2797.39
2025-12-29,DOH,DXB,AE,J,1,2492.04
2025-12-29,DOH,DXB,AE,W,5,1049.57
2025-12-29,DOH,CDG,US,J,3,2181.29
2025-12-29,DOH,DXB,US,J,3,3252.37
2025-12-29,DOH,CDG,QA,J,1,2890.05
2025-12-29,DOH,DXB,QA,F,3,6524.58
2025-12-29,DOH,CDG,US,F,5,6041.88
2025-12-29,DOH,DXB,UK,J,2,2177.4
2025-12-29,DOH,DXB,AE,W,3,960.23
2025-12-29,DOH,CDG,AE,F,6,6102.47
2025-12-29,DOH,JFK,UK,W,1,1224.08
2025-12-29,DOH,LHR,FR,Y,8,813.45
2025-12-29,DOH,DXB,AE,J,3,2243.46
2025-12-29,DOH,JFK,UK,W,2,1150.25
2025-12-29,DOH,JFK,QA,Y,5,1079.92
2025-12-29,DOH,JFK,AE,F,2,4612.09
2025-12-29,DOH,LHR,QA,J,4,2864.36
2025-12-29,DOH,JFK,QA,W,3,1360.16
2025-12-29,DOH,CDG,QA,F,3,4657.62
2025-12-29,DOH,DXB,AE,F,3,4542.58
2025-12-29,DOH,DXB,QA,Y,4,741.75
2025-12-29,DOH,CDG,QA,F,2,5505.31
2025-12-29,DOH,LHR,FR,Y,3,917.0
2025-12-29,DOH,LHR,AE,J,4,3758.42
2025-12-29,DOH,LHR,AE,Y,2,887.85
2025-12-29,DOH,DXB,UK,J,5,3658.73
2025-12-29,DOH,JFK,AE,F,1,5751.45
2025-12-29,DOH,LHR,AE,J,1,2675.22
2025-12-29,DOH,LHR,QA,F,3,4819.53
2025-12-29,DOH,CDG,UK,W,6,993.71
2025-12-29,DOH,JFK,US,Y,3,699.91
2025-12-29,DOH,CDG,US,F,3,5853.7
2025-12-29,DOH,DXB,UK,Y,7,918.79
2025-12-29,DOH,JFK,AE,J,5,3140.65
2025-12-29,DOH,DXB,AE,J,5,3190.94
2025-12-29,DOH,CDG,FR,F,3,5885.92
2025-12-29,DOH,CDG,AE,W,3,1035.13
2025-12-30,DOH,DXB,QA,Y,2,923.6
2025-12-30,DOH,DXB,AE,F,3,4473.86
2025-12-30,DOH,CDG,AE,Y,6,773.96
2025-12-30,DOH,CDG,FR,F,1,5041.1
2025-12-30,DOH,JFK,US,W,2,1347.07
2025-12-30,DOH,DXB,US,W,1,1010.7
2025-12-30,DOH,CDG,FR,F,3,5013.5
2025-12-30,DOH,DXB,UK,F,7,4251.75
2025-12-30,DOH,DXB,US,W,3,1281.88
2025-12-30,DOH,JFK,AE,Y,1,1070.24
2025-12-30,DOH,LHR,UK,J,2,3657.22
2025-12-30,DOH,JFK,QA,J,4,2459.02
2025-12-30,DOH,DXB,QA,W,1,1409.18
2025-12-30,DOH,DXB,US,W,2,1150.68
2025-12-30,DOH,DXB,QA,W,1,1263.53
2025-12-30,DOH,JFK,US,F,1,4377.59
2025-12-30,DOH,LHR,UK,F,7,5661.96
2025-12-30,DOH,CDG,UK,Y,2,674.88
2025-12-30,DOH,LHR,US,F,4,6484.66
2025-12-30,DOH,LHR,FR,F,1,6286.61
2025-12-30,DOH,CDG,UK,F,3,5660.12
2025-12-30,DOH,JFK,AE,F,6,5495.52
2025-12-30,DOH,DXB,QA,Y,3,799.64
2025-12-30,DOH,JFK,UK,W,4,1264.76
2025-12-30,DOH,LHR,US,Y,1,722.02
2025-12-30,DOH,DXB,UK,Y,7,931.12
2025-12-30,DOH,CDG,UK,Y,2,635.31
2025-12-30,DOH,LHR,AE,F,1,6383.5
2025-12-30,DOH,CDG,QA,J,3,3458.98
2025-12-30,DOH,CDG,US,J,3,2304.84
2025-12-30,DOH,LHR,AE,Y,3,807.77
2025-12-30,DOH,JFK,QA,W,3,1319.71
2025-12-30,DOH,CDG,FR,J,1,3003.03
2025-12-30,DOH,CDG,QA,J,1,3102.22
2025-12-30,DOH,CDG,AE,F,4,4665.15
2025-12-30,DOH,CDG,AE,F,3,5330.37
2025-12-30,DOH,CDG,AE,F,3,4701.16
2025-12-30,DOH,LHR,AE,W,4,1272.37
2025-12-30,DOH,LHR,AE,F,2,4340.47
2025-12-30,DOH,CDG,AE,Y,4,618.17
2025-12-30,DOH,LHR,US,J,4,3011.11
2025-12-30,DOH,JFK,QA,Y,4,1019.69
2025-12-30,DOH,LHR,QA,J,5,2248.55
2025-12-30,DOH,DXB,QA,W,3,1046.19
2025-12-30,DOH,CDG,UK,W,3,1421.57
2025-12-30,DOH,CDG,US,Y,2,709.02
2025-12-30,DOH,DXB,QA,F,4,5597.81
2025-12-30,DOH,CDG,FR,Y,2,694.16
2025-12-30,DOH,JFK,AE,F,2,5069.65
2025-12-30,DOH,LHR,AE,Y,6,781.78
2025-12-30,DOH,CDG,AE,F,4,6290.92
2025-12-30,DOH,LHR,FR,Y,5,1065.89
2025-12-30,DOH,DXB,US,Y,2,897.48
2025-12-30,DOH,CDG,US,W,4,1118.43
2025-12-30,DOH,JFK,FR,W,2,1245.26
2025-12-30,DOH,DXB,UK,W,1,1071.5
2025-12-30,DOH,JFK,UK,J,3,2295.13
2025-12-30,DOH,JFK,US,W,4,1425.62
2025-12-30,DOH,LHR,UK,F,2,5416.85
2025-12-30,DOH,CDG,US,F,5,4552.36
2025-12-31,DOH,CDG,AE,J,4,3234.14
2025-12-31,DOH,CDG,AE,J,2,2497.13
2025-12-31,DOH,LHR,FR,W,3,1292.77
2025-12-31,DOH,DXB,US,F,2,4394.71
2025-12-31,DOH,CDG,UK,Y,4,1049.08
2025-12-31,DOH,LHR,FR,J,3,2792.71
2025-12-31,DOH,DXB,FR,J,5,3206.22
2025-12-31,DOH,LHR,AE,J,2,2609.52
2025-12-31,DOH,CDG,AE,J,6,3699.21
2025-12-31,DOH,CDG,UK,J,3,3807.18
2025-12-31,DOH,CDG,FR,F,1,6104.07
2025-12-31,DOH,DXB,AE,W,6,1233.08
2025-12-31,DOH,JFK,US,W,3,1174.37
2025-12-31,DOH,LHR,US,F,8,4346.24
2025-12-31,DOH,JFK,QA,Y,4,891.44
2025-12-31,DOH,LHR,AE,J,1,2485.15
2025-12-31,DOH,LHR,FR,J,1,3487.4
2025-12-31,DOH,CDG,UK,Y,4,735.06
2025-12-31,DOH,DXB,AE,F,1,6420.49
2025-12-31,DOH,LHR,US,J,1,3774.52
2025-12-31,DOH,DXB,QA,F,2,4371.45
2025-12-31,DOH,JFK,QA,Y,1,713.59
2025-12-31,DOH,DXB,AE,F,3,4686.68
2025-12-31,DOH,DXB,AE,F,3,4836.2
2025-12-31,DOH,JFK,FR,J,3,3247.63
2025-12-31,DOH,JFK,AE,Y,3,982.14
2025-12-31,DOH,CDG,US,F,4,6329.97
2025-12-31,DOH,CDG,QA,F,4,6400.97
2025-12-31,DOH,LHR,US,W,4,1093.52
2025-12-31,DOH,LHR,US,Y,7,893.93
2025-12-31,DOH,CDG,QA,W,2,1398.9
2025-12-31,DOH,DXB,US,Y,1,905.15
2025-12-31,DOH,JFK,UK,W,2,972.26
2025-12-31,DOH,JFK,AE,Y,4,603.72
2025-12-31,DOH,LHR,US,Y,3,846.1
2025-12-31,DOH,CDG,AE,J,2,3109.88
2025-12-31,DOH,CDG,US,F,2,5605.27
2025-12-31,DOH,LHR,US,Y,3,713.68
2025-12-31,DOH,DXB,QA,W,3,1212.18
2025-12-31,DOH,LHR,UK,W,2,1027.86
2025-12-31,DOH,CDG,AE,Y,5,1015.42
2025-12-31,DOH,JFK,AE,J,3,2961.97
2025-12-31,DOH,DXB,AE,F,3,5419.18
2025-12-31,DOH,LHR,AE,W,1,1161.73
2025-12-31,DOH,LHR,QA,W,3,1188.25
2025-12-31,DOH,DXB,AE,F,3,6501.87
2025-12-31,DOH,LHR,AE,F,3,5600.52
2025-12-31,DOH,CDG,QA,W,4,1022.28
2025-12-31,DOH,JFK,AE,F,4,5600.91
2025-12-31,DOH,CDG,AE,Y,5,903.35
2025-12-31,DOH,JFK,AE,W,4,1276.56
2025-12-31,DOH,CDG,QA,J,4,2580.19
2025-12-31,DOH,LHR,AE,J,2,3111.39
2025-12-31,DOH,CDG,FR,F,6,4626.25
2025-12-31,DOH,CDG,US,Y,2,810.69
2025-12-31,DOH,DXB,FR,J,5,3502.99
2025-12-31,DOH,LHR,AE,Y,8,758.41
2025-12-31,DOH,LHR,AE,F,4,5296.58
2025-12-31,DOH,DXB,US,Y,2,614.37
2025-12-31,DOH,LHR,FR,Y,6,755.45
2026-01-01,DOH,CDG,UK,Y,2,785.72
2026-01-01,DOH,DXB,QA,Y,6,875.63
2026-01-01,DOH,LHR,US,Y,4,719.2
2026-01-01,DOH,DXB,US,J,3,3177.91
2026-01-01,DOH,JFK,UK,F,1,5340.17
2026-01-01,DOH,LHR,FR,J,3,1901.8
2026-01-01,DOH,JFK,FR,J,2,2226.39
2026-01-01,DOH,JFK,UK,J,2,2766.2
2026-01-01,DOH,JFK,UK,W,6,892.84
2026-01-01,DOH,CDG,QA,J,3,2176.43
2026-01-01,DOH,LHR,AE,W,1,1134.64
2026-01-01,DOH,CDG,FR,Y,2,541.75
2026-01-01,DOH,DXB,QA,J,6,2563.47
2026-01-01,DOH,DXB,QA,W,4,925.25
2026-01-01,DOH,LHR,US,J,2,2270.72
2026-01-01,DOH,LHR,QA,W,6,1123.62
2026-01-01,DOH,CDG,US,F,2,4806.68
2026-01-01,DOH,JFK,QA,J,8,2793.48
2026-01-01,DOH,CDG,QA,W,3,915.55
2026-01-01,DOH,JFK,QA,Y,4,736.7
2026-01-01,DOH,CDG,FR,F,1,5409.13
2026-01-01,DOH,LHR,QA,W,5,1194.0
2026-01-01,DOH,JFK,AE,Y,4,720.71
2026-01-01,DOH,JFK,FR,Y,4,546.86
2026-01-01,DOH,JFK,FR,J,4,2664.64
2026-01-01,DOH,JFK,QA,F,4,5368.53
2026-01-01,DOH,LHR,FR,Y,4,696.86
2026-01-01,DOH,CDG,US,W,1,849.63
2026-01-01,DOH,LHR,AE,Y,6,765.75
2026-01-01,DOH,DXB,FR,W,4,838.71
2026-01-01,DOH,LHR,AE,Y,1,700.14
2026-01-01,DOH,JFK,QA,Y,2,528.64
2026-01-01,DOH,CDG,FR,Y,1,679.31
2026-01-01,DOH,JFK,UK,F,5,4859.27
2026-01-01,DOH,CDG,FR,F,2,5192.04
2026-01-01,DOH,JFK,AE,W,2,1181.37
2026-01-01,DOH,DXB,QA,Y,2,867.85
2026-01-01,DOH,LHR,US,Y,3,754.38
2026-01-01,DOH,LHR,FR,Y,3,785.54
2026-01-01,DOH,DXB,UK,Y,3,603.5
2026-01-01,DOH,JFK,US,W,3,1109.29
2026-01-01,DOH,LHR,AE,F,5,3785.48
2026-01-01,DOH,LHR,UK,F,4,3884.66
2026-01-01,DOH,LHR,AE,J,1,3195.96
2026-01-01,DOH,CDG,UK,W,7,1190.42
2026-01-01,DOH,DXB,QA,Y,2,546.37
2026-01-01,DOH,DXB,UK,J,5,2164.17
2026-01-01,DOH,JFK,UK,J,1,2061.86
2026-01-01,DOH,JFK,QA,Y,3,671.63
2026-01-01,DOH,LHR,QA,W,1,1024.68
2026-01-01,DOH,LHR,US,J,4,2201.99
2026-01-01,DOH,CDG,AE,F,1,4798.44
2026-01-01,DOH,JFK,UK,J,6,2681.42
2026-01-01,DOH,LHR,QA,J,2,1991.7
2026-01-01,DOH,LHR,UK,W,1,941.26
2026-01-01,DOH,LHR,AE,Y,6,833.97
2026-01-01,DOH,CDG,AE,F,4,3627.36
2026-01-01,DOH,DXB,QA,F,1,4788.89
2026-01-01,DOH,LHR,AE,W,3,1116.42
2026-01-01,DOH,DXB,QA,F,4,5040.9
2026-01-02,DOH,CDG,AE,F,1,4834.7
2026-01-02,DOH,LHR,QA,W,5,1056.38
2026-01-02,DOH,JFK,US,J,3,3114.81
2026-01-02,DOH,JFK,FR,Y,2,876.8
2026-01-02,DOH,CDG,UK,J,2,1974.77
2026-01-02,DOH,CDG,AE,W,3,1032.94
2026-01-02,DOH,CDG,UK,Y,3,557.07
2026-01-02,DOH,LHR,FR,J,5,2860.05
2026-01-02,DOH,DXB,UK,Y,5,774.29
2026-01-02,DOH,DXB,US,W,4,818.18
2026-01-02,DOH,LHR,UK,F,4,4252.44
2026-01-02,DOH,JFK,AE,F,3,3754.87
2026-01-02,DOH,JFK,FR,F,4,4223.97
2026-01-02,DOH,CDG,US,W,2,927.43
2026-01-02,DOH,JFK,QA,F,6,4930.18
2026-01-02,DOH,DXB,AE,Y,3,526.08
2026-01-02,DOH,DXB,UK,F,1,4445.12
2026-01-02,DOH,CDG,FR,J,3,1876.12
2026-01-02,DOH,CDG,UK,W,4,1078.57
2026-01-02,DOH,CDG,US,F,2,4373.05
2026-01-02,DOH,JFK,UK,Y,1,651.76
2026-01-02,DOH,CDG,QA,F,3,4454.61
2026-01-02,DOH,JFK,US,W,3,1038.88
2026-01-02,DOH,JFK,AE,J,4,2573.44
2026-01-02,DOH,JFK,UK,F,3,4604.65
2026-01-02,DOH,CDG,AE,W,4,822.63
2026-01-02,DOH,DXB,FR,F,3,5310.26
2026-01-02,DOH,CDG,US,F,1,4139.07
2026-01-02,DOH,CDG,QA,F,4,3796.36
2026-01-02,DOH,DXB,QA,Y,2,794.62
2026-01-02,DOH,CDG,QA,J,4,2423.22
2026-01-02,DOH,LHR,QA,Y,2,503.07
2026-01-02,DOH,JFK,QA,F,3,4098.04
2026-01-02,DOH,LHR,AE,Y,1,605.0
2026-01-02,DOH,DXB,QA,J,3,3026.65
2026-01-02,DOH,DXB,FR,J,3,2894.36
2026-01-02,DOH,JFK,US,F,3,3640.39
2026-01-02,DOH,DXB,FR,J,2,2565.08
2026-01-02,DOH,CDG,US,F,6,4846.42
2026-01-02,DOH,LHR,US,W,4,1171.02
2026-01-02,DOH,JFK,UK,Y,3,662.7
2026-01-02,DOH,DXB,US,W,2,1023.46
2026-01-02,DOH,DXB,UK,W,3,965.48
2026-01-02,DOH,CDG,FR,J,5,2328.66
2026-01-02,DOH,LHR,AE,F,3,4015.0
2026-01-02,DOH,CDG,QA,W,5,987.2
2026-01-02,DOH,JFK,UK,Y,4,876.31
2026-01-02,DOH,JFK,US,W,3,868.41
2026-01-02,DOH,JFK,UK,J,4,1813.27
2026-01-02,DOH,LHR,US,W,5,835.12
2026-01-02,DOH,CDG,AE,F,1,5368.22
2026-01-02,DOH,JFK,UK,Y,2,749.04
2026-01-02,DOH,JFK,AE,Y,3,645.53
2026-01-02,DOH,CDG,UK,W,1,1160.91
2026-01-02,DOH,CDG,QA,F,4,5370.76
2026-01-02,DOH,LHR,UK,F,2,4672.29
2026-01-02,DOH,LHR,FR,Y,5,504.39
2026-01-02,DOH,CDG,US,Y,1,859.7
2026-01-02,DOH,DXB,QA,W,3,858.99
2026-01-02,DOH,LHR,UK,F,5,3830.37
2026-01-03,DOH,DXB,FR,W,3,1055.87
2026-01-03,DOH,JFK,UK,W,2,870.88
2026-01-03,DOH,JFK,FR,J,4,2377.2
2026-01-03,DOH,CDG,AE,W,3,1185.23
2026-01-03,DOH,CDG,UK,W,2,976.6
2026-01-03,DOH,DXB,QA,W,6,1036.52
2026-01-03,DOH,LHR,UK,W,2,948.24
2026-01-03,DOH,CDG,UK,Y,1,725.62
2026-01-03,DOH,JFK,AE,J,1,2287.98
2026-01-03,DOH,DXB,AE,J,3,1938.24
2026-01-03,DOH,LHR,AE,J,3,2636.85
2026-01-03,DOH,DXB,AE,W,2,931.47
2026-01-03,DOH,DXB,FR,F,2,3648.66
2026-01-03,DOH,CDG,QA,Y,6,868.53
2026-01-03,DOH,CDG,QA,W,6,876.2
2026-01-03,DOH,LHR,QA,J,3,2426.32
2026-01-03,DOH,JFK,UK,W,2,948.05
2026-01-03,DOH,LHR,QA,J,2,2521.66
2026-01-03,DOH,LHR,AE,F,2,4720.4
2026-01-03,DOH,CDG,UK,W,4,885.77
2026-01-03,DOH,JFK,AE,Y,3,505.18
2026-01-03,DOH,LHR,UK,F,4,4381.29
2026-01-03,DOH,CDG,FR,Y,1,766.94
2026-01-03,DOH,DXB,US,F,4,4600.84
2026-01-03,DOH,DXB,UK,F,5,5371.17
2026-01-03,DOH,CDG,FR,J,1,3053.11
2026-01-03,DOH,CDG,AE,F,3,5111.44
2026-01-03,DOH,CDG,US,W,2,1149.34
2026-01-03,DOH,DXB,AE,J,2,3069.71
2026-01-03,DOH,DXB,UK,J,1,2957.87
2026-01-03,DOH,JFK,AE,F,4,3987.82
2026-01-03,DOH,DXB,QA,Y,2,594.46
2026-01-03,DOH,LHR,US,Y,2,764.99
2026-01-03,DOH,JFK,UK,Y,7,745.45
2026-01-03,DOH,JFK,AE,F,6,3679.18
2026-01-03,DOH,JFK,QA,W,1,840.09
2026-01-03,DOH,DXB,FR,J,4,2042.15
2026-01-03,DOH,JFK,FR,J,6,2936.74
2026-01-03,DOH,JFK,AE,Y,4,524.78
2026-01-03,DOH,LHR,AE,J,5,2341.16
2026-01-03,DOH,LHR,US,J,2,2109.24
2026-01-03,DOH,DXB,QA,F,4,4673.78
2026-01-03,DOH,LHR,US,W,2,952.57
2026-01-03,DOH,CDG,QA,Y,1,520.9
2026-01-03,DOH,CDG,US,Y,2,532.48
2026-01-03,DOH,LHR,FR,F,3,3709.25
2026-01-03,DOH,DXB,QA,Y,1,766.62
2026-01-03,DOH,CDG,QA,W,4,1085.17
2026-01-03,DOH,CDG,US,F,2,3742.33
2026-01-03,DOH,DXB,AE,J,1,2372.49
2026-01-03,DOH,DXB,FR,F,3,5072.56
2026-01-03,DOH,DXB,FR,W,9,807.48
2026-01-03,DOH,DXB,FR,J,5,2882.7
2026-01-03,DOH,JFK,AE,J,4,2572.69
2026-01-03,DOH,DXB,UK,J,3,2031.62
2026-01-03,DOH,LHR,UK,J,5,2089.36
2026-01-03,DOH,JFK,QA,F,3,4046.34
2026-01-03,DOH,LHR,UK,Y,1,716.98
2026-01-03,DOH,DXB,QA,F,6,4902.21
2026-01-03,DOH,CDG,QA,Y,3,841.13
2026-01-04,DOH,JFK,FR,Y,3,602.27
2026-01-04,DOH,LHR,QA,F,4,4499.41
2026-01-04,DOH,LHR,AE,F,2,5237.15
2026-01-04,DOH,CDG,QA,Y,5,590.55
2026-01-04,DOH,JFK,FR,J,2,3013.82
2026-01-04,DOH,JFK,US,Y,4,772.51
2026-01-04,DOH,DXB,AE,J,3,2857.27
2026-01-04,DOH,DXB,AE,W,3,1084.4
2026-01-04,DOH,LHR,FR,J,3,2944.54
2026-01-04,DOH,JFK,FR,W,2,901.19
2026-01-04,DOH,JFK,QA,J,5,2228.05
2026-01-04,DOH,JFK,FR,J,4,2280.56
2026-01-04,DOH,CDG,UK,J,1,2430.65
2026-01-04,DOH,CDG,US,W,5,1078.11
2026-01-04,DOH,LHR,FR,J,2,2678.72
2026-01-04,DOH,CDG,AE,J,1,2135.42
2026-01-04,DOH,CDG,AE,Y,2,837.46
2026-01-04,DOH,DXB,US,J,4,2885.4
2026-01-04,DOH,CDG,US,J,2,2132.26
2026-01-04,DOH,CDG,FR,Y,4,668.83
2026-01-04,DOH,DXB,FR,F,3,5098.37
2026-01-04,DOH,JFK,AE,F,3,4723.11
2026-01-04,DOH,CDG,UK,Y,1,724.77
2026-01-04,DOH,CDG,US,W,1,1097.51
2026-01-04,DOH,JFK,FR,F,3,4067.37
2026-01-04,DOH,LHR,AE,J,1,2713.32
2026-01-04,DOH,LHR,US,W,2,1016.61
2026-01-04,DOH,LHR,US,W,2,885.23
2026-01-04,DOH,CDG,QA,F,2,4268.5
2026-01-04,DOH,JFK,QA,F,2,4518.29
2026-01-04,DOH,JFK,AE,W,4,885.26
2026-01-04,DOH,LHR,US,J,2,2232.11
2026-01-04,DOH,CDG,US,Y,2,608.62
2026-01-04,DOH,DXB,FR,Y,3,646.74
2026-01-04,DOH,JFK,FR,Y,5,886.65
2026-01-04,DOH,LHR,UK,Y,3,844.52
2026-01-04,DOH,LHR,QA,Y,4,715.24
2026-01-04,DOH,CDG,UK,F,2,4888.61
2026-01-04,DOH,JFK,UK,J,3,2108.74
2026-01-04,DOH,DXB,AE,J,2,2199.29
2026-01-04,DOH,JFK,FR,F,7,3992.62
2026-01-04,DOH,CDG,AE,J,4,2484.41
2026-01-04,DOH,LHR,QA,Y,6,514.39
2026-01-04,DOH,CDG,UK,W,2,832.03
2026-01-04,DOH,DXB,FR,Y,5,709.9
2026-01-04,DOH,LHR,AE,J,3,2111.52
2026-01-04,DOH,JFK,UK,W,1,869.99
2026-01-04,DOH,CDG,AE,F,3,5311.75
2026-01-04,DOH,JFK,FR,F,5,5462.31
2026-01-04,DOH,LHR,AE,Y,2,507.51
2026-01-04,DOH,CDG,FR,F,3,5243.63
2026-01-04,DOH,JFK,FR,Y,1,501.58
2026-01-04,DOH,LHR,UK,F,3,4953.73
2026-01-04,DOH,JFK,QA,J,6,2751.28
2026-01-04,DOH,CDG,UK,Y,4,504.24
2026-01-04,DOH,CDG,UK,J,2,2884.73
2026-01-04,DOH,CDG,AE,J,2,2120.09
2026-01-04,DOH,CDG,US,Y,2,708.39
2026-01-04,DOH,JFK,US,W,5,870.72
2026-01-04,DOH,CDG,US,F,6,5123.74
2026-01-05,DOH,LHR,US,Y,2,650.59
2026-01-05,DOH,CDG,FR,Y,2,829.28
2026-01-05,DOH,DXB,UK,Y,3,710.89
2026-01-05,DOH,DXB,FR,J,4,2731.36
2026-01-05,DOH,CDG,US,F,5,4756.88
2026-01-05,DOH,JFK,FR,Y,6,707.88
2026-01-05,DOH,DXB,AE,Y,5,705.44
2026-01-05,DOH,DXB,AE,F,5,4460.62
2026-01-05,DOH,LHR,US,W,2,904.08
2026-01-05,DOH,LHR,UK,F,3,5116.1
2026-01-05,DOH,JFK,AE,F,3,5123.47
2026-01-05,DOH,LHR,QA,J,1,2369.99
2026-01-05,DOH,LHR,AE,J,1,3168.87
2026-01-05,DOH,CDG,QA,F,2,3518.5
2026-01-05,DOH,CDG,FR,F,4,3601.76
2026-01-05,DOH,DXB,UK,F,4,4568.46
2026-01-05,DOH,JFK,QA,W,4,919.65
2026-01-05,DOH,CDG,FR,Y,1,547.89
2026-01-05,DOH,CDG,US,W,3,1053.66
2026-01-05,DOH,LHR,AE,F,2,5146.8
2026-01-05,DOH,DXB,UK,Y,5,880.72
2026-01-05,DOH,JFK,US,F,2,5007.19
2026-01-05,DOH,LHR,US,W,6,915.49
2026-01-05,DOH,LHR,US,F,3,3990.79
2026-01-05,DOH,CDG,FR,F,2,3898.76
2026-01-05,DOH,CDG,FR,J,1,3056.59
2026-01-05,DOH,LHR,AE,W,3,1080.79
2026-01-05,DOH,JFK,FR,F,3,4686.45
2026-01-05,DOH,CDG,AE,F,3,3652.49
2026-01-05,DOH,CDG,FR,W,3,1001.83
2026-01-05,DOH,LHR,AE,F,3,4132.94
2026-01-05,DOH,DXB,US,F,4,3696.85
2026-01-05,DOH,JFK,AE,Y,1,637.92
2026-01-05,DOH,DXB,FR,F,6,4028.58
2026-01-05,DOH,JFK,UK,Y,3,636.7
2026-01-05,DOH,DXB,US,J,2,1808.83
2026-01-05,DOH,JFK,UK,J,1,2505.56
2026-01-05,DOH,CDG,US,W,2,942.99
2026-01-05,DOH,DXB,FR,J,2,1935.75
2026-01-05,DOH,CDG,US,Y,3,528.28
2026-01-05,DOH,JFK,AE,F,3,4655.24
2026-01-05,DOH,CDG,UK,W,5,1151.54
2026-01-05,DOH,DXB,UK,Y,3,849.2
2026-01-05,DOH,DXB,FR,F,1,4191.65
2026-01-05,DOH,JFK,US,W,3,979.91
2026-01-05,DOH,JFK,UK,Y,5,805.55
2026-01-05,DOH,DXB,US,W,2,929.09
2026-01-05,DOH,LHR,UK,F,1,4073.89
2026-01-05,DOH,JFK,FR,J,4,3039.41
2026-01-05,DOH,JFK,QA,F,4,4516.28
2026-01-05,DOH,CDG,US,Y,2,758.94
2026-01-05,DOH,LHR,UK,Y,2,681.09
2026-01-05,DOH,LHR,AE,J,1,2753.62
2026-01-05,DOH,JFK,US,F,3,3906.54
2026-01-05,DOH,JFK,FR,J,2,1953.55
2026-01-05,DOH,JFK,FR,W,3,853.74
2026-01-05,DOH,LHR,AE,J,5,1832.13
2026-01-05,DOH,JFK,UK,F,5,4697.24
2026-01-05,DOH,LHR,AE,F,5,3974.76
2026-01-05,DOH,DXB,US,W,2,1019.96
2026-01-06,DOH,DXB,UK,W,3,1192.45
2026-01-06,DOH,JFK,AE,W,5,833.36
2026-01-06,DOH,JFK,AE,Y,4,773.72
2026-01-06,DOH,DXB,FR,F,3,3763.45
2026-01-06,DOH,DXB,US,J,2,2393.66
2026-01-06,DOH,LHR,UK,J,4,2252.21
2026-01-06,DOH,CDG,UK,W,2,1145.58
2026-01-06,DOH,LHR,AE,Y,2,673.91
2026-01-06,DOH,JFK,US,W,4,810.01
2026-01-06,DOH,JFK,UK,W,5,1033.93
2026-01-06,DOH,JFK,AE,F,3,3910.33
2026-01-06,DOH,LHR,UK,Y,4,523.52
2026-01-06,DOH,LHR,UK,W,3,1081.91
2026-01-06,DOH,JFK,QA,J,1,2998.81
2026-01-06,DOH,DXB,QA,W,5,914.15
2026-01-06,DOH,CDG,UK,W,2,807.29
2026-01-06,DOH,CDG,FR,F,10,4890.27
2026-01-06,DOH,LHR,QA,Y,2,799.9
2026-01-06,DOH,LHR,US,Y,2,509.99
2026-01-06,DOH,LHR,US,W,3,826.07
2026-01-06,DOH,CDG,FR,Y,2,884.07
2026-01-06,DOH,CDG,US,J,3,2637.14
2026-01-06,DOH,JFK,AE,Y,1,814.49
2026-01-06,DOH,CDG,QA,F,1,5078.97
2026-01-06,DOH,CDG,UK,J,1,2661.73
2026-01-06,DOH,DXB,QA,F,3,4209.63
2026-01-06,DOH,CDG,FR,F,3,4891.17
2026-01-06,DOH,CDG,US,Y,3,894.69
2026-01-06,DOH,LHR,FR,Y,5,813.79
2026-01-06,DOH,JFK,US,F,3,4504.91
2026-01-06,DOH,LHR,AE,F,3,4163.32
2026-01-06,DOH,JFK,FR,J,1,3141.63
2026-01-06,DOH,JFK,UK,Y,5,822.91
2026-01-06,DOH,DXB,AE,W,1,1144.12
2026-01-06,DOH,JFK,QA,Y,1,882.03
2026-01-06,DOH,JFK,QA,W,4,843.9
2026-01-06,DOH,LHR,QA,Y,2,813.58
2026-01-06,DOH,LHR,UK,W,3,1061.68
2026-01-06,DOH,CDG,US,F,4,4399.86
2026-01-06,DOH,JFK,UK,Y,1,722.7
2026-01-06,DOH,CDG,US,Y,4,657.0
2026-01-06,DOH,CDG,UK,Y,3,802.12
2026-01-06,DOH,LHR,US,W,2,1041.59
2026-01-06,DOH,CDG,UK,W,1,811.56
2026-01-06,DOH,CDG,QA,J,3,2616.8
2026-01-06,DOH,JFK,US,F,2,4887.71
2026-01-06,DOH,LHR,US,F,5,4183.35
2026-01-06,DOH,JFK,US,Y,2,861.24
2026-01-06,DOH,LHR,US,Y,1,605.12
2026-01-06,DOH,DXB,AE,F,3,5078.06
2026-01-06,DOH,DXB,UK,W,2,1146.95
2026-01-06,DOH,DXB,US,J,3,2765.87
2026-01-06,DOH,LHR,FR,J,4,1992.84
2026-01-06,DOH,DXB,AE,Y,1,770.01
2026-01-06,DOH,CDG,US,F,5,4488.66
2026-01-06,DOH,DXB,AE,J,4,2217.03
2026-01-06,DOH,JFK,FR,F,3,4833.66
2026-01-06,DOH,DXB,US,F,1,4614.62
2026-01-06,DOH,DXB,UK,J,2,2888.61
2026-01-06,DOH,JFK,US,F,1,4872.23
2026-01-07,DOH,CDG,FR,W,6,1171.41
2026-01-07,DOH,CDG,AE,F,6,4036.6
2026-01-07,DOH,LHR,FR,J,6,2308.88
2026-01-07,DOH,DXB,AE,Y,3,585.61
2026-01-07,DOH,LHR,US,W,2,820.43
2026-01-07,DOH,LHR,FR,F,1,4533.04
2026-01-07,DOH,JFK,FR,J,1,2586.81
2026-01-07,DOH,JFK,AE,Y,2,870.42
2026-01-07,DOH,DXB,QA,W,1,1129.09
2026-01-07,DOH,JFK,FR,F,1,4861.82
2026-01-07,DOH,DXB,US,Y,2,695.65
2026-01-07,DOH,LHR,UK,J,4,2773.37
2026-01-07,DOH,JFK,UK,Y,6,754.75
2026-01-07,DOH,JFK,US,J,5,2229.22
2026-01-07,DOH,JFK,FR,Y,5,529.6
2026-01-07,DOH,LHR,QA,W,6,999.43
2026-01-07,DOH,CDG,UK,J,3,1834.34
2026-01-07,DOH,JFK,QA,J,7,2331.66
2026-01-07,DOH,DXB,US,Y,3,599.88
2026-01-07,DOH,JFK,FR,W,1,802.17
2026-01-07,DOH,JFK,QA,J,2,2139.42
2026-01-07,DOH,JFK,QA,F,1,4168.58
2026-01-07,DOH,DXB,US,J,3,2461.54
2026-01-07,DOH,DXB,QA,J,2,2924.75
2026-01-07,DOH,LHR,QA,Y,4,643.87
2026-01-07,DOH,CDG,FR,J,2,2556.42
2026-01-07,DOH,LHR,US,J,7,2940.26
2026-01-07,DOH,JFK,UK,Y,6,790.69
2026-01-07,DOH,DXB,AE,Y,2,618.64
2026-01-07,DOH,DXB,UK,J,3,2692.66
2026-01-07,DOH,CDG,UK,W,5,962.57
2026-01-07,DOH,LHR,US,J,1,1878.72
2026-01-07,DOH,LHR,US,F,3,4249.95
2026-01-07,DOH,DXB,QA,W,2,1019.83
2026-01-07,DOH,JFK,FR,J,4,2878.87
2026-01-07,DOH,DXB,US,F,1,5050.44
2026-01-07,DOH,JFK,UK,J,2,2385.79
2026-01-07,DOH,LHR,FR,F,4,5432.48
2026-01-07,DOH,JFK,UK,J,4,2276.83
2026-01-07,DOH,DXB,UK,Y,2,858.96
2026-01-07,DOH,JFK,UK,J,5,3161.61
2026-01-07,DOH,DXB,UK,Y,6,734.05
2026-01-07,DOH,CDG,UK,W,2,1017.35
2026-01-07,DOH,DXB,FR,F,5,3655.11
2026-01-07,DOH,JFK,QA,Y,3,750.47
2026-01-07,DOH,CDG,AE,J,2,1977.25
2026-01-07,DOH,DXB,UK,J,2,3120.43
2026-01-07,DOH,JFK,QA,W,3,976.0
2026-01-07,DOH,DXB,QA,W,5,978.17
2026-01-07,DOH,DXB,US,Y,2,504.49
2026-01-07,DOH,DXB,US,F,2,4203.39
2026-01-07,DOH,CDG,QA,W,4,957.67
2026-01-07,DOH,LHR,AE,W,8,1072.51
2026-01-07,DOH,DXB,QA,J,4,2457.97
2026-01-07,DOH,JFK,US,W,7,1189.79
2026-01-07,DOH,CDG,QA,F,2,5275.19
2026-01-07,DOH,JFK,QA,J,5,2151.63
2026-01-07,DOH,LHR,UK,J,2,2712.58
2026-01-07,DOH,DXB,UK,J,3,2949.53
2026-01-07,DOH,DXB,QA,F,2,5118.2
2026-01-08,DOH,CDG,FR,F,3,5117.53
2026-01-08,DOH,JFK,US,Y,2,595.91
2026-01-08,DOH,DXB,QA,J,4,2340.12
2026-01-08,DOH,CDG,QA,W,6,1139.47
2026-01-08,DOH,CDG,FR,J,2,1987.49
2026-01-08,DOH,DXB,UK,Y,1,773.77
2026-01-08,DOH,DXB,FR,F,2,4015.69
2026-01-08,DOH,CDG,AE,F,2,4152.29
2026-01-08,DOH,DXB,AE,F,4,4062.42
2026-01-08,DOH,LHR,QA,J,2,2747.68
2026-01-08,DOH,LHR,US,F,5,4797.08
2026-01-08,DOH,LHR,US,J,3,2662.27
2026-01-08,DOH,CDG,FR,W,4,938.72
2026-01-08,DOH,LHR,US,J,1,2088.03
2026-01-08,DOH,LHR,UK,F,2,5490.11
2026-01-08,DOH,LHR,AE,Y,4,755.27
2026-01-08,DOH,DXB,FR,F,2,3606.91
2026-01-08,DOH,DXB,QA,Y,3,549.25
2026-01-08,DOH,LHR,QA,J,1,2859.66
2026-01-08,DOH,JFK,AE,J,3,2955.07
2026-01-08,DOH,LHR,US,Y,4,831.3
2026-01-08,DOH,LHR,US,F,3,4797.72
2026-01-08,DOH,JFK,UK,W,4,836.91
2026-01-08,DOH,DXB,UK,W,3,1119.49
2026-01-08,DOH,DXB,QA,W,2,1101.11
2026-01-08,DOH,LHR,FR,Y,1,786.33
2026-01-08,DOH,DXB,QA,W,2,1027.36
2026-01-08,DOH,LHR,QA,J,4,2467.22
2026-01-08,DOH,CDG,AE,J,2,2782.12
2026-01-08,DOH,JFK,UK,Y,1,751.11
2026-01-08,DOH,LHR,FR,J,2,2054.94
2026-01-08,DOH,JFK,QA,J,3,2007.27
2026-01-08,DOH,CDG,US,F,3,4698.79
2026-01-08,DOH,DXB,US,Y,3,558.38
2026-01-08,DOH,JFK,UK,W,3,886.58
2026-01-08,DOH,LHR,FR,F,5,4958.7
2026-01-08,DOH,JFK,AE,F,3,3925.43
2026-01-08,DOH,JFK,FR,J,2,1941.03
2026-01-08,DOH,DXB,AE,F,5,4399.9
2026-01-08,DOH,JFK,FR,J,3,3177.78
2026-01-08,DOH,LHR,UK,J,2,2791.4
2026-01-08,DOH,JFK,FR,F,2,3919.07
2026-01-08,DOH,LHR,UK,F,5,4804.68
2026-01-08,DOH,LHR,QA,W,2,889.61
2026-01-08,DOH,JFK,UK,J,4,3188.38
2026-01-08,DOH,LHR,UK,Y,4,853.35
2026-01-08,DOH,LHR,US,W,5,1137.33
2026-01-08,DOH,CDG,FR,W,4,1082.23
2026-01-08,DOH,DXB,UK,J,1,1821.46
2026-01-08,DOH,JFK,QA,W,5,1052.18
2026-01-08,DOH,CDG,US,W,5,907.16
2026-01-08,DOH,DXB,FR,F,3,4639.53
2026-01-08,DOH,DXB,UK,Y,4,807.22
2026-01-08,DOH,CDG,UK,Y,3,766.22
2026-01-08,DOH,CDG,US,J,3,2097.67
2026-01-08,DOH,DXB,UK,Y,5,843.56
2026-01-08,DOH,CDG,FR,Y,2,527.14
2026-01-08,DOH,DXB,QA,Y,8,585.99
2026-01-08,DOH,CDG,US,Y,10,519.48
2026-01-08,DOH,LHR,AE,Y,6,639.58
2026-01-09,DOH,CDG,QA,Y,3,683.88
2026-01-09,DOH,JFK,AE,W,3,963.64
2026-01-09,DOH,LHR,FR,J,1,2650.05
2026-01-09,DOH,JFK,QA,Y,2,534.14
2026-01-09,DOH,DXB,FR,J,5,1959.34
2026-01-09,DOH,DXB,UK,F,1,4107.25
2026-01-09,DOH,CDG,US,F,3,4877.17
2026-01-09,DOH,DXB,FR,Y,3,851.73
2026-01-09,DOH,JFK,QA,Y,3,511.4
2026-01-09,DOH,JFK,FR,Y,1,849.84
2026-01-09,DOH,LHR,AE,J,2,2082.7
2026-01-09,DOH,DXB,FR,J,3,2280.64
2026-01-09,DOH,LHR,US,F,1,4339.07
2026-01-09,DOH,DXB,UK,F,3,3755.26
2026-01-09,DOH,LHR,US,Y,4,549.04
2026-01-09,DOH,LHR,AE,J,1,2162.03
2026-01-09,DOH,JFK,QA,Y,2,813.44
2026-01-09,DOH,JFK,UK,F,3,4100.92
2026-01-09,DOH,JFK,AE,J,3,2542.22
2026-01-09,DOH,LHR,UK,Y,1,729.44
2026-01-09,DOH,JFK,QA,W,2,962.31
2026-01-09,DOH,DXB,FR,W,1,1195.6
2026-01-09,DOH,JFK,US,F,4,5422.99
2026-01-09,DOH,DXB,AE,F,1,4657.45
2026-01-09,DOH,JFK,FR,Y,4,538.71
2026-01-09,DOH,LHR,FR,J,1,2325.82
2026-01-09,DOH,CDG,QA,W,1,966.06
2026-01-09,DOH,LHR,QA,W,4,939.19
2026-01-09,DOH,JFK,UK,W,4,952.43
2026-01-09,DOH,JFK,US,Y,3,893.1
2026-01-09,DOH,DXB,US,W,2,821.15
2026-01-09,DOH,DXB,QA,W,4,1091.27
2026-01-09,DOH,CDG,AE,W,1,989.77
2026-01-09,DOH,JFK,FR,F,4,4265.76
2026-01-09,DOH,JFK,FR,J,3,2694.5
2026-01-09,DOH,LHR,QA,J,1,2397.49
2026-01-09,DOH,CDG,QA,Y,3,639.35
2026-01-09,DOH,JFK,QA,W,3,1138.08
2026-01-09,DOH,LHR,AE,Y,2,879.9
2026-01-09,DOH,JFK,UK,F,4,3956.75
2026-01-09,DOH,LHR,AE,F,3,3510.2
2026-01-09,DOH,CDG,US,J,3,2840.37
2026-01-09,DOH,JFK,QA,Y,1,725.81
2026-01-09,DOH,CDG,AE,W,3,1165.47
2026-01-09,DOH,DXB,AE,W,3,1093.88
2026-01-09,DOH,JFK,US,Y,5,600.93
2026-01-09,DOH,JFK,QA,Y,5,648.77
2026-01-09,DOH,CDG,US,F,2,4906.46
2026-01-09,DOH,LHR,AE,Y,3,669.49
2026-01-09,DOH,LHR,AE,Y,2,769.97
2026-01-09,DOH,DXB,FR,Y,2,717.66
2026-01-09,DOH,JFK,UK,F,2,3510.49
2026-01-09,DOH,LHR,QA,J,4,2896.94
2026-01-09,DOH,CDG,FR,F,2,3909.89
2026-01-09,DOH,CDG,AE,J,4,2305.64
2026-01-09,DOH,DXB,FR,F,3,4328.03
2026-01-09,DOH,JFK,QA,W,2,1195.99
2026-01-09,DOH,LHR,FR,F,2,4802.85
2026-01-09,DOH,LHR,US,W,5,1139.37
2026-01-09,DOH,DXB,AE,F,4,3850.21
2026-01-10,DOH,DXB,UK,J,5,2652.82
2026-01-10,DOH,DXB,QA,J,4,2622.35
2026-01-10,DOH,CDG,UK,F,1,4559.53
2026-01-10,DOH,JFK,US,J,5,3160.99
2026-01-10,DOH,DXB,UK,F,3,4954.79
2026-01-10,DOH,LHR,AE,W,7,874.57
2026-01-10,DOH,JFK,AE,W,3,1003.26
2026-01-10,DOH,DXB,QA,J,3,2410.96
2026-01-10,DOH,LHR,QA,W,1,930.36
2026-01-10,DOH,CDG,FR,W,1,905.15
2026-01-10,DOH,LHR,QA,J,5,2420.34
2026-01-10,DOH,CDG,QA,J,5,2500.74
2026-01-10,DOH,JFK,UK,F,3,5468.39
2026-01-10,DOH,JFK,FR,Y,3,815.04
2026-01-10,DOH,LHR,AE,F,5,4425.71
2026-01-10,DOH,CDG,US,J,1,1949.69
2026-01-10,DOH,JFK,FR,F,5,5106.97
2026-01-10,DOH,CDG,QA,J,3,2224.12
2026-01-10,DOH,CDG,UK,W,1,1162.37
2026-01-10,DOH,DXB,QA,F,6,4959.31
2026-01-10,DOH,CDG,UK,F,2,4274.66
2026-01-10,DOH,JFK,AE,Y,3,781.42
2026-01-10,DOH,LHR,QA,Y,4,529.59
2026-01-10,DOH,DXB,AE,Y,4,548.75
2026-01-10,DOH,JFK,QA,F,3,4674.95
2026-01-10,DOH,DXB,FR,Y,1,844.68
2026-01-10,DOH,JFK,QA,W,1,1094.75
2026-01-10,DOH,DXB,US,F,5,3916.28
2026-01-10,DOH,DXB,US,W,3,810.07
2026-01-10,DOH,JFK,QA,J,2,2149.46
2026-01-10,DOH,DXB,UK,J,5,3165.04
2026-01-10,DOH,JFK,AE,Y,1,576.62
2026-01-10,DOH,CDG,US,J,1,2444.01
2026-01-10,DOH,DXB,UK,J,1,2008.33
2026-01-10,DOH,DXB,QA,Y,2,722.68
2026-01-10,DOH,LHR,AE,W,2,996.51
2026-01-10,DOH,DXB,US,W,1,871.2
2026-01-10,DOH,CDG,AE,J,1,2281.14
2026-01-10,DOH,CDG,FR,F,2,4255.66
2026-01-10,DOH,LHR,UK,J,2,2928.22
2026-01-10,DOH,DXB,US,W,3,898.02
2026-01-10,DOH,LHR,QA,W,3,959.73
2026-01-10,DOH,JFK,QA,F,1,5291.39
2026-01-10,DOH,DXB,QA,J,4,1837.59
2026-01-10,DOH,LHR,AE,J,2,1926.27
2026-01-10,DOH,JFK,AE,Y,3,839.97
2026-01-10,DOH,DXB,AE,F,3,4687.44
2026-01-10,DOH,JFK,US,Y,3,545.11
2026-01-10,DOH,JFK,UK,F,10,4043.04
2026-01-10,DOH,CDG,UK,J,2,2492.13
2026-01-10,DOH,LHR,UK,J,5,2599.89
2026-01-10,DOH,CDG,US,Y,2,597.51
2026-01-10,DOH,JFK,UK,Y,5,546.13
2026-01-10,DOH,LHR,US,W,4,915.85
2026-01-10,DOH,LHR,QA,J,5,3039.66
2026-01-10,DOH,DXB,QA,W,4,813.49
2026-01-10,DOH,LHR,AE,J,3,3114.36
2026-01-10,DOH,JFK,AE,F,5,5207.18
2026-01-10,DOH,JFK,US,F,5,4145.7
2026-01-10,DOH,DXB,UK,W,2,928.56
2026-01-11,DOH,DXB,UK,F,1,5306.26
2026-01-11,DOH,CDG,FR,F,3,5269.32
2026-01-11,DOH,LHR,AE,W,1,808.13
2026-01-11,DOH,DXB,FR,Y,1,569.99
2026-01-11,DOH,DXB,FR,W,6,1095.74
2026-01-11,DOH,LHR,US,W,3,825.48
2026-01-11,DOH,JFK,UK,Y,1,561.44
2026-01-11,DOH,LHR,FR,J,3,2140.88
2026-01-11,DOH,CDG,UK,J,3,2098.81
2026-01-11,DOH,LHR,UK,Y,4,890.25
2026-01-11,DOH,CDG,UK,J,2,3165.98
2026-01-11,DOH,CDG,FR,J,5,1845.72
2026-01-11,DOH,JFK,AE,J,6,2010.71
2026-01-11,DOH,DXB,QA,Y,1,699.52
2026-01-11,DOH,CDG,QA,Y,6,730.93
2026-01-11,DOH,JFK,US,F,4,3963.45
2026-01-11,DOH,CDG,AE,Y,4,708.83
2026-01-11,DOH,JFK,US,W,3,993.21
2026-01-11,DOH,CDG,US,Y,4,541.0
2026-01-11,DOH,DXB,AE,F,4,5163.92
2026-01-11,DOH,JFK,FR,Y,1,783.2
2026-01-11,DOH,LHR,AE,J,3,2985.78
2026-01-11,DOH,LHR,QA,J,3,2633.11
2026-01-11,DOH,DXB,AE,Y,5,526.93
2026-01-11,DOH,DXB,QA,W,3,842.84
2026-01-11,DOH,DXB,AE,F,5,4679.57
2026-01-11,DOH,CDG,UK,W,6,1080.91
2026-01-11,DOH,JFK,QA,F,4,4003.79
2026-01-11,DOH,LHR,UK,J,2,3126.38
2026-01-11,DOH,CDG,UK,W,5,930.35
2026-01-11,DOH,CDG,US,W,3,1140.08
2026-01-11,DOH,CDG,US,J,5,2546.76
2026-01-11,DOH,LHR,QA,F,4,5367.76
2026-01-11,DOH,JFK,UK,F,3,4044.94
2026-01-11,DOH,CDG,US,J,6,2388.69
2026-01-11,DOH,JFK,QA,F,5,5187.17
2026-01-11,DOH,DXB,UK,J,1,3150.18
2026-01-11,DOH,LHR,AE,F,5,3622.67
2026-01-11,DOH,JFK,UK,F,3,4681.89
2026-01-11,DOH,DXB,FR,F,5,4592.41
2026-01-11,DOH,LHR,AE,W,4,1186.31
2026-01-11,DOH,JFK,AE,W,4,830.87
2026-01-11,DOH,CDG,US,J,4,2336.1
2026-01-11,DOH,JFK,AE,J,4,2856.28
2026-01-11,DOH,DXB,UK,W,4,812.33
2026-01-11,DOH,LHR,FR,F,4,4793.13
2026-01-11,DOH,JFK,FR,J,2,2803.45
2026-01-11,DOH,DXB,US,W,2,968.42
2026-01-11,DOH,LHR,UK,W,4,902.24
2026-01-11,DOH,CDG,AE,F,1,4367.91
2026-01-11,DOH,LHR,QA,F,5,4828.83
2026-01-11,DOH,DXB,FR,Y,2,693.25
2026-01-11,DOH,LHR,AE,F,2,4537.91
2026-01-11,DOH,DXB,US,W,5,919.81
2026-01-11,DOH,LHR,FR,W,5,1015.56
2026-01-11,DOH,CDG,FR,F,1,4015.05
2026-01-11,DOH,DXB,UK,J,2,3036.81
2026-01-11,DOH,DXB,UK,W,1,1111.77
2026-01-11,DOH,JFK,UK,Y,2,563.97
2026-01-11,DOH,JFK,QA,F,3,4068.22
2026-01-12,DOH,DXB,FR,Y,4,518.05
2026-01-12,DOH,CDG,FR,F,1,3514.89
2026-01-12,DOH,DXB,AE,W,2,1005.22
2026-01-12,DOH,DXB,AE,J,5,2562.89
2026-01-12,DOH,CDG,UK,Y,3,822.64
2026-01-12,DOH,CDG,AE,W,4,861.96
2026-01-12,DOH,LHR,FR,Y,1,787.49
2026-01-12,DOH,LHR,UK,Y,2,683.27
2026-01-12,DOH,LHR,AE,F,4,3866.07
2026-01-12,DOH,DXB,UK,Y,1,617.25
2026-01-12,DOH,CDG,AE,F,1,5136.93
2026-01-12,DOH,DXB,AE,Y,4,735.3
2026-01-12,DOH,DXB,UK,Y,4,572.24
2026-01-12,DOH,DXB,UK,J,5,1960.36
2026-01-12,DOH,JFK,AE,Y,5,682.29
2026-01-12,DOH,JFK,QA,F,1,4657.27
2026-01-12,DOH,LHR,FR,F,3,5124.92
2026-01-12,DOH,JFK,UK,Y,2,827.6
2026-01-12,DOH,JFK,FR,F,4,4321.03
2026-01-12,DOH,DXB,UK,W,1,1008.53
2026-01-12,DOH,CDG,US,W,5,1072.28
2026-01-12,DOH,JFK,AE,J,5,2865.57
2026-01-12,DOH,DXB,QA,J,3,2574.84
2026-01-12,DOH,DXB,US,J,1,1946.91
2026-01-12,DOH,CDG,AE,J,6,1908.11
2026-01-12,DOH,JFK,FR,J,6,2478.7
2026-01-12,DOH,DXB,AE,F,5,4113.56
2026-01-12,DOH,LHR,US,Y,3,704.62
2026-01-12,DOH,DXB,QA,Y,1,733.62
2026-01-12,DOH,LHR,US,W,4,1119.44
2026-01-12,DOH,DXB,FR,J,1,2603.7
2026-01-12,DOH,JFK,US,J,2,3081.73
2026-01-12,DOH,JFK,AE,Y,3,774.91
2026-01-12,DOH,LHR,QA,W,7,1003.14
2026-01-12,DOH,LHR,AE,F,4,3717.51
2026-01-12,DOH,JFK,US,J,1,1810.86
2026-01-12,DOH,DXB,AE,F,5,5354.23
2026-01-12,DOH,DXB,QA,W,6,871.68
2026-01-12,DOH,DXB,UK,W,5,1102.32
2026-01-12,DOH,DXB,FR,J,1,3008.72
2026-01-12,DOH,DXB,FR,F,5,5283.0
2026-01-12,DOH,JFK,AE,Y,5,771.48
2026-01-12,DOH,CDG,US,Y,4,896.52
2026-01-12,DOH,CDG,QA,J,6,1959.65
2026-01-12,DOH,DXB,UK,J,6,2001.65
2026-01-12,DOH,CDG,QA,F,2,3857.17
2026-01-12,DOH,JFK,QA,J,3,2691.24
2026-01-12,DOH,LHR,FR,Y,2,852.42
2026-01-12,DOH,LHR,AE,J,5,2831.23
2026-01-12,DOH,JFK,US,W,6,1172.81
2026-01-12,DOH,CDG,US,F,3,4148.57
2026-01-12,DOH,CDG,AE,Y,3,623.87
2026-01-12,DOH,JFK,FR,Y,2,741.51
2026-01-12,DOH,LHR,AE,W,5,1188.15
2026-01-12,DOH,JFK,UK,F,2,4747.94
2026-01-12,DOH,JFK,QA,F,4,4577.71
2026-01-12,DOH,LHR,FR,F,9,4015.09
2026-01-12,DOH,DXB,FR,F,10,5487.52
2026-01-12,DOH,CDG,FR,J,3,3148.56
2026-01-12,DOH,LHR,FR,F,4,5186.26
2026-01-13,DOH,DXB,QA,J,1,3197.1
2026-01-13,DOH,CDG,AE,Y,4,827.54
2026-01-13,DOH,DXB,QA,J,5,2084.26
2026-01-13,DOH,DXB,FR,W,2,1052.38
2026-01-13,DOH,LHR,QA,Y,3,857.4
2026-01-13,DOH,DXB,AE,W,5,940.08
2026-01-13,DOH,CDG,US,W,2,902.36
2026-01-13,DOH,DXB,AE,W,3,1082.41
2026-01-13,DOH,CDG,UK,F,6,4897.66
2026-01-13,DOH,LHR,QA,W,2,868.43
2026-01-13,DOH,CDG,US,F,3,4436.06
2026-01-13,DOH,DXB,QA,F,2,3796.85
2026-01-13,DOH,JFK,QA,Y,4,743.95
2026-01-13,DOH,DXB,US,F,2,5461.81
2026-01-13,DOH,LHR,QA,Y,2,853.93
2026-01-13,DOH,CDG,UK,W,1,1149.46
2026-01-13,DOH,CDG,US,W,4,1125.06
2026-01-13,DOH,LHR,UK,F,3,4599.04
2026-01-13,DOH,LHR,US,F,2,4454.51
2026-01-13,DOH,CDG,FR,W,2,1159.74
2026-01-13,DOH,JFK,UK,W,4,939.06
2026-01-13,DOH,DXB,AE,Y,3,766.13
2026-01-13,DOH,LHR,AE,Y,1,799.09
2026-01-13,DOH,JFK,AE,F,1,3564.17
2026-01-13,DOH,CDG,FR,Y,3,590.88
2026-01-13,DOH,DXB,FR,W,5,849.31
2026-01-13,DOH,DXB,FR,Y,3,835.63
2026-01-13,DOH,JFK,FR,J,4,1864.75
2026-01-13,DOH,LHR,AE,Y,1,792.25
2026-01-13,DOH,CDG,US,J,4,1969.45
2026-01-13,DOH,DXB,QA,W,2,1005.84
2026-01-13,DOH,LHR,US,Y,2,589.74
2026-01-13,DOH,LHR,FR,Y,1,857.82
2026-01-13,DOH,DXB,UK,Y,3,797.09
2026-01-13,DOH,LHR,UK,W,1,1119.78
2026-01-13,DOH,CDG,UK,Y,1,650.6
2026-01-13,DOH,LHR,UK,Y,3,781.24
2026-01-13,DOH,JFK,QA,Y,3,665.04
2026-01-13,DOH,LHR,QA,J,4,2962.27
2026-01-13,DOH,LHR,US,Y,4,747.69
2026-01-13,DOH,DXB,FR,F,4,3937.66
2026-01-13,DOH,CDG,AE,Y,2,630.35
2026-01-13,DOH,JFK,UK,Y,5,546.24
2026-01-13,DOH,CDG,FR,W,2,1059.47
2026-01-13,DOH,CDG,US,J,4,2811.56
2026-01-13,DOH,LHR,UK,J,3,2676.53
2026-01-13,DOH,CDG,QA,W,2,940.98
2026-01-13,DOH,JFK,QA,W,2,1072.12
2026-01-13,DOH,LHR,FR,W,3,1022.85
2026-01-13,DOH,DXB,US,F,2,5361.6
2026-01-13,DOH,LHR,QA,J,1,3098.9
2026-01-13,DOH,LHR,AE,Y,1,551.97
2026-01-13,DOH,LHR,QA,Y,1,574.33
2026-01-13,DOH,LHR,AE,J,6,2408.96
2026-01-13,DOH,JFK,UK,J,1,2533.5
2026-01-13,DOH,JFK,QA,F,1,3725.74
2026-01-13,DOH,JFK,QA,W,1,1086.55
2026-01-13,DOH,DXB,US,F,4,5404.17
2026-01-13,DOH,DXB,US,Y,7,706.82
2026-01-13,DOH,CDG,FR,W,3,802.88
2026-01-14,DOH,CDG,FR,Y,4,662.77
2026-01-14,DOH,DXB,UK,F,3,5205.13
2026-01-14,DOH,CDG,FR,Y,5,713.78
2026-01-14,DOH,JFK,UK,Y,2,585.64
2026-01-14,DOH,DXB,QA,Y,3,682.2
2026-01-14,DOH,DXB,UK,F,1,4633.46
2026-01-14,DOH,LHR,UK,W,4,1184.64
2026-01-14,DOH,LHR,FR,Y,4,557.08
2026-01-14,DOH,DXB,US,Y,5,857.06
2026-01-14,DOH,DXB,US,W,4,1078.75
2026-01-14,DOH,LHR,QA,F,4,4964.17
2026-01-14,DOH,DXB,US,Y,6,880.46
2026-01-14,DOH,DXB,UK,F,2,3876.28
2026-01-14,DOH,JFK,US,W,4,839.28
2026-01-14,DOH,JFK,AE,F,3,4837.64
2026-01-14,DOH,CDG,AE,W,2,1167.99
2026-01-14,DOH,JFK,AE,J,5,2566.29
2026-01-14,DOH,CDG,FR,Y,4,728.33
2026-01-14,DOH,CDG,UK,F,3,4697.99
2026-01-14,DOH,LHR,US,W,5,1097.99
2026-01-14,DOH,LHR,UK,Y,2,821.64
2026-01-14,DOH,LHR,FR,F,2,4072.18
2026-01-14,DOH,CDG,AE,W,4,927.95
2026-01-14,DOH,CDG,QA,J,6,1854.22
2026-01-14,DOH,DXB,US,Y,4,571.04
2026-01-14,DOH,JFK,UK,F,3,4922.13
2026-01-14,DOH,LHR,FR,Y,7,804.84
2026-01-14,DOH,CDG,QA,Y,1,593.5
2026-01-14,DOH,DXB,FR,J,3,2149.1
2026-01-14,DOH,LHR,US,J,3,3065.62
2026-01-14,DOH,DXB,UK,Y,1,585.52
2026-01-14,DOH,LHR,US,F,5,5430.98
2026-01-14,DOH,JFK,AE,Y,1,547.86
2026-01-14,DOH,DXB,FR,Y,4,539.43
2026-01-14,DOH,JFK,AE,J,5,2187.46
2026-01-14,DOH,DXB,FR,F,1,5024.39
2026-01-14,DOH,JFK,FR,F,1,5290.55
2026-01-14,DOH,JFK,AE,W,2,817.06
2026-01-14,DOH,LHR,AE,F,3,5334.07
2026-01-14,DOH,CDG,UK,F,2,5420.26
2026-01-14,DOH,JFK,US,F,5,4024.16
2026-01-14,DOH,LHR,AE,F,1,5005.85
2026-01-14,DOH,CDG,QA,J,2,2574.91
2026-01-14,DOH,DXB,AE,J,1,3196.18
2026-01-14,DOH,DXB,UK,W,3,857.68
2026-01-14,DOH,JFK,QA,W,4,1060.67
2026-01-14,DOH,LHR,QA,W,1,848.99
2026-01-14,DOH,DXB,AE,Y,3,796.18
2026-01-14,DOH,CDG,FR,Y,3,724.58
2026-01-14,DOH,DXB,QA,W,5,802.34
2026-01-14,DOH,CDG,QA,W,5,1044.24
2026-01-14,DOH,DXB,QA,W,2,1190.56
2026-01-14,DOH,DXB,QA,J,1,2289.99
2026-01-14,DOH,DXB,UK,J,2,2020.1
2026-01-14,DOH,JFK,AE,J,4,1984.73
2026-01-14,DOH,LHR,QA,Y,1,580.64
2026-01-14,DOH,CDG,FR,F,4,4811.54
2026-01-14,DOH,DXB,QA,F,1,5291.06
2026-01-14,DOH,CDG,QA,W,3,972.96
2026-01-14,DOH,LHR,FR,J,3,2147.9
2026-01-15,DOH,JFK,US,Y,3,875.35
2026-01-15,DOH,LHR,AE,J,4,3026.98
2026-01-15,DOH,DXB,US,W,3,861.97
2026-01-15,DOH,DXB,FR,F,1,3691.69
2026-01-15,DOH,CDG,AE,Y,4,692.24
2026-01-15,DOH,CDG,AE,W,1,869.53
2026-01-15,DOH,LHR,US,Y,2,641.22
2026-01-15,DOH,LHR,US,W,3,918.91
2026-01-15,DOH,CDG,FR,W,2,952.18
2026-01-15,DOH,CDG,FR,Y,1,679.47
2026-01-15,DOH,JFK,AE,J,2,2568.04
2026-01-15,DOH,DXB,US,Y,3,520.95
2026-01-15,DOH,JFK,QA,W,2,1091.25
2026-01-15,DOH,LHR,FR,W,5,805.24
2026-01-15,DOH,DXB,AE,W,1,891.15
2026-01-15,DOH,LHR,UK,J,1,1895.28
2026-01-15,DOH,CDG,FR,J,6,2988.25
2026-01-15,DOH,CDG,AE,F,4,3716.15
2026-01-15,DOH,LHR,US,F,1,3946.91
2026-01-15,DOH,DXB,AE,F,3,3911.37
2026-01-15,DOH,JFK,UK,W,2,827.68
2026-01-15,DOH,CDG,UK,J,2,2483.87
2026-01-15,DOH,CDG,QA,F,4,5418.06
2026-01-15,DOH,CDG,FR,F,2,4176.4
2026-01-15,DOH,JFK,AE,J,6,1838.84
2026-01-15,DOH,DXB,QA,W,1,869.13
2026-01-15,DOH,CDG,UK,F,4,3546.63
2026-01-15,DOH,JFK,QA,W,1,1054.27
2026-01-15,DOH,LHR,QA,Y,8,782.62
2026-01-15,DOH,DXB,FR,Y,2,750.64
2026-01-15,DOH,JFK,UK,Y,3,709.61
2026-01-15,DOH,LHR,US,F,3,4816.69
2026-01-15,DOH,CDG,UK,Y,3,567.38
2026-01-15,DOH,CDG,FR,F,2,3657.97
2026-01-15,DOH,LHR,AE,W,4,812.68
2026-01-15,DOH,LHR,FR,J,3,2782.66
2026-01-15,DOH,DXB,UK,Y,1,543.35
2026-01-15,DOH,LHR,QA,J,5,3172.15
2026-01-15,DOH,JFK,FR,F,1,4450.35
2026-01-15,DOH,CDG,US,F,2,5185.54
2026-01-15,DOH,JFK,FR,W,2,856.49
2026-01-15,DOH,CDG,UK,J,4,2553.78
2026-01-15,DOH,LHR,US,J,1,2280.65
2026-01-15,DOH,CDG,US,J,2,2143.45
2026-01-15,DOH,JFK,QA,F,2,4741.68
2026-01-15,DOH,CDG,FR,Y,3,560.8
2026-01-15,DOH,LHR,UK,F,4,3515.47
2026-01-15,DOH,JFK,QA,W,6,938.49
2026-01-15,DOH,JFK,FR,W,5,1112.73
2026-01-15,DOH,JFK,FR,Y,7,708.65
2026-01-15,DOH,JFK,US,Y,1,625.36
2026-01-15,DOH,DXB,US,J,4,2878.01
2026-01-15,DOH,LHR,UK,W,3,877.03
2026-01-15,DOH,DXB,QA,J,4,3104.86
2026-01-15,DOH,JFK,UK,Y,3,614.78
2026-01-15,DOH,LHR,QA,W,1,858.89
2026-01-15,DOH,JFK,UK,F,2,4668.18
2026-01-15,DOH,DXB,QA,W,2,888.68
2026-01-15,DOH,CDG,US,W,3,1018.26
2026-01-15,DOH,JFK,UK,W,7,931.68
2026-01-16,DOH,CDG,FR,F,3,3552.48
2026-01-16,DOH,LHR,FR,W,9,1093.7
2026-01-16,DOH,CDG,QA,F,2,5139.77
2026-01-16,DOH,DXB,US,F,2,4361.64
2026-01-16,DOH,LHR,FR,W,4,953.64
2026-01-16,DOH,CDG,FR,Y,3,737.55
2026-01-16,DOH,JFK,QA,J,3,3151.7
2026-01-16,DOH,LHR,FR,F,2,5125.15
2026-01-16,DOH,DXB,UK,F,2,5224.0
2026-01-16,DOH,LHR,US,F,5,3877.43
2026-01-16,DOH,JFK,FR,Y,3,597.81
2026-01-16,DOH,LHR,US,J,4,2684.69
2026-01-16,DOH,DXB,US,W,3,1154.27
2026-01-16,DOH,DXB,US,W,3,1176.17
2026-01-16,DOH,DXB,FR,Y,6,507.44
2026-01-16,DOH,LHR,FR,J,2,2136.14
2026-01-16,DOH,LHR,QA,Y,9,693.33
2026-01-16,DOH,DXB,US,F,4,3600.28
2026-01-16,DOH,CDG,AE,J,2,2929.95
2026-01-16,DOH,JFK,AE,W,2,1008.42
2026-01-16,DOH,JFK,AE,W,1,852.92
2026-01-16,DOH,LHR,US,J,3,2925.31
2026-01-16,DOH,DXB,UK,W,2,835.57
2026-01-16,DOH,JFK,UK,J,3,1914.4
2026-01-16,DOH,CDG,US,W,1,935.13
2026-01-16,DOH,LHR,AE,Y,2,808.88
2026-01-16,DOH,JFK,AE,F,5,5375.21
2026-01-16,DOH,DXB,AE,J,2,1837.3
2026-01-16,DOH,CDG,FR,J,1,1932.75
2026-01-16,DOH,LHR,QA,W,3,1022.4
2026-01-16,DOH,LHR,US,F,5,4887.49
2026-01-16,DOH,DXB,FR,F,3,4922.82
2026-01-16,DOH,CDG,FR,W,4,1121.95
2026-01-16,DOH,DXB,FR,Y,1,560.44
2026-01-16,DOH,LHR,FR,J,2,2428.1
2026-01-16,DOH,LHR,FR,Y,2,673.22
2026-01-16,DOH,CDG,UK,F,2,3859.83
2026-01-16,DOH,LHR,UK,J,3,2195.76
2026-01-16,DOH,DXB,UK,Y,4,596.41
2026-01-16,DOH,CDG,QA,Y,3,590.67
2026-01-16,DOH,CDG,UK,F,4,5222.05
2026-01-16,DOH,JFK,QA,Y,1,704.77
2026-01-16,DOH,CDG,QA,W,1,986.67
2026-01-16,DOH,JFK,QA,Y,2,722.7
2026-01-16,DOH,JFK,UK,F,4,4186.13
2026-01-16,DOH,CDG,FR,Y,4,691.98
2026-01-16,DOH,DXB,US,W,2,1081.84
2026-01-16,DOH,CDG,QA,J,1,2338.92
2026-01-16,DOH,JFK,US,W,1,1180.13
2026-01-16,DOH,CDG,AE,J,1,2791.43
2026-01-16,DOH,LHR,UK,Y,5,818.92
2026-01-16,DOH,DXB,UK,W,2,921.82
2026-01-16,DOH,LHR,QA,Y,3,594.35
2026-01-16,DOH,JFK,AE,F,4,5022.83
2026-01-16,DOH,JFK,AE,Y,2,848.92
2026-01-16,DOH,CDG,UK,Y,3,689.38
2026-01-16,DOH,JFK,AE,Y,3,642.38
2026-01-16,DOH,CDG,QA,W,2,1082.59
2026-01-16,DOH,JFK,FR,Y,1,695.16
2026-01-16,DOH,LHR,FR,W,2,935.84
2026-01-17,DOH,CDG,AE,J,4,2620.32
2026-01-17,DOH,DXB,FR,F,3,3863.78
2026-01-17,DOH,JFK,QA,W,2,921.58
2026-01-17,DOH,LHR,QA,Y,3,579.53
2026-01-17,DOH,JFK,QA,W,6,1162.89
2026-01-17,DOH,LHR,AE,W,3,880.94
2026-01-17,DOH,DXB,FR,J,1,2001.32
2026-01-17,DOH,DXB,QA,J,3,2204.98
2026-01-17,DOH,JFK,FR,J,4,2239.23
2026-01-17,DOH,CDG,QA,Y,4,785.56
2026-01-17,DOH,DXB,UK,J,2,2967.24
2026-01-17,DOH,LHR,UK,W,1,1062.98
2026-01-17,DOH,DXB,AE,Y,2,875.85
2026-01-17,DOH,CDG,UK,W,6,1022.14
2026-01-17,DOH,JFK,AE,F,2,5144.8
2026-01-17,DOH,JFK,QA,W,5,1027.15
2026-01-17,DOH,DXB,UK,J,3,1932.45
2026-01-17,DOH,CDG,US,Y,4,843.05
2026-01-17,DOH,JFK,QA,W,3,854.24
2026-01-17,DOH,LHR,AE,W,3,871.12
2026-01-17,DOH,CDG,AE,F,3,5396.23
2026-01-17,DOH,JFK,AE,Y,4,703.36
2026-01-17,DOH,LHR,US,Y,4,577.74
2026-01-17,DOH,LHR,QA,Y,4,863.92
2026-01-17,DOH,LHR,QA,Y,1,536.08
2026-01-17,DOH,LHR,AE,J,5,2849.51
2026-01-17,DOH,JFK,US,J,4,2440.19
2026-01-17,DOH,JFK,FR,Y,5,638.13
2026-01-17,DOH,CDG,QA,Y,3,740.31
2026-01-17,DOH,LHR,QA,F,1,5407.52
2026-01-17,DOH,JFK,QA,Y,2,746.47
2026-01-17,DOH,LHR,FR,J,6,3052.56
2026-01-17,DOH,JFK,US,F,4,4218.89
2026-01-17,DOH,JFK,UK,J,2,2474.47
2026-01-17,DOH,DXB,QA,W,7,1162.3
2026-01-17,DOH,JFK,UK,J,2,2427.56
2026-01-17,DOH,JFK,FR,W,2,1013.47
2026-01-17,DOH,CDG,UK,F,4,5110.43
2026-01-17,DOH,JFK,QA,W,3,900.6
2026-01-17,DOH,JFK,QA,Y,3,798.63
2026-01-17,DOH,CDG,UK,F,2,3848.98
2026-01-17,DOH,DXB,FR,Y,5,571.22
2026-01-17,DOH,JFK,FR,Y,1,521.23
2026-01-17,DOH,DXB,AE,F,2,5379.09
2026-01-17,DOH,DXB,QA,F,4,5215.55
2026-01-17,DOH,DXB,QA,Y,2,690.35
2026-01-17,DOH,JFK,AE,F,4,4425.97
2026-01-17,DOH,DXB,UK,F,3,5091.17
2026-01-17,DOH,JFK,QA,F,3,3908.16
2026-01-17,DOH,JFK,QA,W,2,1180.7
2026-01-17,DOH,CDG,UK,J,8,2779.32
2026-01-17,DOH,LHR,QA,F,3,4400.81
2026-01-17,DOH,JFK,US,W,4,1129.11
2026-01-17,DOH,JFK,FR,W,2,1089.06
2026-01-17,DOH,CDG,UK,W,3,868.71
2026-01-17,DOH,CDG,QA,F,3,3982.72
2026-01-17,DOH,DXB,AE,Y,3,591.84
2026-01-17,DOH,DXB,QA,W,4,859.39
2026-01-17,DOH,LHR,FR,F,2,4243.45
2026-01-17,DOH,CDG,FR,Y,5,864.7
2026-01-18,DOH,CDG,US,W,3,1131.26
2026-01-18,DOH,LHR,US,Y,2,843.66
2026-01-18,DOH,LHR,FR,Y,5,709.56
2026-01-18,DOH,CDG,UK,Y,3,689.96
2026-01-18,DOH,CDG,UK,J,1,2844.08
2026-01-18,DOH,JFK,US,Y,7,842.86
2026-01-18,DOH,DXB,UK,F,1,4814.09
2026-01-18,DOH,LHR,US,Y,6,783.75
2026-01-18,DOH,CDG,QA,J,4,1965.26
2026-01-18,DOH,DXB,AE,W,1,815.6
2026-01-18,DOH,LHR,US,Y,3,557.84
2026-01-18,DOH,CDG,QA,W,5,1156.28
2026-01-18,DOH,CDG,QA,W,4,828.24
2026-01-18,DOH,LHR,UK,W,5,1136.79
2026-01-18,DOH,JFK,QA,Y,2,871.5
2026-01-18,DOH,CDG,UK,W,4,857.38
2026-01-18,DOH,JFK,US,Y,3,739.1
2026-01-18,DOH,DXB,QA,J,1,3041.45
2026-01-18,DOH,DXB,US,W,1,889.98
2026-01-18,DOH,CDG,US,W,7,923.68
2026-01-18,DOH,JFK,UK,J,2,2560.75
2026-01-18,DOH,CDG,US,Y,4,875.29
2026-01-18,DOH,LHR,FR,Y,5,872.76
2026-01-18,DOH,JFK,UK,J,6,3014.55
2026-01-18,DOH,LHR,AE,F,1,4382.79
2026-01-18,DOH,LHR,QA,F,1,4850.05
2026-01-18,DOH,CDG,QA,J,3,2701.61
2026-01-18,DOH,LHR,QA,W,4,1098.21
2026-01-18,DOH,DXB,US,F,1,4808.99
2026-01-18,DOH,CDG,QA,Y,3,879.14
2026-01-18,DOH,LHR,FR,W,3,816.32
2026-01-18,DOH,DXB,FR,W,4,1086.22
2026-01-18,DOH,CDG,US,J,4,1885.4
2026-01-18,DOH,JFK,US,W,1,950.78
2026-01-18,DOH,JFK,AE,F,6,3828.5
2026-01-18,DOH,CDG,US,W,5,1107.89
2026-01-18,DOH,CDG,UK,F,2,4550.95
2026-01-18,DOH,JFK,AE,W,4,901.95
2026-01-18,DOH,CDG,QA,J,1,3129.34
2026-01-18,DOH,CDG,QA,J,3,3112.35
2026-01-18,DOH,DXB,QA,J,1,2492.68
2026-01-18,DOH,LHR,FR,J,2,1954.75
2026-01-18,DOH,LHR,US,W,1,806.66
2026-01-18,DOH,LHR,FR,W,2,933.93
2026-01-18,DOH,LHR,QA,J,1,2704.07
2026-01-18,DOH,JFK,AE,Y,1,605.57
2026-01-18,DOH,LHR,UK,J,6,2979.88
2026-01-18,DOH,LHR,AE,Y,6,558.68
2026-01-18,DOH,CDG,US,F,1,4316.23
2026-01-18,DOH,CDG,AE,W,2,1048.75
2026-01-18,DOH,JFK,UK,Y,1,516.11
2026-01-18,DOH,JFK,UK,W,4,983.08
2026-01-18,DOH,LHR,UK,Y,2,580.55
2026-01-18,DOH,DXB,US,W,3,1178.47
2026-01-18,DOH,LHR,FR,J,2,2325.95
2026-01-18,DOH,DXB,FR,Y,4,834.31
2026-01-18,DOH,CDG,AE,W,1,1112.61
2026-01-18,DOH,DXB,FR,F,6,5262.41
2026-01-18,DOH,JFK,UK,W,6,1142.93
2026-01-18,DOH,DXB,AE,F,5,5394.84
2026-01-19,DOH,CDG,FR,W,5,1199.59
2026-01-19,DOH,LHR,UK,W,3,812.68
2026-01-19,DOH,JFK,AE,J,1,2906.1
2026-01-19,DOH,DXB,QA,J,6,2637.61
2026-01-19,DOH,DXB,FR,F,3,4949.36
2026-01-19,DOH,DXB,US,W,4,821.78
2026-01-19,DOH,DXB,AE,W,4,827.9
2026-01-19,DOH,DXB,AE,W,1,1018.85
2026-01-19,DOH,DXB,US,Y,3,517.99
2026-01-19,DOH,CDG,AE,J,2,2493.66
2026-01-19,DOH,JFK,AE,F,7,3886.43
2026-01-19,DOH,CDG,QA,W,1,932.14
2026-01-19,DOH,JFK,UK,J,4,2845.92
2026-01-19,DOH,JFK,US,F,4,5360.84
2026-01-19,DOH,CDG,QA,J,3,1995.35
2026-01-19,DOH,CDG,FR,J,5,2303.12
2026-01-19,DOH,JFK,FR,J,3,2567.75
2026-01-19,DOH,CDG,QA,F,2,4841.49
2026-01-19,DOH,DXB,QA,Y,2,899.4
2026-01-19,DOH,CDG,UK,J,6,2513.32
2026-01-19,DOH,CDG,FR,F,2,4873.65
2026-01-19,DOH,DXB,AE,W,3,1121.43
2026-01-19,DOH,CDG,UK,Y,5,718.08
2026-01-19,DOH,DXB,US,J,3,2180.18
2026-01-19,DOH,CDG,AE,W,4,998.09
2026-01-19,DOH,CDG,AE,Y,1,720.59
2026-01-19,DOH,LHR,UK,W,2,1029.0
2026-01-19,DOH,DXB,QA,J,4,2946.14
2026-01-19,DOH,JFK,US,F,1,5295.35
2026-01-19,DOH,DXB,UK,J,3,2698.02
2026-01-19,DOH,LHR,US,F,4,3928.18
2026-01-19,DOH,CDG,AE,F,1,3810.04
2026-01-19,DOH,LHR,US,F,4,4458.03
2026-01-19,DOH,JFK,QA,J,3,2583.48
2026-01-19,DOH,JFK,FR,F,2,5107.54
2026-01-19,DOH,JFK,FR,J,2,2278.55
2026-01-19,DOH,DXB,FR,F,5,4831.6
2026-01-19,DOH,DXB,QA,W,1,920.02
2026-01-19,DOH,JFK,QA,Y,3,707.67
2026-01-19,DOH,DXB,QA,J,1,2918.02
2026-01-19,DOH,DXB,QA,F,1,5069.56
2026-01-19,DOH,LHR,UK,F,1,4370.13
2026-01-19,DOH,JFK,AE,Y,4,861.27
2026-01-19,DOH,JFK,QA,F,7,5161.66
2026-01-19,DOH,LHR,AE,J,3,3088.24
2026-01-19,DOH,CDG,FR,Y,4,821.18
2026-01-19,DOH,CDG,US,F,2,4092.77
2026-01-19,DOH,JFK,AE,F,5,4000.71
2026-01-19,DOH,CDG,AE,J,3,2199.44
2026-01-19,DOH,CDG,QA,W,1,876.69
2026-01-19,DOH,CDG,UK,Y,5,795.66
2026-01-19,DOH,CDG,US,F,2,4146.46
2026-01-19,DOH,LHR,QA,Y,1,576.52
2026-01-19,DOH,DXB,US,F,7,5115.13
2026-01-19,DOH,LHR,AE,W,1,1003.82
2026-01-19,DOH,CDG,QA,W,5,992.45
2026-01-19,DOH,JFK,QA,J,2,2246.8
2026-01-19,DOH,DXB,UK,W,1,1072.19
2026-01-19,DOH,DXB,UK,Y,3,721.3
2026-01-19,DOH,LHR,UK,J,4,2338.37
